# Blender 5.1.0
# www.blender.org
mtllib titleFont.mtl
o Text
v -15.197494 -0.398520 -0.989452
v -15.137600 -0.433693 -0.989452
v -15.077644 -0.465368 -0.989452
v -15.017125 -0.493577 -0.989452
v -14.955544 -0.518349 -0.989452
v -14.892403 -0.539718 -0.989452
v -14.827198 -0.557713 -0.989452
v -14.759434 -0.572367 -0.989452
v -14.688608 -0.583709 -0.989452
v -14.614223 -0.591772 -0.989452
v -14.535775 -0.596588 -0.989452
v -14.452769 -0.598186 -0.989452
v -14.301208 -0.587686 -0.989452
v -14.161513 -0.557291 -0.989452
v -14.033937 -0.508657 -0.989452
v -13.918731 -0.443438 -0.989452
v -13.816141 -0.363289 -0.989452
v -13.726419 -0.269867 -0.989452
v -13.649817 -0.164826 -0.989452
v -13.586580 -0.049822 -0.989452
v -13.536962 0.073490 -0.989452
v -13.501210 0.203455 -0.989452
v -13.479577 0.338417 -0.989452
v -13.472310 0.476721 -0.989452
v -13.480244 0.625389 -0.989452
v -13.503544 0.765061 -0.989452
v -13.541460 0.894990 -0.989452
v -13.593245 1.014424 -0.989452
v -13.658146 1.122614 -0.989452
v -13.735416 1.218811 -0.989452
v -13.824305 1.302265 -0.989452
v -13.924062 1.372226 -0.989452
v -14.033938 1.427945 -0.989452
v -14.153185 1.468673 -0.989452
v -14.281052 1.493659 -0.989452
v -14.416789 1.502155 -0.989452
v -14.546474 1.494555 -0.989452
v -14.667588 1.471713 -0.989452
v -14.779613 1.433568 -0.989452
v -14.882032 1.380055 -0.989452
v -14.974333 1.311114 -0.989452
v -15.055999 1.226682 -0.989452
v -15.126514 1.126695 -0.989452
v -15.185366 1.011093 -0.989452
v -15.232035 0.879811 -0.989452
v -15.266008 0.732788 -0.989452
v -15.286770 0.569961 -0.989452
v -15.293805 0.391268 -0.989452
v -13.872590 0.391268 -0.989452
v -13.891792 0.295235 -0.989452
v -13.917897 0.207307 -0.989452
v -13.950873 0.127531 -0.989452
v -13.990690 0.055953 -0.989452
v -14.037315 -0.007379 -0.989452
v -14.090717 -0.062419 -0.989452
v -14.150867 -0.109120 -0.989452
v -14.217731 -0.147435 -0.989452
v -14.291279 -0.177316 -0.989452
v -14.371480 -0.198719 -0.989452
v -14.458302 -0.211594 -0.989452
v -14.551715 -0.215897 -0.989452
v -14.612160 -0.214038 -0.989452
v -14.672107 -0.208526 -0.989452
v -14.731615 -0.199453 -0.989452
v -14.790750 -0.186913 -0.989452
v -14.849571 -0.171000 -0.989452
v -14.908142 -0.151807 -0.989452
v -14.966527 -0.129429 -0.989452
v -15.024786 -0.103959 -0.989452
v -15.082983 -0.075490 -0.989452
v -15.141180 -0.044117 -0.989452
v -15.199440 -0.009932 -0.989452
v -15.257824 0.026969 -0.989452
v -15.257824 -0.359817 -0.989452
v -14.891309 0.730690 -0.989452
v -14.878035 0.799792 -0.989452
v -14.858389 0.863648 -0.989452
v -14.832560 0.921975 -0.989452
v -14.800734 0.974493 -0.989452
v -14.763098 1.020920 -0.989452
v -14.719841 1.060976 -0.989452
v -14.671149 1.094380 -0.989452
v -14.617209 1.120849 -0.989452
v -14.558211 1.140104 -0.989452
v -14.494340 1.151864 -0.989452
v -14.425784 1.155846 -0.989452
v -14.351859 1.152122 -0.989452
v -14.283028 1.141042 -0.989452
v -14.219318 1.122747 -0.989452
v -14.160763 1.097378 -0.989452
v -14.107391 1.065076 -0.989452
v -14.059237 1.025980 -0.989452
v -14.016328 0.980232 -0.989452
v -13.978698 0.927972 -0.989452
v -13.946377 0.869340 -0.989452
v -13.919396 0.804477 -0.989452
v -13.897789 0.733524 -0.989452
v -13.881584 0.656621 -0.989452
v -14.898024 0.656621 -0.989452
v -13.029717 0.971484 -0.989452
v -12.976751 1.003222 -0.989452
v -12.926284 1.030899 -0.989452
v -12.877973 1.054735 -0.989452
v -12.831472 1.074948 -0.989452
v -12.786440 1.091756 -0.989452
v -12.742532 1.105379 -0.989453
v -12.699405 1.116035 -0.989453
v -12.656714 1.123942 -0.989453
v -12.614118 1.129319 -0.989453
v -12.571271 1.132385 -0.989453
v -12.527831 1.133358 -0.989453
v -12.439178 1.127723 -0.989453
v -12.355697 1.111141 -0.989453
v -12.277867 1.084096 -0.989453
v -12.206175 1.047073 -0.989453
v -12.141104 1.000554 -0.989453
v -12.083138 0.945025 -0.989453
v -12.032762 0.880969 -0.989453
v -11.990460 0.808871 -0.989453
v -11.956717 0.729214 -0.989453
v -11.932014 0.642483 -0.989453
v -11.916838 0.549163 -0.989453
v -11.911672 0.449736 -0.989453
v -11.917220 0.348685 -0.989453
v -11.933577 0.254864 -0.989453
v -11.960300 0.168571 -0.989453
v -11.996957 0.090101 -0.989453
v -12.043109 0.019752 -0.989453
v -12.098318 -0.042180 -0.989453
v -12.162147 -0.095398 -0.989453
v -12.234159 -0.139605 -0.989452
v -12.313917 -0.174505 -0.989452
v -12.400984 -0.199801 -0.989452
v -12.494922 -0.215197 -0.989452
v -12.595294 -0.220394 -0.989452
v -12.637860 -0.219457 -0.989452
v -12.680225 -0.216646 -0.989452
v -12.722559 -0.211961 -0.989452
v -12.765033 -0.205402 -0.989452
v -12.807819 -0.196970 -0.989452
v -12.851089 -0.186663 -0.989452
v -12.895017 -0.174482 -0.989452
v -12.939771 -0.160427 -0.989452
v -12.985524 -0.144499 -0.989452
v -13.032449 -0.126696 -0.989452
v -13.080717 -0.107019 -0.989452
v -13.130499 -0.085469 -0.989452
v -13.130499 -0.481250 -0.989452
v -13.094334 -0.496778 -0.989452
v -13.053686 -0.511775 -0.989452
v -13.009136 -0.526085 -0.989452
v -12.961259 -0.539551 -0.989452
v -12.910633 -0.552018 -0.989452
v -12.857837 -0.563330 -0.989452
v -12.803448 -0.573330 -0.989452
v -12.748044 -0.581861 -0.989452
v -12.692202 -0.588769 -0.989452
v -12.636500 -0.593896 -0.989452
v -12.581518 -0.597087 -0.989452
v -12.527831 -0.598186 -0.989452
v -12.381054 -0.589612 -0.989452
v -12.242615 -0.564454 -0.989452
v -12.113358 -0.523555 -0.989452
v -11.994126 -0.467757 -0.989452
v -11.885764 -0.397905 -0.989453
v -11.789114 -0.314842 -0.989453
v -11.705019 -0.219410 -0.989453
v -11.634324 -0.112454 -0.989453
v -11.577871 0.005184 -0.989453
v -11.536504 0.132661 -0.989453
v -11.511065 0.269132 -0.989453
v -11.502397 0.413756 -0.989453
v -11.510360 0.575000 -0.989453
v -11.533878 0.725500 -0.989453
v -11.572389 0.864632 -0.989453
v -11.625329 0.991770 -0.989453
v -11.692136 1.106290 -0.989453
v -11.772247 1.207567 -0.989453
v -11.865103 1.294977 -0.989453
v -11.970140 1.367895 -0.989453
v -12.086794 1.425697 -0.989453
v -12.214504 1.467757 -0.989453
v -12.352709 1.493451 -0.989453
v -12.500846 1.502155 -0.989453
v -12.557785 1.501043 -0.989453
v -12.611929 1.497761 -0.989453
v -12.663669 1.492387 -0.989453
v -12.713393 1.484998 -0.989453
v -12.761495 1.475672 -0.989453
v -12.808362 1.464488 -0.989453
v -12.854386 1.451524 -0.989453
v -12.899958 1.436857 -0.989453
v -12.945466 1.420567 -0.989452
v -12.991303 1.402730 -0.989452
v -13.037859 1.383426 -0.989452
v -13.085524 1.362732 -0.989452
v -13.085524 0.935467 -0.989452
v -11.202098 -0.469379 -0.989453
v -11.162107 -0.494597 -0.989453
v -11.125520 -0.516598 -0.989453
v -11.091791 -0.535554 -0.989453
v -11.060374 -0.551636 -0.989453
v -11.030721 -0.565016 -0.989453
v -11.002286 -0.575867 -0.989453
v -10.974522 -0.584360 -0.989453
v -10.946883 -0.590666 -0.989453
v -10.918824 -0.594958 -0.989453
v -10.889796 -0.597407 -0.989453
v -10.859253 -0.598186 -0.989453
v -10.817077 -0.596863 -0.989453
v -10.778194 -0.592855 -0.989453
v -10.742529 -0.586099 -0.989453
v -10.710003 -0.576531 -0.989453
v -10.680537 -0.564090 -0.989453
v -10.654055 -0.548713 -0.989453
v -10.630476 -0.530338 -0.989453
v -10.609724 -0.508902 -0.989453
v -10.591722 -0.484342 -0.989453
v -10.576388 -0.456597 -0.989453
v -10.563647 -0.425604 -0.989453
v -10.553421 -0.391300 -0.989453
v -10.509388 -0.424659 -0.989453
v -10.465011 -0.455036 -0.989453
v -10.420322 -0.482445 -0.989453
v -10.375352 -0.506903 -0.989453
v -10.330132 -0.528425 -0.989453
v -10.284695 -0.547026 -0.989453
v -10.239068 -0.562723 -0.989453
v -10.193287 -0.575531 -0.989453
v -10.147380 -0.585466 -0.989453
v -10.101379 -0.592543 -0.989453
v -10.055316 -0.596777 -0.989453
v -10.009222 -0.598186 -0.989453
v -9.937130 -0.593433 -0.989453
v -9.869506 -0.579654 -0.989453
v -9.806692 -0.557567 -0.989453
v -9.749032 -0.527891 -0.989453
v -9.696869 -0.491344 -0.989453
v -9.650545 -0.448643 -0.989453
v -9.610407 -0.400508 -0.989453
v -9.576795 -0.347657 -0.989453
v -9.550054 -0.290808 -0.989453
v -9.530528 -0.230680 -0.989453
v -9.518560 -0.167991 -0.989453
v -9.514495 -0.103459 -0.989453
v -9.521851 -0.009040 -0.989453
v -9.542979 0.074714 -0.989453
v -9.576477 0.148753 -0.989453
v -9.620936 0.214032 -0.989453
v -9.674953 0.271503 -0.989453
v -9.737123 0.322119 -0.989453
v -9.806037 0.366831 -0.989453
v -9.880294 0.406593 -0.989453
v -9.958485 0.442357 -0.989453
v -10.039207 0.475076 -0.989453
v -10.121051 0.505702 -0.989453
v -10.202615 0.535189 -0.989453
v -10.557919 0.661119 -0.989453
v -10.557919 0.769059 -0.989453
v -10.555389 0.828959 -0.989453
v -10.547799 0.882830 -0.989453
v -10.535151 0.930830 -0.989453
v -10.517442 0.973114 -0.989453
v -10.494673 1.009838 -0.989453
v -10.466845 1.041159 -0.989453
v -10.433956 1.067233 -0.989453
v -10.396008 1.088217 -0.989453
v -10.353002 1.104265 -0.989453
v -10.304934 1.115535 -0.989453
v -10.251807 1.122182 -0.989453
v -10.193621 1.124363 -0.989453
v -10.138451 1.122195 -0.989453
v -10.083221 1.115639 -0.989453
v -10.028054 1.104616 -0.989453
v -9.973075 1.089049 -0.989453
v -9.918407 1.068860 -0.989453
v -9.864177 1.043970 -0.989453
v -9.810509 1.014302 -0.989453
v -9.757528 0.979776 -0.989453
v -9.705359 0.940316 -0.989453
v -9.654127 0.895844 -0.989453
v -9.603956 0.846280 -0.989453
v -9.554974 0.791547 -0.989453
v -9.554974 1.227806 -0.989453
v -9.595644 1.271940 -0.989453
v -9.638969 1.312155 -0.989453
v -9.684980 1.348466 -0.989453
v -9.733708 1.380888 -0.989453
v -9.785185 1.409438 -0.989453
v -9.839441 1.434130 -0.989453
v -9.896509 1.454980 -0.989453
v -9.956419 1.472005 -0.989453
v -10.019201 1.485219 -0.989453
v -10.084888 1.494638 -0.989453
v -10.153512 1.500278 -0.989453
v -10.225102 1.502155 -0.989453
v -10.325503 1.497818 -0.989453
v -10.421515 1.484706 -0.989453
v -10.512312 1.462661 -0.989453
v -10.597065 1.431527 -0.989453
v -10.674946 1.391148 -0.989453
v -10.745129 1.341368 -0.989453
v -10.806785 1.282031 -0.989453
v -10.859087 1.212981 -0.989453
v -10.901206 1.134061 -0.989453
v -10.932317 1.045115 -0.989453
v -10.951590 0.945988 -0.989453
v -10.958199 0.836522 -0.989453
v -10.958199 -0.202404 -0.989453
v -10.958759 -0.220501 -0.989453
v -10.960427 -0.236614 -0.989453
v -10.963189 -0.250823 -0.989453
v -10.967028 -0.263204 -0.989453
v -10.971928 -0.273836 -0.989453
v -10.977875 -0.282797 -0.989453
v -10.984853 -0.290166 -0.989453
v -10.992846 -0.296019 -0.989453
v -11.001838 -0.300436 -0.989453
v -11.011814 -0.303494 -0.989453
v -11.022758 -0.305272 -0.989453
v -11.034656 -0.305847 -0.989453
v -11.045599 -0.305012 -0.989453
v -11.058121 -0.302536 -0.989453
v -11.072111 -0.298468 -0.989453
v -11.087460 -0.292854 -0.989453
v -11.104058 -0.285741 -0.989453
v -11.121796 -0.277175 -0.989453
v -11.140564 -0.267204 -0.989453
v -11.160254 -0.255875 -0.989453
v -11.180755 -0.243233 -0.989453
v -11.201960 -0.229327 -0.989453
v -11.223757 -0.214202 -0.989453
v -11.246039 -0.197907 -0.989453
v -11.246039 -0.440773 -0.989453
v -10.473550 0.411437 -0.989453
v -10.391928 0.381711 -0.989453
v -10.313930 0.351142 -0.989453
v -10.240428 0.319308 -0.989453
v -10.172298 0.285787 -0.989453
v -10.110415 0.250158 -0.989453
v -10.055654 0.212000 -0.989453
v -10.008888 0.170890 -0.989453
v -9.970992 0.126406 -0.989453
v -9.942842 0.078128 -0.989453
v -9.925309 0.025634 -0.989453
v -9.919271 -0.031499 -0.989453
v -9.921758 -0.072031 -0.989453
v -9.929038 -0.110267 -0.989453
v -9.940847 -0.145974 -0.989453
v -9.956919 -0.178917 -0.989453
v -9.976989 -0.208861 -0.989453
v -10.000791 -0.235573 -0.989453
v -10.028059 -0.258818 -0.989453
v -10.058529 -0.278362 -0.989453
v -10.091935 -0.293971 -0.989453
v -10.128011 -0.305410 -0.989453
v -10.166492 -0.312445 -0.989453
v -10.207113 -0.314842 -0.989453
v -10.238407 -0.313543 -0.989453
v -10.269327 -0.309699 -0.989453
v -10.299872 -0.303387 -0.989453
v -10.330044 -0.294687 -0.989453
v -10.359839 -0.283674 -0.989453
v -10.389261 -0.270429 -0.989453
v -10.418307 -0.255029 -0.989453
v -10.446980 -0.237551 -0.989453
v -10.475276 -0.218075 -0.989453
v -10.503199 -0.196678 -0.989453
v -10.530746 -0.173438 -0.989453
v -10.557919 -0.148434 -0.989453
v -10.557919 0.440741 -0.989453
v -7.405160 -1.592137 -0.989453
v -7.405160 1.461677 -0.989453
v -8.097777 1.461677 -0.989453
v -8.275111 1.454212 -0.989453
v -8.438172 1.431943 -0.989453
v -8.586741 1.395058 -0.989453
v -8.720600 1.343742 -0.989453
v -8.839529 1.278184 -0.989453
v -8.943311 1.198572 -0.989453
v -9.031725 1.105093 -0.989453
v -9.104555 0.997933 -0.989453
v -9.161581 0.877281 -0.989453
v -9.202584 0.743324 -0.989453
v -9.227346 0.596249 -0.989453
v -9.235649 0.436243 -0.989453
v -9.226893 0.288343 -0.989453
v -9.201228 0.148798 -0.989453
v -9.159541 0.018466 -0.989453
v -9.102721 -0.101793 -0.989453
v -9.031660 -0.211121 -0.989453
v -8.947246 -0.308658 -0.989453
v -8.850369 -0.393546 -0.989453
v -8.741921 -0.464926 -0.989453
v -8.622792 -0.521939 -0.989453
v -8.493871 -0.563725 -0.989453
v -8.356049 -0.589427 -0.989453
v -8.210216 -0.598186 -0.989453
v -8.177773 -0.597618 -0.989453
v -8.145563 -0.595895 -0.989453
v -8.113448 -0.592985 -0.989453
v -8.081286 -0.588857 -0.989453
v -8.048937 -0.583480 -0.989453
v -8.016260 -0.576822 -0.989453
v -7.983115 -0.568853 -0.989453
v -7.949360 -0.559540 -0.989453
v -7.914856 -0.548853 -0.989453
v -7.879461 -0.536761 -0.989453
v -7.843036 -0.523232 -0.989453
v -7.805439 -0.508235 -0.989453
v -7.805439 -1.592137 -0.989453
v -7.835977 -0.162486 -0.989453
v -7.866843 -0.175398 -0.989453
v -7.897990 -0.187155 -0.989453
v -7.929371 -0.197740 -0.989453
v -7.960939 -0.207139 -0.989453
v -7.992649 -0.215335 -0.989453
v -8.024451 -0.222312 -0.989453
v -8.056301 -0.228057 -0.989453
v -8.088150 -0.232552 -0.989453
v -8.119953 -0.235782 -0.989453
v -8.151662 -0.237731 -0.989453
v -8.183230 -0.238384 -0.989453
v -8.274302 -0.232494 -0.989453
v -8.360487 -0.215251 -0.989453
v -8.441205 -0.187295 -0.989453
v -8.515880 -0.149267 -0.989453
v -8.583934 -0.101806 -0.989453
v -8.644788 -0.045553 -0.989453
v -8.697865 0.018851 -0.989453
v -8.742588 0.090767 -0.989453
v -8.778378 0.169555 -0.989453
v -8.804658 0.254573 -0.989453
v -8.820849 0.345182 -0.989453
v -8.826375 0.440741 -0.989453
v -8.821786 0.541615 -0.989453
v -8.808030 0.634946 -0.989453
v -8.785124 0.720500 -0.989453
v -8.753081 0.798044 -0.989453
v -8.711920 0.867341 -0.989453
v -8.661654 0.928159 -0.989453
v -8.602298 0.980263 -0.989453
v -8.533870 1.023419 -0.989453
v -8.456384 1.057392 -0.989453
v -8.369857 1.081949 -0.989453
v -8.274302 1.096855 -0.989453
v -8.169738 1.101876 -0.989453
v -7.805439 1.101876 -0.989453
v -7.805439 -0.148434 -0.989453
v -6.818441 1.893218 -0.989453
v -6.753936 1.944515 -0.989453
v -6.690054 1.989222 -0.989453
v -6.626923 2.027698 -0.989453
v -6.564666 2.060302 -0.989453
v -6.503408 2.087394 -0.989453
v -6.443274 2.109333 -0.989453
v -6.384390 2.126477 -0.989453
v -6.326880 2.139186 -0.989453
v -6.270869 2.147819 -0.989453
v -6.216482 2.152735 -0.989453
v -6.163845 2.154294 -0.989453
v -6.094766 2.151249 -0.989453
v -6.029481 2.142301 -0.989453
v -5.968414 2.127731 -0.989453
v -5.911984 2.107821 -0.989453
v -5.860613 2.082850 -0.989453
v -5.814725 2.053101 -0.989453
v -5.774739 2.018854 -0.989453
v -5.741078 1.980391 -0.989453
v -5.714163 1.937992 -0.989453
v -5.694417 1.891940 -0.989453
v -5.682259 1.842513 -0.989453
v -5.678113 1.789996 -0.989453
v -5.704217 1.654247 -0.989453
v -5.776391 1.537926 -0.989453
v -5.885419 1.435535 -0.989453
v -6.022089 1.341576 -0.989453
v -6.177186 1.250554 -0.989453
v -6.341496 1.156970 -0.989453
v -6.505806 1.055328 -0.989453
v -6.660903 0.940131 -0.989453
v -6.797573 0.805883 -0.989453
v -6.906601 0.647085 -0.989453
v -6.978775 0.458241 -0.989453
v -7.004880 0.233855 -0.989453
v -6.997426 0.116391 -0.989453
v -6.975605 0.005127 -0.989453
v -6.940228 -0.099172 -0.989453
v -6.892109 -0.195741 -0.989453
v -6.832059 -0.283815 -0.989453
v -6.760890 -0.362628 -0.989453
v -6.679414 -0.431416 -0.989453
v -6.588444 -0.489412 -0.989453
v -6.488790 -0.535853 -0.989453
v -6.381266 -0.569972 -0.989453
v -6.266684 -0.591005 -0.989453
v -6.145855 -0.598186 -0.989453
v -6.063934 -0.596304 -0.989453
v -5.984465 -0.590627 -0.989453
v -5.907275 -0.581109 -0.989453
v -5.832195 -0.567702 -0.989453
v -5.759050 -0.550360 -0.989453
v -5.687670 -0.529036 -0.989453
v -5.617883 -0.503683 -0.989453
v -5.549517 -0.474254 -0.989453
v -5.482401 -0.440702 -0.989453
v -5.416362 -0.402981 -0.989453
v -5.351228 -0.361043 -0.989453
v -5.286829 -0.314842 -0.989453
v -5.286829 0.242850 -0.989453
v -5.344243 0.173623 -0.989453
v -5.403952 0.109923 -0.989453
v -5.465816 0.051846 -0.989453
v -5.529695 -0.000516 -0.989453
v -5.595448 -0.047068 -0.989453
v -5.662934 -0.087717 -0.989453
v -5.732013 -0.122370 -0.989453
v -5.802545 -0.150933 -0.989453
v -5.874388 -0.173311 -0.989453
v -5.947402 -0.189411 -0.989453
v -6.021447 -0.199140 -0.989453
v -6.096382 -0.202404 -0.989453
v -6.178009 -0.198058 -0.989453
v -6.252046 -0.185622 -0.989453
v -6.318588 -0.166002 -0.989453
v -6.377727 -0.140105 -0.989453
v -6.429557 -0.108836 -0.989453
v -6.474174 -0.073101 -0.989453
v -6.511668 -0.033805 -0.989453
v -6.542136 0.008146 -0.989453
v -6.565670 0.051846 -0.989453
v -6.582364 0.096389 -0.989453
v -6.592311 0.140870 -0.989453
v -6.595607 0.184382 -0.989453
v -6.569502 0.331977 -0.989453
v -6.497328 0.460771 -0.989453
v -6.388300 0.575385 -0.989453
v -6.251630 0.680441 -0.989453
v -6.096534 0.780563 -0.989453
v -5.932223 0.880373 -0.989453
v -5.767913 0.984492 -0.989453
v -5.612816 1.097545 -0.989453
v -5.476147 1.224152 -0.989453
v -5.367118 1.368936 -0.989453
v -5.294944 1.536521 -0.989453
v -5.268839 1.731528 -0.989453
v -5.276421 1.852506 -0.989453
v -5.298760 1.965503 -0.989453
v -5.335248 2.070036 -0.989453
v -5.385275 2.165622 -0.989453
v -5.448232 2.251775 -0.989453
v -5.523511 2.328011 -0.989453
v -5.610502 2.393847 -0.989453
v -5.708596 2.448799 -0.989453
v -5.817184 2.492381 -0.989453
v -5.935658 2.524111 -0.989453
v -6.063408 2.543504 -0.989453
v -6.199825 2.550076 -0.989453
v -6.258282 2.548577 -0.989453
v -6.316677 2.544079 -0.989453
v -6.374947 2.536583 -0.989453
v -6.433030 2.526089 -0.989453
v -6.490862 2.512597 -0.989453
v -6.548382 2.496106 -0.989453
v -6.605528 2.476616 -0.989453
v -6.662236 2.454129 -0.989453
v -6.718444 2.428643 -0.989453
v -6.774091 2.400158 -0.989453
v -6.829113 2.368676 -0.989453
v -6.883448 2.334195 -0.989453
v -6.883448 1.834971 -0.989453
v -3.593900 -0.398520 -0.989453
v -3.534006 -0.433693 -0.989453
v -3.474050 -0.465368 -0.989453
v -3.413531 -0.493577 -0.989453
v -3.351951 -0.518349 -0.989453
v -3.288809 -0.539718 -0.989453
v -3.223605 -0.557713 -0.989453
v -3.155840 -0.572367 -0.989453
v -3.085015 -0.583709 -0.989453
v -3.010629 -0.591772 -0.989453
v -2.932183 -0.596588 -0.989453
v -2.849177 -0.598186 -0.989453
v -2.697614 -0.587686 -0.989453
v -2.557921 -0.557291 -0.989453
v -2.430346 -0.508657 -0.989453
v -2.315138 -0.443438 -0.989453
v -2.212549 -0.363289 -0.989453
v -2.122828 -0.269867 -0.989453
v -2.046224 -0.164826 -0.989453
v -1.982988 -0.049822 -0.989453
v -1.933370 0.073490 -0.989453
v -1.897619 0.203455 -0.989453
v -1.875985 0.338417 -0.989453
v -1.868718 0.476721 -0.989453
v -1.876652 0.625389 -0.989453
v -1.899951 0.765061 -0.989453
v -1.937868 0.894990 -0.989453
v -1.989651 1.014424 -0.989453
v -2.054553 1.122614 -0.989453
v -2.131823 1.218811 -0.989453
v -2.220711 1.302265 -0.989453
v -2.320469 1.372226 -0.989453
v -2.430346 1.427945 -0.989453
v -2.549592 1.468673 -0.989453
v -2.677459 1.493659 -0.989453
v -2.813197 1.502155 -0.989453
v -2.942883 1.494555 -0.989453
v -3.063996 1.471713 -0.989453
v -3.176020 1.433568 -0.989453
v -3.278440 1.380055 -0.989453
v -3.370740 1.311114 -0.989453
v -3.452406 1.226682 -0.989453
v -3.522922 1.126695 -0.989453
v -3.581772 1.011093 -0.989453
v -3.628441 0.879811 -0.989453
v -3.662415 0.732788 -0.989453
v -3.683177 0.569961 -0.989453
v -3.690212 0.391268 -0.989453
v -2.268997 0.391268 -0.989453
v -2.288200 0.295235 -0.989453
v -2.314306 0.207307 -0.989453
v -2.347282 0.127531 -0.989453
v -2.387099 0.055953 -0.989453
v -2.433724 -0.007379 -0.989453
v -2.487127 -0.062419 -0.989453
v -2.547276 -0.109120 -0.989453
v -2.614140 -0.147435 -0.989453
v -2.687688 -0.177316 -0.989453
v -2.767888 -0.198719 -0.989453
v -2.854710 -0.211594 -0.989453
v -2.948122 -0.215897 -0.989453
v -3.008568 -0.214038 -0.989453
v -3.068514 -0.208526 -0.989453
v -3.128023 -0.199453 -0.989453
v -3.187157 -0.186913 -0.989453
v -3.245979 -0.171000 -0.989453
v -3.304550 -0.151807 -0.989453
v -3.362935 -0.129429 -0.989453
v -3.421194 -0.103959 -0.989453
v -3.479391 -0.075490 -0.989453
v -3.537588 -0.044117 -0.989453
v -3.595848 -0.009932 -0.989453
v -3.654232 0.026969 -0.989453
v -3.654232 -0.359817 -0.989453
v -3.287716 0.730690 -0.989453
v -3.274442 0.799792 -0.989453
v -3.254797 0.863648 -0.989453
v -3.228967 0.921975 -0.989453
v -3.197141 0.974493 -0.989453
v -3.159505 1.020920 -0.989453
v -3.116248 1.060976 -0.989453
v -3.067556 1.094380 -0.989453
v -3.013617 1.120849 -0.989453
v -2.954618 1.140104 -0.989453
v -2.890748 1.151864 -0.989453
v -2.822192 1.155846 -0.989453
v -2.748269 1.152122 -0.989453
v -2.679437 1.141042 -0.989453
v -2.615728 1.122747 -0.989453
v -2.557172 1.097378 -0.989453
v -2.503800 1.065076 -0.989453
v -2.455644 1.025980 -0.989453
v -2.412735 0.980232 -0.989453
v -2.375105 0.927972 -0.989453
v -2.342785 0.869340 -0.989453
v -2.315805 0.804477 -0.989453
v -2.294197 0.733524 -0.989453
v -2.277992 0.656621 -0.989453
v -3.294431 0.656621 -0.989453
v -0.119184 1.196324 -0.989454
v -0.158871 1.242967 -0.989454
v -0.201306 1.286128 -0.989454
v -0.246239 1.325697 -0.989454
v -0.293422 1.361566 -0.989454
v -0.342603 1.393623 -0.989454
v -0.393533 1.421762 -0.989454
v -0.445962 1.445871 -0.989454
v -0.499641 1.465841 -0.989454
v -0.554319 1.481564 -0.989454
v -0.609747 1.492931 -0.989454
v -0.665674 1.499830 -0.989454
v -0.721852 1.502155 -0.989454
v -0.818533 1.496525 -0.989454
v -0.910248 1.479605 -0.989454
v -0.996341 1.451347 -0.989454
v -1.076156 1.411705 -0.989454
v -1.149038 1.360631 -0.989454
v -1.214330 1.298080 -0.989454
v -1.271376 1.224004 -0.989453
v -1.319522 1.138355 -0.989453
v -1.358110 1.041089 -0.989453
v -1.386485 0.932157 -0.989453
v -1.403991 0.811512 -0.989453
v -1.409972 0.679109 -0.989453
v -1.409972 -0.557708 -0.989453
v -1.009693 -0.557708 -0.989453
v -1.009693 0.692602 -0.989453
v -1.006544 0.764603 -0.989453
v -0.997241 0.831983 -0.989454
v -0.982005 0.894428 -0.989454
v -0.961053 0.951625 -0.989454
v -0.934604 1.003263 -0.989454
v -0.902877 1.049030 -0.989454
v -0.866090 1.088612 -0.989454
v -0.824462 1.121698 -0.989454
v -0.778211 1.147975 -0.989454
v -0.727557 1.167131 -0.989454
v -0.672717 1.178854 -0.989454
v -0.613911 1.182831 -0.989454
v -0.570761 1.181116 -0.989454
v -0.528812 1.175856 -0.989454
v -0.487770 1.166879 -0.989454
v -0.447337 1.154014 -0.989454
v -0.407215 1.137088 -0.989454
v -0.367110 1.115930 -0.989454
v -0.326723 1.090369 -0.989454
v -0.285759 1.060232 -0.989454
v -0.243920 1.025348 -0.989454
v -0.200910 0.985544 -0.989454
v -0.156432 0.940650 -0.989454
v -0.110189 0.890492 -0.989454
v -0.110189 -0.557708 -0.989454
v 0.290090 -0.557708 -0.989454
v 0.290090 2.509598 -0.989454
v -0.110189 2.509598 -0.989454
v -0.110189 1.196324 -0.989454
v 1.702310 2.113817 -0.989454
v 1.702310 -0.557708 -0.989454
v 2.143067 -0.557708 -0.989454
v 2.143067 2.113817 -0.989454
v 3.204480 2.113817 -0.989454
v 3.204480 2.509598 -0.989454
v 0.640896 2.509598 -0.989454
v 0.640896 2.113817 -0.989454
v 4.861506 0.975302 -0.989454
v 4.916681 1.007157 -0.989454
v 4.970951 1.035607 -0.989454
v 5.024143 1.060732 -0.989454
v 5.076086 1.082608 -0.989454
v 5.126607 1.101313 -0.989454
v 5.175536 1.116927 -0.989454
v 5.222700 1.129527 -0.989454
v 5.267928 1.139191 -0.989454
v 5.311047 1.145997 -0.989454
v 5.351886 1.150024 -0.989454
v 5.390274 1.151348 -0.989454
v 5.429507 1.149781 -0.989454
v 5.466148 1.145185 -0.989454
v 5.500041 1.137715 -0.989454
v 5.531029 1.127528 -0.989454
v 5.558957 1.114780 -0.989454
v 5.583667 1.099627 -0.989454
v 5.605004 1.082225 -0.989454
v 5.622812 1.062730 -0.989454
v 5.636935 1.041300 -0.989454
v 5.647215 1.018089 -0.989454
v 5.653498 0.993253 -0.989454
v 5.655627 0.966950 -0.989454
v 5.652767 0.944041 -0.989454
v 5.643988 0.920101 -0.989454
v 5.628994 0.894849 -0.989454
v 5.607487 0.868005 -0.989454
v 5.579173 0.839286 -0.989454
v 5.543752 0.808413 -0.989454
v 5.500929 0.775103 -0.989454
v 5.450408 0.739076 -0.989454
v 5.391891 0.700050 -0.989454
v 5.325081 0.657746 -0.989454
v 5.249682 0.611881 -0.989454
v 5.165398 0.562174 -0.989454
v 5.086546 0.508680 -0.989454
v 5.016189 0.458044 -0.989454
v 4.954015 0.409750 -0.989454
v 4.899711 0.363283 -0.989454
v 4.852966 0.318129 -0.989454
v 4.813468 0.273770 -0.989454
v 4.780902 0.229693 -0.989454
v 4.754958 0.185382 -0.989454
v 4.735323 0.140321 -0.989454
v 4.721684 0.093995 -0.989454
v 4.713731 0.045888 -0.989454
v 4.711149 -0.004513 -0.989454
v 4.716946 -0.090833 -0.989454
v 4.733908 -0.171859 -0.989454
v 4.761395 -0.247168 -0.989454
v 4.798768 -0.316341 -0.989454
v 4.845385 -0.378955 -0.989454
v 4.900607 -0.434588 -0.989454
v 4.963793 -0.482820 -0.989454
v 5.034304 -0.523227 -0.989454
v 5.111498 -0.555389 -0.989454
v 5.194736 -0.578884 -0.989454
v 5.283377 -0.593290 -0.989454
v 5.376781 -0.598186 -0.989454
v 5.437568 -0.597134 -0.989454
v 5.496528 -0.593896 -0.989454
v 5.554082 -0.588347 -0.989454
v 5.610653 -0.580362 -0.989454
v 5.666661 -0.569816 -0.989454
v 5.722528 -0.556584 -0.989454
v 5.778677 -0.540540 -0.989454
v 5.835528 -0.521561 -0.989454
v 5.893504 -0.499521 -0.989454
v 5.953026 -0.474296 -0.989454
v 6.014515 -0.445759 -0.989454
v 6.078394 -0.413787 -0.989454
v 6.078394 0.017974 -0.989454
v 6.013680 -0.025039 -0.989454
v 5.950090 -0.064147 -0.989454
v 5.887812 -0.099383 -0.989454
v 5.827033 -0.130777 -0.989454
v 5.767941 -0.158361 -0.989454
v 5.710722 -0.182165 -0.989454
v 5.655565 -0.202222 -0.989454
v 5.602657 -0.218562 -0.989454
v 5.552185 -0.231216 -0.989454
v 5.504336 -0.240217 -0.989454
v 5.459298 -0.245594 -0.989454
v 5.417259 -0.247379 -0.989454
v 5.377406 -0.243725 -0.989454
v 5.339052 -0.237260 -0.989454
v 5.302572 -0.227984 -0.989454
v 5.268341 -0.215897 -0.989454
v 5.236733 -0.200999 -0.989454
v 5.208124 -0.183290 -0.989454
v 5.182889 -0.162770 -0.989454
v 5.161400 -0.139439 -0.989454
v 5.144035 -0.113297 -0.989454
v 5.131167 -0.084344 -0.989454
v 5.123171 -0.052581 -0.989454
v 5.120423 -0.018006 -0.989454
v 5.139006 0.049293 -0.989454
v 5.190384 0.112984 -0.989454
v 5.267997 0.174895 -0.989454
v 5.365287 0.236853 -0.989454
v 5.475695 0.300685 -0.989454
v 5.592662 0.368218 -0.989454
v 5.709629 0.441279 -0.989454
v 5.820036 0.521696 -0.989454
v 5.917326 0.611295 -0.989454
v 5.994940 0.711903 -0.989454
v 6.046318 0.825349 -0.989454
v 6.064901 0.953458 -0.989454
v 6.059535 1.036058 -0.989454
v 6.043705 1.112786 -0.989454
v 6.017818 1.183393 -0.989454
v 5.982281 1.247628 -0.989454
v 5.937498 1.305242 -0.989454
v 5.883876 1.355985 -0.989454
v 5.821822 1.399607 -0.989454
v 5.751741 1.435858 -0.989454
v 5.674039 1.464488 -0.989454
v 5.589122 1.485247 -0.989454
v 5.497397 1.497886 -0.989454
v 5.399269 1.502155 -0.989454
v 5.351945 1.501028 -0.989454
v 5.304385 1.497636 -0.989454
v 5.256544 1.491965 -0.989454
v 5.208375 1.483998 -0.989454
v 5.159832 1.473720 -0.989454
v 5.110866 1.461115 -0.989454
v 5.061432 1.446167 -0.989454
v 5.011484 1.428862 -0.989454
v 4.960972 1.409183 -0.989454
v 4.909852 1.387114 -0.989454
v 4.858076 1.362641 -0.989454
v 4.805597 1.335747 -0.989454
v 4.805597 0.939965 -0.989454
v 6.593049 0.975302 -0.989454
v 6.648224 1.007157 -0.989454
v 6.702494 1.035607 -0.989454
v 6.755686 1.060732 -0.989454
v 6.807629 1.082608 -0.989454
v 6.858150 1.101313 -0.989454
v 6.907079 1.116927 -0.989454
v 6.954244 1.129527 -0.989454
v 6.999471 1.139191 -0.989454
v 7.042591 1.145997 -0.989454
v 7.083430 1.150024 -0.989454
v 7.121818 1.151348 -0.989454
v 7.161050 1.149781 -0.989454
v 7.197692 1.145185 -0.989454
v 7.231585 1.137715 -0.989454
v 7.262573 1.127528 -0.989454
v 7.290500 1.114780 -0.989454
v 7.315211 1.099627 -0.989454
v 7.336547 1.082225 -0.989454
v 7.354356 1.062730 -0.989454
v 7.368478 1.041300 -0.989454
v 7.378759 1.018089 -0.989454
v 7.385042 0.993253 -0.989454
v 7.387171 0.966950 -0.989454
v 7.384311 0.944041 -0.989454
v 7.375532 0.920101 -0.989454
v 7.360538 0.894849 -0.989454
v 7.339031 0.868005 -0.989454
v 7.310716 0.839286 -0.989454
v 7.275296 0.808413 -0.989454
v 7.232473 0.775103 -0.989454
v 7.181952 0.739076 -0.989454
v 7.123435 0.700050 -0.989454
v 7.056625 0.657746 -0.989454
v 6.981226 0.611881 -0.989454
v 6.896942 0.562174 -0.989454
v 6.818090 0.508680 -0.989454
v 6.747733 0.458044 -0.989454
v 6.685558 0.409750 -0.989454
v 6.631255 0.363283 -0.989454
v 6.584510 0.318129 -0.989454
v 6.545011 0.273770 -0.989454
v 6.512445 0.229693 -0.989454
v 6.486501 0.185382 -0.989454
v 6.466866 0.140321 -0.989454
v 6.453228 0.093995 -0.989454
v 6.445274 0.045888 -0.989454
v 6.442692 -0.004513 -0.989454
v 6.448489 -0.090833 -0.989454
v 6.465451 -0.171859 -0.989454
v 6.492939 -0.247168 -0.989454
v 6.530312 -0.316341 -0.989454
v 6.576929 -0.378955 -0.989454
v 6.632151 -0.434588 -0.989454
v 6.695337 -0.482820 -0.989454
v 6.765848 -0.523227 -0.989454
v 6.843042 -0.555389 -0.989454
v 6.926280 -0.578884 -0.989454
v 7.014921 -0.593290 -0.989454
v 7.108325 -0.598186 -0.989454
v 7.169112 -0.597134 -0.989454
v 7.228072 -0.593896 -0.989454
v 7.285626 -0.588347 -0.989454
v 7.342196 -0.580362 -0.989454
v 7.398204 -0.569816 -0.989454
v 7.454072 -0.556584 -0.989454
v 7.510221 -0.540540 -0.989454
v 7.567072 -0.521561 -0.989454
v 7.625048 -0.499521 -0.989454
v 7.684569 -0.474296 -0.989454
v 7.746059 -0.445759 -0.989454
v 7.809937 -0.413787 -0.989454
v 7.809937 0.017974 -0.989454
v 7.745224 -0.025039 -0.989454
v 7.681634 -0.064147 -0.989454
v 7.619356 -0.099383 -0.989454
v 7.558577 -0.130777 -0.989454
v 7.499485 -0.158361 -0.989454
v 7.442266 -0.182165 -0.989454
v 7.387109 -0.202222 -0.989454
v 7.334200 -0.218562 -0.989454
v 7.283728 -0.231216 -0.989454
v 7.235880 -0.240217 -0.989454
v 7.190842 -0.245594 -0.989454
v 7.148803 -0.247379 -0.989454
v 7.108950 -0.243725 -0.989454
v 7.070596 -0.237260 -0.989454
v 7.034116 -0.227984 -0.989454
v 6.999885 -0.215897 -0.989454
v 6.968277 -0.200999 -0.989454
v 6.939668 -0.183290 -0.989454
v 6.914432 -0.162770 -0.989454
v 6.892944 -0.139439 -0.989454
v 6.875578 -0.113297 -0.989454
v 6.862710 -0.084344 -0.989454
v 6.854715 -0.052581 -0.989454
v 6.851967 -0.018006 -0.989454
v 6.870550 0.049293 -0.989454
v 6.921927 0.112984 -0.989454
v 6.999541 0.174895 -0.989454
v 7.096831 0.236853 -0.989454
v 7.207239 0.300685 -0.989454
v 7.324205 0.368218 -0.989454
v 7.441172 0.441279 -0.989454
v 7.551580 0.521696 -0.989454
v 7.648870 0.611295 -0.989454
v 7.726484 0.711903 -0.989454
v 7.777862 0.825349 -0.989454
v 7.796445 0.953458 -0.989454
v 7.791079 1.036058 -0.989454
v 7.775249 1.112786 -0.989454
v 7.749362 1.183393 -0.989454
v 7.713824 1.247628 -0.989454
v 7.669042 1.305242 -0.989454
v 7.615420 1.355985 -0.989454
v 7.553366 1.399607 -0.989454
v 7.483285 1.435858 -0.989454
v 7.405583 1.464488 -0.989454
v 7.320666 1.485247 -0.989454
v 7.228940 1.497886 -0.989454
v 7.130813 1.502155 -0.989454
v 7.083488 1.501028 -0.989454
v 7.035929 1.497636 -0.989454
v 6.988088 1.491965 -0.989454
v 6.939919 1.483998 -0.989454
v 6.891375 1.473720 -0.989454
v 6.842410 1.461115 -0.989454
v 6.792976 1.446167 -0.989454
v 6.743027 1.428862 -0.989454
v 6.692516 1.409183 -0.989454
v 6.641396 1.387114 -0.989454
v 6.589620 1.362641 -0.989454
v 6.537140 1.335747 -0.989454
v 6.537140 0.939965 -0.989454
v 8.165382 0.317002 -0.989454
v 8.192226 0.171181 -0.989454
v 8.235937 0.035543 -0.989454
v 8.295670 -0.089133 -0.989454
v 8.370582 -0.202066 -0.989454
v 8.459828 -0.302474 -0.989454
v 8.562569 -0.389577 -0.989454
v 8.677958 -0.462594 -0.989454
v 8.805153 -0.520744 -0.989454
v 8.943312 -0.563247 -0.989454
v 9.091589 -0.589321 -0.989454
v 9.249143 -0.598186 -0.989454
v 9.400496 -0.588977 -0.989454
v 9.543605 -0.561997 -0.989454
v 9.677531 -0.518214 -0.989454
v 9.801337 -0.458596 -0.989454
v 9.914088 -0.384111 -0.989454
v 10.014845 -0.295728 -0.989454
v 10.102671 -0.194414 -0.989454
v 10.176630 -0.081138 -0.989454
v 10.235785 0.043132 -0.989454
v 10.279199 0.177428 -0.989455
v 10.305934 0.320781 -0.989455
v 10.315054 0.472223 -0.989455
v 10.305592 0.614367 -0.989455
v 10.277950 0.749966 -0.989455
v 10.233256 0.877914 -0.989455
v 10.172633 0.997100 -0.989455
v 10.097206 1.106418 -0.989455
v 10.008099 1.204756 -0.989455
v 9.906436 1.291008 -0.989455
v 9.793343 1.364064 -0.989455
v 9.669942 1.422816 -0.989455
v 9.537358 1.466154 -0.989454
v 9.396718 1.492970 -0.989454
v 9.249143 1.502155 -0.989454
v 9.094424 1.493314 -0.989454
v 8.947997 1.467404 -0.989454
v 8.810846 1.425346 -0.989454
v 8.683955 1.368062 -0.989454
v 8.568308 1.296474 -0.989454
v 8.464889 1.211503 -0.989454
v 8.374681 1.114070 -0.989454
v 8.298668 1.005096 -0.989454
v 8.237834 0.885503 -0.989454
v 8.193164 0.756212 -0.989454
v 8.165640 0.618145 -0.989454
v 8.156246 0.472223 -0.989454
v 9.900335 0.368486 -0.989454
v 9.884334 0.271230 -0.989454
v 9.858275 0.180939 -0.989454
v 9.822659 0.098097 -0.989454
v 9.777987 0.023187 -0.989454
v 9.724755 -0.043305 -0.989454
v 9.663466 -0.100895 -0.989454
v 9.594619 -0.149100 -0.989454
v 9.518713 -0.187436 -0.989454
v 9.436248 -0.215418 -0.989454
v 9.347724 -0.232562 -0.989454
v 9.253640 -0.238384 -0.989454
v 9.151290 -0.232822 -0.989454
v 9.055874 -0.216375 -0.989454
v 8.967767 -0.189403 -0.989454
v 8.887342 -0.152265 -0.989454
v 8.814976 -0.105320 -0.989454
v 8.751042 -0.048926 -0.989454
v 8.695916 0.016556 -0.989454
v 8.649973 0.090767 -0.989454
v 8.613587 0.173349 -0.989454
v 8.587133 0.263942 -0.989454
v 8.570986 0.362188 -0.989454
v 8.565520 0.467726 -0.989454
v 8.571416 0.563197 -0.989454
v 8.588695 0.653561 -0.989454
v 8.616750 0.738209 -0.989454
v 8.654971 0.816533 -0.989454
v 8.702749 0.887924 -0.989454
v 8.759476 0.951771 -0.989454
v 8.824541 1.007467 -0.989454
v 8.897337 1.054402 -0.989454
v 8.977254 1.091967 -0.989454
v 9.063683 1.119553 -0.989454
v 9.156014 1.136552 -0.989454
v 9.253640 1.142353 -0.989454
v 9.345836 1.136555 -0.989454
v 9.433125 1.119574 -0.989454
v 9.514919 1.092037 -0.989454
v 9.590622 1.054569 -0.989454
v 9.659640 1.007792 -0.989454
v 9.721382 0.952333 -0.989454
v 9.775253 0.888816 -0.989454
v 9.820661 0.817866 -0.989454
v 9.857010 0.740107 -0.989454
v 9.883709 0.656163 -0.989454
v 9.900163 0.566661 -0.989454
v 9.905780 0.472223 -0.989454
v 11.547375 0.998433 -0.989455
v 11.538379 0.998433 -0.989455
v 11.487965 1.082982 -0.989455
v 11.437913 1.159115 -0.989455
v 11.388204 1.227033 -0.989455
v 11.338822 1.286940 -0.989455
v 11.289753 1.339039 -0.989455
v 11.240981 1.383533 -0.989455
v 11.192490 1.420624 -0.989455
v 11.144263 1.450516 -0.989455
v 11.096287 1.473413 -0.989455
v 11.048546 1.489516 -0.989455
v 11.001022 1.499029 -0.989455
v 10.953702 1.502155 -0.989455
v 10.913397 1.500559 -0.989455
v 10.873391 1.495762 -0.989455
v 10.833603 1.487749 -0.989455
v 10.793956 1.476502 -0.989455
v 10.754371 1.462007 -0.989455
v 10.714770 1.444249 -0.989455
v 10.675076 1.423211 -0.989455
v 10.635210 1.398878 -0.989455
v 10.595095 1.371235 -0.989455
v 10.554651 1.340265 -0.989455
v 10.513802 1.305953 -0.989455
v 10.472467 1.268284 -0.989455
v 10.683850 0.921975 -0.989455
v 10.714902 0.950433 -0.989455
v 10.747108 0.977236 -0.989455
v 10.780127 1.002228 -0.989455
v 10.813613 1.025251 -0.989455
v 10.847225 1.046151 -0.989455
v 10.880618 1.064771 -0.989455
v 10.913448 1.080955 -0.989455
v 10.945374 1.094546 -0.989455
v 10.976050 1.105389 -0.989455
v 11.005133 1.113328 -0.989455
v 11.032279 1.118205 -0.989455
v 11.057145 1.119866 -0.989455
v 11.124423 1.114267 -0.989455
v 11.188719 1.097940 -0.989455
v 11.249484 1.071588 -0.989455
v 11.306174 1.035912 -0.989455
v 11.358241 0.991616 -0.989455
v 11.405140 0.939403 -0.989455
v 11.446323 0.879975 -0.989455
v 11.481245 0.814035 -0.989455
v 11.509357 0.742285 -0.989455
v 11.530113 0.665429 -0.989455
v 11.542968 0.584169 -0.989455
v 11.547375 0.499208 -0.989455
v 11.547375 -0.557708 -0.989455
v 11.947653 -0.557708 -0.989455
v 11.947653 1.461677 -0.989455
v 11.547375 1.461677 -0.989455
v 12.585225 1.878554 -0.989455
v 12.676646 1.926150 -0.989455
v 12.766412 1.968843 -0.989455
v 12.854819 2.006710 -0.989455
v 12.942163 2.039829 -0.989455
v 13.028744 2.068280 -0.989455
v 13.114855 2.092139 -0.989455
v 13.200795 2.111485 -0.989455
v 13.286860 2.126396 -0.989455
v 13.373345 2.136950 -0.989455
v 13.460549 2.143225 -0.989455
v 13.548769 2.145299 -0.989455
v 13.720226 2.135087 -0.989455
v 13.883001 2.105197 -0.989455
v 14.035907 2.056755 -0.989455
v 14.177755 1.990885 -0.989455
v 14.307362 1.908712 -0.989455
v 14.423536 1.811359 -0.989455
v 14.525095 1.699952 -0.989455
v 14.610849 1.575614 -0.989455
v 14.679614 1.439471 -0.989455
v 14.730200 1.292645 -0.989455
v 14.761422 1.136263 -0.989455
v 14.772094 0.971448 -0.989455
v 14.761754 0.803975 -0.989455
v 14.731364 0.646231 -0.989455
v 14.681861 0.499138 -0.989455
v 14.614181 0.363617 -0.989455
v 14.529258 0.240588 -0.989455
v 14.428033 0.130974 -0.989455
v 14.311441 0.035696 -0.989455
v 14.180420 -0.044325 -0.989455
v 14.035907 -0.108167 -0.989455
v 13.878838 -0.154910 -0.989455
v 13.710149 -0.183631 -0.989455
v 13.530779 -0.193409 -0.989455
v 13.443583 -0.190890 -0.989455
v 13.355293 -0.183373 -0.989455
v 13.266129 -0.170921 -0.989455
v 13.176309 -0.153598 -0.989455
v 13.086050 -0.131464 -0.989455
v 12.995575 -0.104583 -0.989455
v 12.905099 -0.073017 -0.989455
v 12.814841 -0.036829 -0.989455
v 12.725020 0.003919 -0.989455
v 12.635857 0.049165 -0.989455
v 12.547565 0.098846 -0.989455
v 12.460369 0.152900 -0.989455
v 12.460369 -0.328335 -0.989455
v 12.536338 -0.366712 -0.989455
v 12.613868 -0.402981 -0.989455
v 12.693397 -0.436907 -0.989455
v 12.775361 -0.468257 -0.989455
v 12.860200 -0.496796 -0.989455
v 12.948349 -0.522290 -0.989455
v 13.040246 -0.544504 -0.989455
v 13.136329 -0.563205 -0.989455
v 13.237034 -0.578158 -0.989455
v 13.342798 -0.589128 -0.989455
v 13.454061 -0.595882 -0.989455
v 13.571257 -0.598186 -0.989455
v 13.845688 -0.580381 -0.989455
v 14.093635 -0.529578 -0.989455
v 14.315596 -0.449698 -0.989455
v 14.512071 -0.344659 -0.989455
v 14.683558 -0.218383 -0.989455
v 14.830562 -0.074787 -0.989455
v 14.953577 0.082207 -0.989455
v 15.053104 0.248680 -0.989455
v 15.129645 0.420713 -0.989455
v 15.183699 0.594385 -0.989455
v 15.215765 0.765777 -0.989455
v 15.226342 0.930970 -0.989455
v 15.211884 1.159344 -0.989455
v 15.169520 1.375724 -0.989455
v 15.100763 1.578612 -0.989455
v 15.007130 1.766509 -0.989455
v 14.890135 1.937914 -0.989455
v 14.751292 2.091329 -0.989455
v 14.592116 2.225255 -0.989455
v 14.414124 2.338193 -0.989455
v 14.218828 2.428643 -0.989455
v 14.007745 2.495106 -0.989455
v 13.782388 2.536084 -0.989455
v 13.544271 2.550076 -0.989455
v 13.465415 2.548470 -0.989455
v 13.386045 2.543601 -0.989455
v 13.305832 2.535389 -0.989455
v 13.224446 2.523757 -0.989455
v 13.141562 2.508627 -0.989455
v 13.056851 2.489922 -0.989455
v 12.969985 2.467562 -0.989455
v 12.880637 2.441469 -0.989455
v 12.788477 2.411566 -0.989455
v 12.693178 2.377775 -0.989455
v 12.594412 2.340017 -0.989455
v 12.491852 2.298215 -0.989455
v 12.491852 1.825976 -0.989455
v -15.197494 -0.398520 0.989455
v -15.137600 -0.433693 0.989455
v -15.077644 -0.465368 0.989455
v -15.017125 -0.493577 0.989455
v -14.955544 -0.518349 0.989455
v -14.892403 -0.539718 0.989455
v -14.827198 -0.557713 0.989455
v -14.759434 -0.572366 0.989455
v -14.688608 -0.583709 0.989455
v -14.614223 -0.591772 0.989455
v -14.535775 -0.596587 0.989455
v -14.452769 -0.598186 0.989455
v -14.301208 -0.587686 0.989455
v -14.161513 -0.557291 0.989455
v -14.033937 -0.508657 0.989455
v -13.918731 -0.443438 0.989455
v -13.816141 -0.363289 0.989455
v -13.726419 -0.269867 0.989455
v -13.649817 -0.164826 0.989455
v -13.586580 -0.049822 0.989455
v -13.536962 0.073490 0.989455
v -13.501210 0.203455 0.989455
v -13.479577 0.338417 0.989455
v -13.472310 0.476721 0.989455
v -13.480244 0.625389 0.989455
v -13.503544 0.765061 0.989455
v -13.541460 0.894990 0.989455
v -13.593245 1.014424 0.989455
v -13.658146 1.122614 0.989455
v -13.735416 1.218811 0.989455
v -13.824305 1.302265 0.989455
v -13.924062 1.372226 0.989455
v -14.033938 1.427945 0.989455
v -14.153185 1.468673 0.989455
v -14.281052 1.493659 0.989455
v -14.416789 1.502155 0.989455
v -14.546474 1.494555 0.989455
v -14.667588 1.471713 0.989455
v -14.779613 1.433568 0.989455
v -14.882032 1.380055 0.989455
v -14.974333 1.311114 0.989455
v -15.055999 1.226682 0.989455
v -15.126514 1.126695 0.989455
v -15.185366 1.011093 0.989455
v -15.232035 0.879811 0.989455
v -15.266008 0.732788 0.989455
v -15.286770 0.569961 0.989455
v -15.293805 0.391268 0.989455
v -13.872590 0.391268 0.989455
v -13.891792 0.295235 0.989455
v -13.917897 0.207307 0.989455
v -13.950873 0.127531 0.989455
v -13.990690 0.055953 0.989455
v -14.037315 -0.007379 0.989455
v -14.090717 -0.062419 0.989455
v -14.150867 -0.109120 0.989455
v -14.217731 -0.147434 0.989455
v -14.291279 -0.177316 0.989455
v -14.371480 -0.198719 0.989455
v -14.458302 -0.211594 0.989455
v -14.551715 -0.215897 0.989455
v -14.612160 -0.214038 0.989455
v -14.672107 -0.208526 0.989455
v -14.731615 -0.199453 0.989455
v -14.790750 -0.186913 0.989455
v -14.849571 -0.171000 0.989455
v -14.908142 -0.151807 0.989455
v -14.966527 -0.129429 0.989455
v -15.024786 -0.103958 0.989455
v -15.082983 -0.075490 0.989455
v -15.141180 -0.044116 0.989455
v -15.199440 -0.009932 0.989455
v -15.257824 0.026969 0.989455
v -15.257824 -0.359817 0.989455
v -14.891309 0.730690 0.989455
v -14.878035 0.799792 0.989455
v -14.858389 0.863648 0.989455
v -14.832560 0.921975 0.989455
v -14.800734 0.974493 0.989455
v -14.763098 1.020920 0.989455
v -14.719841 1.060976 0.989455
v -14.671149 1.094380 0.989455
v -14.617209 1.120849 0.989455
v -14.558211 1.140104 0.989455
v -14.494340 1.151864 0.989455
v -14.425784 1.155846 0.989455
v -14.351859 1.152122 0.989455
v -14.283028 1.141042 0.989455
v -14.219318 1.122747 0.989455
v -14.160763 1.097378 0.989455
v -14.107391 1.065076 0.989455
v -14.059237 1.025980 0.989455
v -14.016328 0.980232 0.989455
v -13.978698 0.927972 0.989455
v -13.946377 0.869340 0.989455
v -13.919396 0.804477 0.989455
v -13.897789 0.733524 0.989455
v -13.881584 0.656621 0.989455
v -14.898024 0.656621 0.989455
v -13.029717 0.971484 0.989455
v -12.976751 1.003222 0.989455
v -12.926284 1.030899 0.989455
v -12.877973 1.054735 0.989455
v -12.831472 1.074948 0.989455
v -12.786440 1.091756 0.989455
v -12.742532 1.105379 0.989455
v -12.699405 1.116035 0.989455
v -12.656714 1.123942 0.989455
v -12.614118 1.129319 0.989455
v -12.571271 1.132385 0.989455
v -12.527831 1.133358 0.989455
v -12.439178 1.127723 0.989455
v -12.355697 1.111141 0.989455
v -12.277867 1.084096 0.989455
v -12.206175 1.047073 0.989455
v -12.141104 1.000554 0.989455
v -12.083138 0.945025 0.989455
v -12.032762 0.880969 0.989455
v -11.990460 0.808871 0.989455
v -11.956717 0.729214 0.989455
v -11.932014 0.642483 0.989455
v -11.916838 0.549163 0.989455
v -11.911672 0.449736 0.989455
v -11.917220 0.348685 0.989455
v -11.933577 0.254864 0.989455
v -11.960300 0.168571 0.989455
v -11.996957 0.090101 0.989455
v -12.043109 0.019752 0.989455
v -12.098318 -0.042180 0.989455
v -12.162147 -0.095398 0.989455
v -12.234159 -0.139605 0.989455
v -12.313917 -0.174505 0.989455
v -12.400984 -0.199801 0.989455
v -12.494922 -0.215196 0.989455
v -12.595294 -0.220394 0.989455
v -12.637860 -0.219457 0.989455
v -12.680225 -0.216646 0.989455
v -12.722559 -0.211961 0.989455
v -12.765033 -0.205402 0.989455
v -12.807819 -0.196970 0.989455
v -12.851089 -0.186663 0.989455
v -12.895017 -0.174482 0.989455
v -12.939771 -0.160427 0.989455
v -12.985524 -0.144499 0.989455
v -13.032449 -0.126696 0.989455
v -13.080717 -0.107019 0.989455
v -13.130499 -0.085469 0.989455
v -13.130499 -0.481250 0.989455
v -13.094334 -0.496778 0.989455
v -13.053686 -0.511775 0.989455
v -13.009136 -0.526085 0.989455
v -12.961259 -0.539551 0.989455
v -12.910633 -0.552018 0.989455
v -12.857837 -0.563330 0.989455
v -12.803448 -0.573329 0.989455
v -12.748044 -0.581861 0.989455
v -12.692202 -0.588769 0.989455
v -12.636500 -0.593896 0.989455
v -12.581518 -0.597087 0.989455
v -12.527831 -0.598186 0.989455
v -12.381054 -0.589612 0.989455
v -12.242615 -0.564454 0.989455
v -12.113358 -0.523555 0.989455
v -11.994126 -0.467757 0.989455
v -11.885764 -0.397905 0.989455
v -11.789114 -0.314842 0.989455
v -11.705019 -0.219410 0.989455
v -11.634324 -0.112454 0.989455
v -11.577871 0.005184 0.989455
v -11.536504 0.132661 0.989455
v -11.511065 0.269132 0.989455
v -11.502397 0.413756 0.989455
v -11.510360 0.575000 0.989455
v -11.533878 0.725500 0.989455
v -11.572389 0.864632 0.989455
v -11.625329 0.991770 0.989455
v -11.692136 1.106290 0.989455
v -11.772247 1.207567 0.989455
v -11.865103 1.294977 0.989455
v -11.970140 1.367895 0.989455
v -12.086794 1.425697 0.989455
v -12.214504 1.467757 0.989455
v -12.352709 1.493451 0.989455
v -12.500846 1.502155 0.989455
v -12.557785 1.501043 0.989455
v -12.611929 1.497761 0.989455
v -12.663669 1.492387 0.989455
v -12.713393 1.484998 0.989455
v -12.761495 1.475672 0.989455
v -12.808362 1.464488 0.989455
v -12.854386 1.451524 0.989455
v -12.899958 1.436857 0.989455
v -12.945466 1.420567 0.989455
v -12.991303 1.402730 0.989455
v -13.037859 1.383426 0.989455
v -13.085524 1.362732 0.989455
v -13.085524 0.935467 0.989455
v -11.202098 -0.469379 0.989455
v -11.162107 -0.494597 0.989455
v -11.125520 -0.516598 0.989455
v -11.091791 -0.535553 0.989455
v -11.060374 -0.551636 0.989455
v -11.030721 -0.565016 0.989455
v -11.002286 -0.575867 0.989455
v -10.974522 -0.584360 0.989455
v -10.946883 -0.590666 0.989455
v -10.918824 -0.594958 0.989455
v -10.889796 -0.597407 0.989455
v -10.859253 -0.598186 0.989455
v -10.817077 -0.596863 0.989455
v -10.778194 -0.592855 0.989455
v -10.742529 -0.586098 0.989455
v -10.710003 -0.576531 0.989455
v -10.680537 -0.564090 0.989455
v -10.654055 -0.548713 0.989455
v -10.630476 -0.530338 0.989455
v -10.609724 -0.508901 0.989455
v -10.591722 -0.484342 0.989454
v -10.576388 -0.456597 0.989454
v -10.563647 -0.425604 0.989454
v -10.553421 -0.391300 0.989454
v -10.509388 -0.424659 0.989454
v -10.465011 -0.455035 0.989454
v -10.420322 -0.482445 0.989454
v -10.375352 -0.506903 0.989454
v -10.330132 -0.528425 0.989454
v -10.284695 -0.547026 0.989454
v -10.239068 -0.562723 0.989454
v -10.193287 -0.575531 0.989454
v -10.147380 -0.585466 0.989454
v -10.101379 -0.592543 0.989454
v -10.055316 -0.596777 0.989454
v -10.009222 -0.598186 0.989454
v -9.937130 -0.593433 0.989454
v -9.869506 -0.579654 0.989454
v -9.806692 -0.557567 0.989454
v -9.749032 -0.527891 0.989454
v -9.696869 -0.491343 0.989454
v -9.650545 -0.448643 0.989454
v -9.610407 -0.400508 0.989454
v -9.576795 -0.347657 0.989454
v -9.550054 -0.290808 0.989454
v -9.530528 -0.230680 0.989454
v -9.518560 -0.167991 0.989454
v -9.514495 -0.103459 0.989454
v -9.521851 -0.009040 0.989454
v -9.542979 0.074714 0.989454
v -9.576477 0.148754 0.989454
v -9.620936 0.214033 0.989454
v -9.674953 0.271504 0.989454
v -9.737123 0.322119 0.989454
v -9.806037 0.366831 0.989454
v -9.880294 0.406593 0.989454
v -9.958485 0.442357 0.989454
v -10.039207 0.475076 0.989454
v -10.121051 0.505702 0.989454
v -10.202615 0.535189 0.989454
v -10.557919 0.661119 0.989454
v -10.557919 0.769059 0.989454
v -10.555389 0.828959 0.989454
v -10.547799 0.882830 0.989454
v -10.535151 0.930830 0.989454
v -10.517442 0.973114 0.989454
v -10.494673 1.009838 0.989454
v -10.466845 1.041159 0.989454
v -10.433956 1.067233 0.989454
v -10.396008 1.088217 0.989454
v -10.353002 1.104265 0.989454
v -10.304934 1.115535 0.989454
v -10.251807 1.122182 0.989454
v -10.193621 1.124363 0.989454
v -10.138451 1.122195 0.989454
v -10.083221 1.115639 0.989454
v -10.028054 1.104616 0.989454
v -9.973075 1.089049 0.989454
v -9.918407 1.068860 0.989454
v -9.864177 1.043970 0.989454
v -9.810509 1.014302 0.989454
v -9.757528 0.979776 0.989454
v -9.705359 0.940316 0.989454
v -9.654127 0.895844 0.989454
v -9.603956 0.846280 0.989454
v -9.554974 0.791547 0.989454
v -9.554974 1.227806 0.989454
v -9.595644 1.271940 0.989454
v -9.638969 1.312155 0.989454
v -9.684980 1.348466 0.989454
v -9.733708 1.380888 0.989454
v -9.785185 1.409438 0.989454
v -9.839441 1.434130 0.989454
v -9.896509 1.454980 0.989454
v -9.956419 1.472005 0.989454
v -10.019201 1.485219 0.989454
v -10.084888 1.494638 0.989454
v -10.153512 1.500278 0.989454
v -10.225102 1.502155 0.989454
v -10.325503 1.497818 0.989454
v -10.421515 1.484706 0.989454
v -10.512312 1.462661 0.989454
v -10.597065 1.431527 0.989454
v -10.674946 1.391148 0.989454
v -10.745129 1.341368 0.989454
v -10.806785 1.282031 0.989454
v -10.859087 1.212981 0.989454
v -10.901206 1.134061 0.989454
v -10.932317 1.045115 0.989454
v -10.951590 0.945988 0.989454
v -10.958199 0.836522 0.989454
v -10.958199 -0.202404 0.989455
v -10.958759 -0.220501 0.989455
v -10.960427 -0.236614 0.989455
v -10.963189 -0.250823 0.989455
v -10.967028 -0.263204 0.989455
v -10.971928 -0.273836 0.989455
v -10.977875 -0.282797 0.989455
v -10.984853 -0.290166 0.989455
v -10.992846 -0.296019 0.989455
v -11.001838 -0.300436 0.989455
v -11.011814 -0.303494 0.989455
v -11.022758 -0.305272 0.989455
v -11.034656 -0.305847 0.989455
v -11.045599 -0.305011 0.989455
v -11.058121 -0.302536 0.989455
v -11.072111 -0.298468 0.989455
v -11.087460 -0.292854 0.989455
v -11.104058 -0.285741 0.989455
v -11.121796 -0.277175 0.989455
v -11.140564 -0.267204 0.989455
v -11.160254 -0.255875 0.989455
v -11.180755 -0.243233 0.989455
v -11.201960 -0.229327 0.989455
v -11.223757 -0.214202 0.989455
v -11.246039 -0.197907 0.989455
v -11.246039 -0.440772 0.989455
v -10.473550 0.411437 0.989454
v -10.391928 0.381711 0.989454
v -10.313930 0.351142 0.989454
v -10.240428 0.319308 0.989454
v -10.172298 0.285787 0.989454
v -10.110415 0.250159 0.989454
v -10.055654 0.212000 0.989454
v -10.008888 0.170890 0.989454
v -9.970992 0.126407 0.989454
v -9.942842 0.078129 0.989454
v -9.925309 0.025634 0.989454
v -9.919271 -0.031498 0.989454
v -9.921758 -0.072031 0.989454
v -9.929038 -0.110267 0.989454
v -9.940847 -0.145974 0.989454
v -9.956919 -0.178917 0.989454
v -9.976989 -0.208861 0.989454
v -10.000791 -0.235573 0.989454
v -10.028059 -0.258818 0.989454
v -10.058529 -0.278362 0.989454
v -10.091935 -0.293971 0.989454
v -10.128011 -0.305410 0.989454
v -10.166492 -0.312445 0.989454
v -10.207113 -0.314842 0.989454
v -10.238407 -0.313543 0.989454
v -10.269327 -0.309699 0.989454
v -10.299872 -0.303387 0.989454
v -10.330044 -0.294686 0.989454
v -10.359839 -0.283674 0.989454
v -10.389261 -0.270429 0.989454
v -10.418307 -0.255029 0.989454
v -10.446980 -0.237551 0.989454
v -10.475276 -0.218075 0.989454
v -10.503199 -0.196678 0.989454
v -10.530746 -0.173438 0.989454
v -10.557919 -0.148434 0.989454
v -10.557919 0.440741 0.989454
v -7.405160 -1.592137 0.989454
v -7.405160 1.461677 0.989454
v -8.097777 1.461677 0.989454
v -8.275111 1.454212 0.989454
v -8.438172 1.431943 0.989454
v -8.586741 1.395058 0.989454
v -8.720600 1.343742 0.989454
v -8.839529 1.278184 0.989454
v -8.943311 1.198572 0.989454
v -9.031725 1.105093 0.989454
v -9.104555 0.997933 0.989454
v -9.161581 0.877281 0.989454
v -9.202584 0.743324 0.989454
v -9.227346 0.596249 0.989454
v -9.235649 0.436243 0.989454
v -9.226893 0.288343 0.989454
v -9.201228 0.148798 0.989454
v -9.159541 0.018466 0.989454
v -9.102721 -0.101793 0.989454
v -9.031660 -0.211121 0.989454
v -8.947246 -0.308658 0.989454
v -8.850369 -0.393546 0.989454
v -8.741921 -0.464926 0.989454
v -8.622792 -0.521939 0.989454
v -8.493871 -0.563725 0.989454
v -8.356049 -0.589427 0.989454
v -8.210216 -0.598186 0.989454
v -8.177773 -0.597618 0.989454
v -8.145563 -0.595895 0.989454
v -8.113448 -0.592985 0.989454
v -8.081286 -0.588857 0.989454
v -8.048937 -0.583480 0.989454
v -8.016260 -0.576822 0.989454
v -7.983115 -0.568853 0.989454
v -7.949360 -0.559540 0.989454
v -7.914856 -0.548853 0.989454
v -7.879461 -0.536761 0.989454
v -7.843036 -0.523232 0.989454
v -7.805439 -0.508235 0.989454
v -7.805439 -1.592137 0.989454
v -7.835977 -0.162486 0.989454
v -7.866843 -0.175398 0.989454
v -7.897990 -0.187155 0.989454
v -7.929371 -0.197740 0.989454
v -7.960939 -0.207138 0.989454
v -7.992649 -0.215334 0.989454
v -8.024451 -0.222312 0.989454
v -8.056301 -0.228057 0.989454
v -8.088150 -0.232551 0.989454
v -8.119953 -0.235781 0.989454
v -8.151662 -0.237731 0.989454
v -8.183230 -0.238384 0.989454
v -8.274302 -0.232494 0.989454
v -8.360487 -0.215251 0.989454
v -8.441205 -0.187295 0.989454
v -8.515880 -0.149267 0.989454
v -8.583934 -0.101806 0.989454
v -8.644788 -0.045553 0.989454
v -8.697865 0.018851 0.989454
v -8.742588 0.090767 0.989454
v -8.778378 0.169555 0.989454
v -8.804658 0.254573 0.989454
v -8.820849 0.345182 0.989454
v -8.826375 0.440741 0.989454
v -8.821786 0.541615 0.989454
v -8.808030 0.634946 0.989454
v -8.785124 0.720500 0.989454
v -8.753081 0.798044 0.989454
v -8.711920 0.867341 0.989454
v -8.661654 0.928159 0.989454
v -8.602298 0.980263 0.989454
v -8.533870 1.023419 0.989454
v -8.456384 1.057392 0.989454
v -8.369857 1.081949 0.989454
v -8.274302 1.096855 0.989454
v -8.169738 1.101876 0.989454
v -7.805439 1.101876 0.989454
v -7.805439 -0.148434 0.989454
v -6.818441 1.893218 0.989454
v -6.753936 1.944515 0.989454
v -6.690054 1.989222 0.989454
v -6.626923 2.027698 0.989454
v -6.564666 2.060302 0.989454
v -6.503408 2.087394 0.989454
v -6.443274 2.109333 0.989454
v -6.384390 2.126477 0.989454
v -6.326880 2.139186 0.989454
v -6.270869 2.147819 0.989454
v -6.216482 2.152735 0.989454
v -6.163845 2.154294 0.989454
v -6.094766 2.151249 0.989454
v -6.029481 2.142301 0.989454
v -5.968414 2.127731 0.989454
v -5.911984 2.107821 0.989454
v -5.860613 2.082850 0.989454
v -5.814725 2.053101 0.989454
v -5.774739 2.018854 0.989454
v -5.741078 1.980391 0.989454
v -5.714163 1.937992 0.989454
v -5.694417 1.891940 0.989454
v -5.682259 1.842513 0.989454
v -5.678113 1.789996 0.989454
v -5.704217 1.654247 0.989454
v -5.776391 1.537926 0.989454
v -5.885419 1.435535 0.989454
v -6.022089 1.341576 0.989454
v -6.177186 1.250554 0.989454
v -6.341496 1.156970 0.989454
v -6.505806 1.055328 0.989454
v -6.660903 0.940131 0.989454
v -6.797573 0.805883 0.989454
v -6.906601 0.647085 0.989454
v -6.978775 0.458241 0.989454
v -7.004880 0.233855 0.989454
v -6.997426 0.116391 0.989454
v -6.975605 0.005127 0.989454
v -6.940228 -0.099172 0.989454
v -6.892109 -0.195741 0.989454
v -6.832059 -0.283815 0.989454
v -6.760890 -0.362628 0.989454
v -6.679414 -0.431416 0.989454
v -6.588444 -0.489412 0.989454
v -6.488790 -0.535853 0.989454
v -6.381266 -0.569972 0.989454
v -6.266684 -0.591005 0.989454
v -6.145855 -0.598186 0.989454
v -6.063934 -0.596304 0.989454
v -5.984465 -0.590627 0.989454
v -5.907275 -0.581109 0.989454
v -5.832195 -0.567702 0.989454
v -5.759050 -0.550360 0.989454
v -5.687670 -0.529036 0.989454
v -5.617883 -0.503683 0.989454
v -5.549517 -0.474254 0.989454
v -5.482401 -0.440702 0.989454
v -5.416362 -0.402981 0.989454
v -5.351228 -0.361043 0.989454
v -5.286829 -0.314842 0.989454
v -5.286829 0.242850 0.989454
v -5.344243 0.173623 0.989454
v -5.403952 0.109923 0.989454
v -5.465816 0.051846 0.989454
v -5.529695 -0.000516 0.989454
v -5.595448 -0.047068 0.989454
v -5.662934 -0.087717 0.989454
v -5.732013 -0.122370 0.989454
v -5.802545 -0.150933 0.989454
v -5.874388 -0.173311 0.989454
v -5.947402 -0.189411 0.989454
v -6.021447 -0.199140 0.989454
v -6.096382 -0.202404 0.989454
v -6.178009 -0.198058 0.989454
v -6.252046 -0.185622 0.989454
v -6.318588 -0.166002 0.989454
v -6.377727 -0.140105 0.989454
v -6.429557 -0.108836 0.989454
v -6.474174 -0.073101 0.989454
v -6.511668 -0.033804 0.989454
v -6.542136 0.008146 0.989454
v -6.565670 0.051846 0.989454
v -6.582364 0.096389 0.989454
v -6.592311 0.140870 0.989454
v -6.595607 0.184382 0.989454
v -6.569502 0.331977 0.989454
v -6.497328 0.460771 0.989454
v -6.388300 0.575385 0.989454
v -6.251630 0.680441 0.989454
v -6.096534 0.780563 0.989454
v -5.932223 0.880373 0.989454
v -5.767913 0.984492 0.989454
v -5.612816 1.097545 0.989454
v -5.476147 1.224152 0.989454
v -5.367118 1.368936 0.989454
v -5.294944 1.536521 0.989454
v -5.268839 1.731528 0.989454
v -5.276421 1.852506 0.989454
v -5.298760 1.965503 0.989454
v -5.335248 2.070036 0.989454
v -5.385275 2.165622 0.989454
v -5.448232 2.251775 0.989454
v -5.523511 2.328011 0.989454
v -5.610502 2.393847 0.989454
v -5.708596 2.448799 0.989454
v -5.817184 2.492381 0.989454
v -5.935658 2.524111 0.989454
v -6.063408 2.543504 0.989454
v -6.199825 2.550076 0.989454
v -6.258282 2.548577 0.989454
v -6.316677 2.544079 0.989454
v -6.374947 2.536583 0.989454
v -6.433030 2.526089 0.989454
v -6.490862 2.512597 0.989454
v -6.548382 2.496106 0.989454
v -6.605528 2.476616 0.989454
v -6.662236 2.454129 0.989454
v -6.718444 2.428643 0.989454
v -6.774091 2.400158 0.989454
v -6.829113 2.368676 0.989454
v -6.883448 2.334195 0.989454
v -6.883448 1.834971 0.989454
v -3.593900 -0.398520 0.989454
v -3.534006 -0.433693 0.989454
v -3.474050 -0.465368 0.989454
v -3.413531 -0.493577 0.989454
v -3.351951 -0.518349 0.989454
v -3.288809 -0.539718 0.989454
v -3.223605 -0.557713 0.989454
v -3.155840 -0.572366 0.989454
v -3.085015 -0.583709 0.989454
v -3.010629 -0.591772 0.989454
v -2.932183 -0.596587 0.989454
v -2.849177 -0.598186 0.989454
v -2.697614 -0.587686 0.989454
v -2.557921 -0.557291 0.989454
v -2.430346 -0.508657 0.989454
v -2.315138 -0.443438 0.989454
v -2.212549 -0.363289 0.989454
v -2.122828 -0.269867 0.989454
v -2.046224 -0.164826 0.989454
v -1.982988 -0.049822 0.989454
v -1.933370 0.073490 0.989454
v -1.897619 0.203455 0.989454
v -1.875985 0.338417 0.989454
v -1.868718 0.476721 0.989454
v -1.876651 0.625389 0.989454
v -1.899951 0.765061 0.989454
v -1.937867 0.894990 0.989454
v -1.989651 1.014424 0.989454
v -2.054553 1.122614 0.989454
v -2.131823 1.218811 0.989454
v -2.220711 1.302265 0.989454
v -2.320469 1.372226 0.989454
v -2.430346 1.427945 0.989454
v -2.549592 1.468673 0.989454
v -2.677459 1.493659 0.989454
v -2.813197 1.502155 0.989454
v -2.942883 1.494555 0.989454
v -3.063996 1.471713 0.989454
v -3.176020 1.433568 0.989454
v -3.278440 1.380055 0.989454
v -3.370740 1.311114 0.989454
v -3.452406 1.226682 0.989454
v -3.522922 1.126695 0.989454
v -3.581772 1.011093 0.989454
v -3.628441 0.879811 0.989454
v -3.662415 0.732788 0.989454
v -3.683177 0.569961 0.989454
v -3.690212 0.391268 0.989454
v -2.268997 0.391268 0.989454
v -2.288200 0.295235 0.989454
v -2.314306 0.207307 0.989454
v -2.347282 0.127531 0.989454
v -2.387099 0.055953 0.989454
v -2.433724 -0.007379 0.989454
v -2.487127 -0.062419 0.989454
v -2.547276 -0.109120 0.989454
v -2.614140 -0.147434 0.989454
v -2.687688 -0.177316 0.989454
v -2.767888 -0.198719 0.989454
v -2.854710 -0.211594 0.989454
v -2.948122 -0.215897 0.989454
v -3.008568 -0.214038 0.989454
v -3.068514 -0.208526 0.989454
v -3.128023 -0.199453 0.989454
v -3.187157 -0.186913 0.989454
v -3.245979 -0.171000 0.989454
v -3.304550 -0.151807 0.989454
v -3.362935 -0.129429 0.989454
v -3.421194 -0.103958 0.989454
v -3.479391 -0.075490 0.989454
v -3.537588 -0.044116 0.989454
v -3.595848 -0.009932 0.989454
v -3.654232 0.026969 0.989454
v -3.654232 -0.359817 0.989454
v -3.287716 0.730690 0.989454
v -3.274442 0.799792 0.989454
v -3.254797 0.863648 0.989454
v -3.228967 0.921975 0.989454
v -3.197141 0.974493 0.989454
v -3.159505 1.020920 0.989454
v -3.116248 1.060976 0.989454
v -3.067556 1.094380 0.989454
v -3.013617 1.120849 0.989454
v -2.954618 1.140104 0.989454
v -2.890748 1.151864 0.989454
v -2.822192 1.155846 0.989454
v -2.748269 1.152122 0.989454
v -2.679437 1.141042 0.989454
v -2.615728 1.122747 0.989454
v -2.557172 1.097378 0.989454
v -2.503800 1.065076 0.989454
v -2.455644 1.025980 0.989454
v -2.412735 0.980232 0.989454
v -2.375105 0.927972 0.989454
v -2.342785 0.869340 0.989454
v -2.315805 0.804477 0.989454
v -2.294197 0.733524 0.989454
v -2.277992 0.656621 0.989454
v -3.294431 0.656621 0.989454
v -0.119184 1.196324 0.989453
v -0.158871 1.242967 0.989453
v -0.201306 1.286128 0.989453
v -0.246239 1.325697 0.989453
v -0.293421 1.361566 0.989453
v -0.342603 1.393623 0.989453
v -0.393533 1.421762 0.989453
v -0.445962 1.445871 0.989453
v -0.499641 1.465841 0.989453
v -0.554319 1.481564 0.989453
v -0.609747 1.492931 0.989453
v -0.665674 1.499830 0.989453
v -0.721852 1.502155 0.989454
v -0.818532 1.496525 0.989454
v -0.910247 1.479605 0.989454
v -0.996340 1.451347 0.989454
v -1.076156 1.411705 0.989454
v -1.149037 1.360631 0.989454
v -1.214329 1.298080 0.989454
v -1.271376 1.224004 0.989454
v -1.319521 1.138355 0.989454
v -1.358109 1.041089 0.989454
v -1.386484 0.932157 0.989454
v -1.403990 0.811512 0.989454
v -1.409971 0.679109 0.989454
v -1.409971 -0.557708 0.989454
v -1.009693 -0.557708 0.989454
v -1.009693 0.692602 0.989454
v -1.006543 0.764603 0.989454
v -0.997241 0.831983 0.989454
v -0.982005 0.894428 0.989454
v -0.961053 0.951625 0.989454
v -0.934604 1.003263 0.989454
v -0.902877 1.049030 0.989454
v -0.866090 1.088612 0.989454
v -0.824462 1.121698 0.989454
v -0.778211 1.147975 0.989454
v -0.727557 1.167131 0.989454
v -0.672717 1.178854 0.989454
v -0.613911 1.182831 0.989454
v -0.570760 1.181116 0.989454
v -0.528812 1.175856 0.989454
v -0.487770 1.166879 0.989453
v -0.447336 1.154014 0.989453
v -0.407215 1.137088 0.989453
v -0.367110 1.115930 0.989453
v -0.326723 1.090369 0.989453
v -0.285759 1.060232 0.989453
v -0.243920 1.025348 0.989453
v -0.200910 0.985544 0.989453
v -0.156432 0.940650 0.989453
v -0.110189 0.890492 0.989453
v -0.110189 -0.557708 0.989454
v 0.290090 -0.557708 0.989454
v 0.290090 2.509598 0.989453
v -0.110189 2.509598 0.989453
v -0.110189 1.196324 0.989453
v 1.702310 2.113817 0.989453
v 1.702310 -0.557708 0.989453
v 2.143067 -0.557708 0.989453
v 2.143067 2.113817 0.989453
v 3.204480 2.113817 0.989453
v 3.204480 2.509598 0.989453
v 0.640896 2.509598 0.989453
v 0.640896 2.113817 0.989453
v 4.861506 0.975302 0.989453
v 4.916681 1.007157 0.989453
v 4.970951 1.035607 0.989453
v 5.024143 1.060732 0.989453
v 5.076086 1.082608 0.989453
v 5.126607 1.101313 0.989453
v 5.175536 1.116927 0.989453
v 5.222700 1.129527 0.989453
v 5.267928 1.139191 0.989453
v 5.311047 1.145997 0.989453
v 5.351886 1.150024 0.989453
v 5.390274 1.151348 0.989453
v 5.429507 1.149781 0.989453
v 5.466148 1.145185 0.989453
v 5.500041 1.137715 0.989453
v 5.531029 1.127528 0.989453
v 5.558957 1.114780 0.989453
v 5.583667 1.099627 0.989453
v 5.605004 1.082225 0.989453
v 5.622812 1.062730 0.989453
v 5.636935 1.041300 0.989453
v 5.647215 1.018089 0.989453
v 5.653498 0.993253 0.989453
v 5.655627 0.966950 0.989453
v 5.652767 0.944041 0.989453
v 5.643988 0.920101 0.989453
v 5.628994 0.894849 0.989453
v 5.607487 0.868005 0.989453
v 5.579173 0.839286 0.989453
v 5.543752 0.808413 0.989453
v 5.500929 0.775103 0.989453
v 5.450408 0.739076 0.989453
v 5.391891 0.700050 0.989453
v 5.325081 0.657746 0.989453
v 5.249682 0.611881 0.989453
v 5.165398 0.562174 0.989453
v 5.086546 0.508680 0.989453
v 5.016189 0.458044 0.989453
v 4.954015 0.409750 0.989453
v 4.899711 0.363284 0.989453
v 4.852966 0.318129 0.989453
v 4.813468 0.273771 0.989453
v 4.780902 0.229693 0.989453
v 4.754958 0.185382 0.989453
v 4.735323 0.140321 0.989453
v 4.721684 0.093995 0.989453
v 4.713731 0.045889 0.989453
v 4.711149 -0.004513 0.989453
v 4.716946 -0.090833 0.989453
v 4.733908 -0.171858 0.989453
v 4.761395 -0.247168 0.989453
v 4.798768 -0.316341 0.989453
v 4.845385 -0.378955 0.989453
v 4.900607 -0.434588 0.989453
v 4.963793 -0.482820 0.989453
v 5.034304 -0.523227 0.989453
v 5.111498 -0.555389 0.989453
v 5.194736 -0.578884 0.989453
v 5.283377 -0.593290 0.989453
v 5.376781 -0.598186 0.989453
v 5.437568 -0.597134 0.989453
v 5.496528 -0.593896 0.989453
v 5.554082 -0.588347 0.989453
v 5.610653 -0.580362 0.989453
v 5.666661 -0.569816 0.989453
v 5.722528 -0.556583 0.989453
v 5.778677 -0.540540 0.989453
v 5.835528 -0.521561 0.989453
v 5.893504 -0.499521 0.989453
v 5.953026 -0.474296 0.989453
v 6.014515 -0.445759 0.989453
v 6.078394 -0.413787 0.989453
v 6.078394 0.017974 0.989453
v 6.013680 -0.025038 0.989453
v 5.950090 -0.064147 0.989453
v 5.887812 -0.099383 0.989453
v 5.827033 -0.130777 0.989453
v 5.767941 -0.158361 0.989453
v 5.710722 -0.182165 0.989453
v 5.655565 -0.202222 0.989453
v 5.602657 -0.218562 0.989453
v 5.552185 -0.231216 0.989453
v 5.504336 -0.240217 0.989453
v 5.459298 -0.245594 0.989453
v 5.417259 -0.247379 0.989453
v 5.377406 -0.243725 0.989453
v 5.339052 -0.237260 0.989453
v 5.302572 -0.227984 0.989453
v 5.268341 -0.215897 0.989453
v 5.236733 -0.200999 0.989453
v 5.208124 -0.183290 0.989453
v 5.182889 -0.162770 0.989453
v 5.161400 -0.139439 0.989453
v 5.144035 -0.113297 0.989453
v 5.131167 -0.084344 0.989453
v 5.123171 -0.052581 0.989453
v 5.120423 -0.018006 0.989453
v 5.139006 0.049293 0.989453
v 5.190384 0.112984 0.989453
v 5.267997 0.174895 0.989453
v 5.365287 0.236853 0.989453
v 5.475695 0.300685 0.989453
v 5.592662 0.368218 0.989453
v 5.709629 0.441280 0.989453
v 5.820036 0.521696 0.989453
v 5.917326 0.611295 0.989453
v 5.994940 0.711903 0.989453
v 6.046318 0.825349 0.989453
v 6.064901 0.953458 0.989453
v 6.059535 1.036058 0.989453
v 6.043705 1.112786 0.989453
v 6.017818 1.183393 0.989453
v 5.982281 1.247628 0.989453
v 5.937498 1.305242 0.989453
v 5.883876 1.355985 0.989453
v 5.821822 1.399607 0.989453
v 5.751741 1.435858 0.989453
v 5.674039 1.464488 0.989453
v 5.589122 1.485247 0.989453
v 5.497397 1.497886 0.989453
v 5.399269 1.502155 0.989453
v 5.351945 1.501028 0.989453
v 5.304385 1.497636 0.989453
v 5.256544 1.491965 0.989453
v 5.208375 1.483998 0.989453
v 5.159832 1.473720 0.989453
v 5.110866 1.461115 0.989453
v 5.061432 1.446167 0.989453
v 5.011484 1.428862 0.989453
v 4.960972 1.409183 0.989453
v 4.909852 1.387114 0.989453
v 4.858076 1.362641 0.989453
v 4.805597 1.335747 0.989453
v 4.805597 0.939965 0.989453
v 6.593049 0.975302 0.989453
v 6.648224 1.007157 0.989453
v 6.702494 1.035607 0.989453
v 6.755686 1.060732 0.989453
v 6.807629 1.082608 0.989453
v 6.858150 1.101313 0.989453
v 6.907079 1.116927 0.989453
v 6.954244 1.129527 0.989453
v 6.999471 1.139191 0.989453
v 7.042591 1.145997 0.989453
v 7.083430 1.150024 0.989453
v 7.121818 1.151348 0.989453
v 7.161050 1.149781 0.989453
v 7.197692 1.145185 0.989453
v 7.231585 1.137715 0.989453
v 7.262573 1.127528 0.989453
v 7.290500 1.114780 0.989453
v 7.315211 1.099627 0.989453
v 7.336547 1.082225 0.989453
v 7.354356 1.062730 0.989453
v 7.368478 1.041300 0.989453
v 7.378759 1.018089 0.989453
v 7.385042 0.993253 0.989453
v 7.387171 0.966950 0.989453
v 7.384311 0.944041 0.989453
v 7.375532 0.920101 0.989453
v 7.360538 0.894849 0.989453
v 7.339031 0.868005 0.989453
v 7.310716 0.839286 0.989453
v 7.275296 0.808413 0.989453
v 7.232473 0.775103 0.989453
v 7.181952 0.739076 0.989453
v 7.123435 0.700050 0.989453
v 7.056625 0.657746 0.989453
v 6.981226 0.611881 0.989453
v 6.896942 0.562174 0.989453
v 6.818090 0.508680 0.989453
v 6.747733 0.458044 0.989453
v 6.685558 0.409750 0.989453
v 6.631255 0.363284 0.989453
v 6.584510 0.318129 0.989453
v 6.545011 0.273771 0.989453
v 6.512445 0.229693 0.989453
v 6.486501 0.185382 0.989453
v 6.466866 0.140321 0.989453
v 6.453228 0.093995 0.989453
v 6.445274 0.045889 0.989453
v 6.442692 -0.004513 0.989453
v 6.448489 -0.090833 0.989453
v 6.465451 -0.171858 0.989453
v 6.492939 -0.247168 0.989453
v 6.530312 -0.316341 0.989453
v 6.576929 -0.378955 0.989453
v 6.632151 -0.434588 0.989453
v 6.695337 -0.482820 0.989453
v 6.765848 -0.523227 0.989453
v 6.843042 -0.555389 0.989453
v 6.926280 -0.578884 0.989453
v 7.014921 -0.593290 0.989453
v 7.108325 -0.598186 0.989453
v 7.169112 -0.597134 0.989453
v 7.228072 -0.593896 0.989453
v 7.285626 -0.588347 0.989453
v 7.342196 -0.580362 0.989453
v 7.398204 -0.569816 0.989453
v 7.454072 -0.556583 0.989453
v 7.510221 -0.540540 0.989453
v 7.567072 -0.521561 0.989453
v 7.625048 -0.499521 0.989453
v 7.684569 -0.474296 0.989453
v 7.746059 -0.445759 0.989453
v 7.809937 -0.413787 0.989453
v 7.809937 0.017974 0.989453
v 7.745224 -0.025038 0.989453
v 7.681634 -0.064147 0.989453
v 7.619356 -0.099383 0.989453
v 7.558577 -0.130777 0.989453
v 7.499485 -0.158361 0.989453
v 7.442266 -0.182165 0.989453
v 7.387109 -0.202222 0.989453
v 7.334200 -0.218562 0.989453
v 7.283728 -0.231216 0.989453
v 7.235880 -0.240217 0.989453
v 7.190842 -0.245594 0.989453
v 7.148803 -0.247379 0.989453
v 7.108950 -0.243725 0.989453
v 7.070596 -0.237260 0.989453
v 7.034116 -0.227984 0.989453
v 6.999885 -0.215897 0.989453
v 6.968277 -0.200999 0.989453
v 6.939668 -0.183290 0.989453
v 6.914432 -0.162770 0.989453
v 6.892944 -0.139439 0.989453
v 6.875578 -0.113297 0.989453
v 6.862710 -0.084344 0.989453
v 6.854715 -0.052581 0.989453
v 6.851967 -0.018006 0.989453
v 6.870550 0.049293 0.989453
v 6.921927 0.112984 0.989453
v 6.999541 0.174895 0.989453
v 7.096831 0.236853 0.989453
v 7.207239 0.300685 0.989453
v 7.324205 0.368218 0.989453
v 7.441172 0.441280 0.989453
v 7.551580 0.521696 0.989453
v 7.648870 0.611295 0.989453
v 7.726484 0.711903 0.989453
v 7.777862 0.825349 0.989453
v 7.796445 0.953458 0.989453
v 7.791079 1.036058 0.989453
v 7.775249 1.112786 0.989453
v 7.749362 1.183393 0.989453
v 7.713824 1.247628 0.989453
v 7.669042 1.305242 0.989453
v 7.615420 1.355985 0.989453
v 7.553366 1.399607 0.989453
v 7.483285 1.435858 0.989453
v 7.405583 1.464488 0.989453
v 7.320666 1.485247 0.989453
v 7.228940 1.497886 0.989453
v 7.130813 1.502155 0.989453
v 7.083488 1.501028 0.989453
v 7.035929 1.497636 0.989453
v 6.988088 1.491965 0.989453
v 6.939919 1.483998 0.989453
v 6.891375 1.473720 0.989453
v 6.842410 1.461115 0.989453
v 6.792976 1.446167 0.989453
v 6.743027 1.428862 0.989453
v 6.692516 1.409183 0.989453
v 6.641396 1.387114 0.989453
v 6.589620 1.362641 0.989453
v 6.537140 1.335747 0.989453
v 6.537140 0.939965 0.989453
v 8.165382 0.317002 0.989453
v 8.192226 0.171181 0.989453
v 8.235937 0.035543 0.989453
v 8.295670 -0.089133 0.989453
v 8.370582 -0.202066 0.989453
v 8.459828 -0.302474 0.989453
v 8.562569 -0.389577 0.989453
v 8.677958 -0.462594 0.989453
v 8.805153 -0.520744 0.989453
v 8.943312 -0.563246 0.989453
v 9.091589 -0.589321 0.989453
v 9.249143 -0.598186 0.989453
v 9.400496 -0.588977 0.989453
v 9.543605 -0.561997 0.989453
v 9.677531 -0.518214 0.989453
v 9.801337 -0.458596 0.989453
v 9.914088 -0.384111 0.989453
v 10.014845 -0.295728 0.989453
v 10.102671 -0.194414 0.989453
v 10.176630 -0.081138 0.989453
v 10.235785 0.043132 0.989453
v 10.279199 0.177428 0.989453
v 10.305934 0.320781 0.989453
v 10.315054 0.472223 0.989453
v 10.305592 0.614367 0.989453
v 10.277950 0.749966 0.989453
v 10.233256 0.877914 0.989453
v 10.172633 0.997100 0.989453
v 10.097206 1.106418 0.989453
v 10.008099 1.204756 0.989453
v 9.906436 1.291008 0.989453
v 9.793343 1.364064 0.989453
v 9.669942 1.422816 0.989453
v 9.537358 1.466154 0.989453
v 9.396718 1.492970 0.989453
v 9.249143 1.502155 0.989453
v 9.094424 1.493314 0.989453
v 8.947997 1.467404 0.989453
v 8.810846 1.425346 0.989453
v 8.683955 1.368062 0.989453
v 8.568308 1.296474 0.989453
v 8.464889 1.211503 0.989453
v 8.374681 1.114070 0.989453
v 8.298668 1.005096 0.989453
v 8.237834 0.885503 0.989453
v 8.193164 0.756212 0.989453
v 8.165640 0.618145 0.989453
v 8.156246 0.472223 0.989453
v 9.900335 0.368487 0.989453
v 9.884334 0.271230 0.989453
v 9.858275 0.180939 0.989453
v 9.822659 0.098097 0.989453
v 9.777987 0.023188 0.989453
v 9.724755 -0.043304 0.989453
v 9.663466 -0.100895 0.989453
v 9.594619 -0.149100 0.989453
v 9.518713 -0.187436 0.989453
v 9.436248 -0.215418 0.989453
v 9.347724 -0.232562 0.989453
v 9.253640 -0.238384 0.989453
v 9.151290 -0.232822 0.989453
v 9.055874 -0.216375 0.989453
v 8.967767 -0.189403 0.989453
v 8.887342 -0.152265 0.989453
v 8.814976 -0.105320 0.989453
v 8.751042 -0.048926 0.989453
v 8.695916 0.016556 0.989453
v 8.649973 0.090767 0.989453
v 8.613587 0.173349 0.989453
v 8.587133 0.263943 0.989453
v 8.570986 0.362188 0.989453
v 8.565520 0.467726 0.989453
v 8.571416 0.563197 0.989453
v 8.588695 0.653561 0.989453
v 8.616750 0.738209 0.989453
v 8.654971 0.816533 0.989453
v 8.702749 0.887924 0.989453
v 8.759476 0.951771 0.989453
v 8.824541 1.007467 0.989453
v 8.897337 1.054402 0.989453
v 8.977254 1.091967 0.989453
v 9.063683 1.119553 0.989453
v 9.156014 1.136552 0.989453
v 9.253640 1.142353 0.989453
v 9.345836 1.136555 0.989453
v 9.433125 1.119574 0.989453
v 9.514919 1.092037 0.989453
v 9.590622 1.054569 0.989453
v 9.659640 1.007792 0.989453
v 9.721382 0.952333 0.989453
v 9.775253 0.888816 0.989453
v 9.820661 0.817866 0.989453
v 9.857010 0.740107 0.989453
v 9.883709 0.656163 0.989453
v 9.900163 0.566661 0.989453
v 9.905780 0.472223 0.989453
v 11.547375 0.998433 0.989452
v 11.538379 0.998433 0.989452
v 11.487965 1.082982 0.989452
v 11.437913 1.159115 0.989452
v 11.388204 1.227033 0.989452
v 11.338822 1.286940 0.989452
v 11.289753 1.339039 0.989452
v 11.240981 1.383533 0.989452
v 11.192490 1.420624 0.989452
v 11.144263 1.450516 0.989452
v 11.096287 1.473413 0.989452
v 11.048546 1.489516 0.989452
v 11.001022 1.499029 0.989452
v 10.953702 1.502155 0.989452
v 10.913397 1.500559 0.989452
v 10.873391 1.495762 0.989453
v 10.833603 1.487749 0.989453
v 10.793956 1.476502 0.989453
v 10.754371 1.462007 0.989453
v 10.714770 1.444249 0.989453
v 10.675076 1.423211 0.989453
v 10.635210 1.398878 0.989453
v 10.595095 1.371235 0.989453
v 10.554651 1.340265 0.989453
v 10.513802 1.305953 0.989453
v 10.472467 1.268284 0.989453
v 10.683850 0.921975 0.989453
v 10.714902 0.950433 0.989453
v 10.747108 0.977236 0.989453
v 10.780127 1.002228 0.989453
v 10.813613 1.025251 0.989453
v 10.847225 1.046151 0.989453
v 10.880618 1.064771 0.989453
v 10.913448 1.080955 0.989453
v 10.945374 1.094546 0.989453
v 10.976050 1.105389 0.989453
v 11.005133 1.113328 0.989453
v 11.032279 1.118205 0.989453
v 11.057145 1.119866 0.989453
v 11.124423 1.114267 0.989452
v 11.188719 1.097940 0.989452
v 11.249484 1.071588 0.989452
v 11.306174 1.035912 0.989452
v 11.358241 0.991616 0.989452
v 11.405140 0.939403 0.989452
v 11.446323 0.879975 0.989452
v 11.481245 0.814035 0.989452
v 11.509357 0.742285 0.989452
v 11.530113 0.665429 0.989452
v 11.542968 0.584169 0.989452
v 11.547375 0.499208 0.989452
v 11.547375 -0.557708 0.989453
v 11.947653 -0.557708 0.989452
v 11.947653 1.461677 0.989452
v 11.547375 1.461677 0.989452
v 12.585225 1.878554 0.989452
v 12.676646 1.926150 0.989452
v 12.766412 1.968843 0.989452
v 12.854819 2.006710 0.989452
v 12.942163 2.039829 0.989452
v 13.028744 2.068280 0.989452
v 13.114855 2.092139 0.989452
v 13.200795 2.111485 0.989452
v 13.286860 2.126396 0.989452
v 13.373345 2.136950 0.989452
v 13.460549 2.143225 0.989452
v 13.548769 2.145299 0.989452
v 13.720226 2.135087 0.989452
v 13.883001 2.105197 0.989452
v 14.035907 2.056755 0.989452
v 14.177755 1.990885 0.989452
v 14.307362 1.908712 0.989452
v 14.423536 1.811359 0.989452
v 14.525095 1.699952 0.989452
v 14.610849 1.575614 0.989452
v 14.679614 1.439471 0.989452
v 14.730200 1.292645 0.989452
v 14.761422 1.136263 0.989452
v 14.772094 0.971448 0.989452
v 14.761754 0.803975 0.989452
v 14.731364 0.646231 0.989452
v 14.681861 0.499138 0.989452
v 14.614181 0.363617 0.989452
v 14.529258 0.240588 0.989452
v 14.428033 0.130974 0.989452
v 14.311441 0.035696 0.989452
v 14.180420 -0.044325 0.989452
v 14.035907 -0.108167 0.989452
v 13.878838 -0.154909 0.989452
v 13.710149 -0.183631 0.989452
v 13.530779 -0.193409 0.989452
v 13.443583 -0.190890 0.989452
v 13.355293 -0.183373 0.989452
v 13.266129 -0.170921 0.989452
v 13.176309 -0.153598 0.989452
v 13.086050 -0.131464 0.989452
v 12.995575 -0.104583 0.989452
v 12.905099 -0.073017 0.989452
v 12.814841 -0.036829 0.989452
v 12.725020 0.003920 0.989452
v 12.635857 0.049165 0.989452
v 12.547565 0.098846 0.989452
v 12.460369 0.152900 0.989452
v 12.460369 -0.328335 0.989452
v 12.536338 -0.366712 0.989452
v 12.613868 -0.402981 0.989452
v 12.693397 -0.436907 0.989452
v 12.775361 -0.468257 0.989452
v 12.860200 -0.496796 0.989452
v 12.948349 -0.522290 0.989452
v 13.040246 -0.544504 0.989452
v 13.136329 -0.563205 0.989452
v 13.237034 -0.578157 0.989452
v 13.342798 -0.589128 0.989452
v 13.454061 -0.595882 0.989452
v 13.571257 -0.598186 0.989452
v 13.845688 -0.580381 0.989452
v 14.093635 -0.529578 0.989452
v 14.315596 -0.449697 0.989452
v 14.512071 -0.344659 0.989452
v 14.683558 -0.218382 0.989452
v 14.830562 -0.074787 0.989452
v 14.953577 0.082207 0.989452
v 15.053104 0.248680 0.989452
v 15.129645 0.420713 0.989452
v 15.183699 0.594385 0.989452
v 15.215765 0.765777 0.989452
v 15.226342 0.930970 0.989452
v 15.211884 1.159344 0.989452
v 15.169520 1.375724 0.989452
v 15.100763 1.578612 0.989452
v 15.007130 1.766509 0.989452
v 14.890135 1.937914 0.989452
v 14.751292 2.091329 0.989452
v 14.592116 2.225255 0.989452
v 14.414124 2.338193 0.989452
v 14.218828 2.428643 0.989452
v 14.007745 2.495106 0.989452
v 13.782388 2.536084 0.989452
v 13.544271 2.550076 0.989452
v 13.465415 2.548470 0.989452
v 13.386045 2.543601 0.989452
v 13.305832 2.535389 0.989452
v 13.224446 2.523757 0.989452
v 13.141562 2.508627 0.989452
v 13.056851 2.489922 0.989452
v 12.969985 2.467562 0.989452
v 12.880637 2.441469 0.989452
v 12.788477 2.411566 0.989452
v 12.693178 2.377775 0.989452
v 12.594412 2.340017 0.989452
v 12.491852 2.298215 0.989452
v 12.491852 1.825976 0.989452
v 12.585225 1.878554 0.989452
v 12.585225 1.878554 -0.989455
v 12.676646 1.926150 0.989452
v 12.676646 1.926150 -0.989455
v 12.766412 1.968843 0.989452
v 12.766412 1.968843 -0.989455
v 12.854819 2.006710 0.989452
v 12.854819 2.006710 -0.989455
v 12.942163 2.039829 0.989452
v 12.942163 2.039829 -0.989455
v 13.028744 2.068280 0.989452
v 13.028744 2.068280 -0.989455
v 13.114855 2.092139 0.989452
v 13.114855 2.092139 -0.989455
v 13.200795 2.111485 0.989452
v 13.200795 2.111485 -0.989455
v 13.286860 2.126396 0.989452
v 13.286860 2.126396 -0.989455
v 13.373345 2.136950 0.989452
v 13.373345 2.136950 -0.989455
v 13.460549 2.143225 0.989452
v 13.460549 2.143225 -0.989455
v 13.548769 2.145299 0.989452
v 13.548769 2.145299 -0.989455
v 13.720226 2.135087 0.989452
v 13.720226 2.135087 -0.989455
v 13.883001 2.105197 0.989452
v 13.883001 2.105197 -0.989455
v 14.035907 2.056755 0.989452
v 14.035907 2.056755 -0.989455
v 14.177755 1.990885 0.989452
v 14.177755 1.990885 -0.989455
v 14.307362 1.908712 0.989452
v 14.307362 1.908712 -0.989455
v 14.423536 1.811359 0.989452
v 14.423536 1.811359 -0.989455
v 14.525095 1.699952 0.989452
v 14.525095 1.699952 -0.989455
v 14.610849 1.575614 0.989452
v 14.610849 1.575614 -0.989455
v 14.679614 1.439471 0.989452
v 14.679614 1.439471 -0.989455
v 14.730200 1.292645 0.989452
v 14.730200 1.292645 -0.989455
v 14.761422 1.136263 0.989452
v 14.761422 1.136263 -0.989455
v 14.772094 0.971448 0.989452
v 14.772094 0.971448 -0.989455
v 14.761754 0.803975 0.989452
v 14.761754 0.803975 -0.989455
v 14.731364 0.646231 0.989452
v 14.731364 0.646231 -0.989455
v 14.681861 0.499138 0.989452
v 14.681861 0.499138 -0.989455
v 14.614181 0.363617 0.989452
v 14.614181 0.363617 -0.989455
v 14.529258 0.240588 0.989452
v 14.529258 0.240588 -0.989455
v 14.428033 0.130974 0.989452
v 14.428033 0.130974 -0.989455
v 14.311441 0.035696 0.989452
v 14.311441 0.035696 -0.989455
v 14.180420 -0.044325 0.989452
v 14.180420 -0.044325 -0.989455
v 14.035907 -0.108167 0.989452
v 14.035907 -0.108167 -0.989455
v 13.878838 -0.154909 0.989452
v 13.878838 -0.154910 -0.989455
v 13.710149 -0.183631 0.989452
v 13.710149 -0.183631 -0.989455
v 13.530779 -0.193409 0.989452
v 13.530779 -0.193409 -0.989455
v 13.443583 -0.190890 0.989452
v 13.443583 -0.190890 -0.989455
v 13.355293 -0.183373 0.989452
v 13.355293 -0.183373 -0.989455
v 13.266129 -0.170921 0.989452
v 13.266129 -0.170921 -0.989455
v 13.176309 -0.153598 0.989452
v 13.176309 -0.153598 -0.989455
v 13.086050 -0.131464 0.989452
v 13.086050 -0.131464 -0.989455
v 12.995575 -0.104583 0.989452
v 12.995575 -0.104583 -0.989455
v 12.905099 -0.073017 0.989452
v 12.905099 -0.073017 -0.989455
v 12.814841 -0.036829 0.989452
v 12.814841 -0.036829 -0.989455
v 12.725020 0.003920 0.989452
v 12.725020 0.003919 -0.989455
v 12.635857 0.049165 0.989452
v 12.635857 0.049165 -0.989455
v 12.547565 0.098846 0.989452
v 12.547565 0.098846 -0.989455
v 12.460369 0.152900 0.989452
v 12.460369 0.152900 -0.989455
v 12.460369 -0.328335 0.989452
v 12.460369 -0.328335 -0.989455
v 12.536338 -0.366712 0.989452
v 12.536338 -0.366712 -0.989455
v 12.613868 -0.402981 0.989452
v 12.613868 -0.402981 -0.989455
v 12.693397 -0.436907 0.989452
v 12.693397 -0.436907 -0.989455
v 12.775361 -0.468257 0.989452
v 12.775361 -0.468257 -0.989455
v 12.860200 -0.496796 0.989452
v 12.860200 -0.496796 -0.989455
v 12.948349 -0.522290 0.989452
v 12.948349 -0.522290 -0.989455
v 13.040246 -0.544504 0.989452
v 13.040246 -0.544504 -0.989455
v 13.136329 -0.563205 0.989452
v 13.136329 -0.563205 -0.989455
v 13.237034 -0.578157 0.989452
v 13.237034 -0.578158 -0.989455
v 13.342798 -0.589128 0.989452
v 13.342798 -0.589128 -0.989455
v 13.454061 -0.595882 0.989452
v 13.454061 -0.595882 -0.989455
v 13.571257 -0.598186 0.989452
v 13.571257 -0.598186 -0.989455
v 13.845688 -0.580381 0.989452
v 13.845688 -0.580381 -0.989455
v 14.093635 -0.529578 0.989452
v 14.093635 -0.529578 -0.989455
v 14.315596 -0.449697 0.989452
v 14.315596 -0.449698 -0.989455
v 14.512071 -0.344659 0.989452
v 14.512071 -0.344659 -0.989455
v 14.683558 -0.218382 0.989452
v 14.683558 -0.218383 -0.989455
v 14.830562 -0.074787 0.989452
v 14.830562 -0.074787 -0.989455
v 14.953577 0.082207 0.989452
v 14.953577 0.082207 -0.989455
v 15.053104 0.248680 0.989452
v 15.053104 0.248680 -0.989455
v 15.129645 0.420713 0.989452
v 15.129645 0.420713 -0.989455
v 15.183699 0.594385 0.989452
v 15.183699 0.594385 -0.989455
v 15.215765 0.765777 0.989452
v 15.215765 0.765777 -0.989455
v 15.226342 0.930970 0.989452
v 15.226342 0.930970 -0.989455
v 15.211884 1.159344 0.989452
v 15.211884 1.159344 -0.989455
v 15.169520 1.375724 0.989452
v 15.169520 1.375724 -0.989455
v 15.100763 1.578612 0.989452
v 15.100763 1.578612 -0.989455
v 15.007130 1.766509 0.989452
v 15.007130 1.766509 -0.989455
v 14.890135 1.937914 0.989452
v 14.890135 1.937914 -0.989455
v 14.751292 2.091329 0.989452
v 14.751292 2.091329 -0.989455
v 14.592116 2.225255 0.989452
v 14.592116 2.225255 -0.989455
v 14.414124 2.338193 0.989452
v 14.414124 2.338193 -0.989455
v 14.218828 2.428643 0.989452
v 14.218828 2.428643 -0.989455
v 14.007745 2.495106 0.989452
v 14.007745 2.495106 -0.989455
v 13.782388 2.536084 0.989452
v 13.782388 2.536084 -0.989455
v 13.544271 2.550076 0.989452
v 13.544271 2.550076 -0.989455
v 13.465415 2.548470 0.989452
v 13.465415 2.548470 -0.989455
v 13.386045 2.543601 0.989452
v 13.386045 2.543601 -0.989455
v 13.305832 2.535389 0.989452
v 13.305832 2.535389 -0.989455
v 13.224446 2.523757 0.989452
v 13.224446 2.523757 -0.989455
v 13.141562 2.508627 0.989452
v 13.141562 2.508627 -0.989455
v 13.056851 2.489922 0.989452
v 13.056851 2.489922 -0.989455
v 12.969985 2.467562 0.989452
v 12.969985 2.467562 -0.989455
v 12.880637 2.441469 0.989452
v 12.880637 2.441469 -0.989455
v 12.788477 2.411566 0.989452
v 12.788477 2.411566 -0.989455
v 12.693178 2.377775 0.989452
v 12.693178 2.377775 -0.989455
v 12.594412 2.340017 0.989452
v 12.594412 2.340017 -0.989455
v 12.491852 2.298215 0.989452
v 12.491852 2.298215 -0.989455
v 12.491852 1.825976 0.989452
v 12.491852 1.825976 -0.989455
v 11.547375 0.998433 0.989452
v 11.547375 0.998433 -0.989455
v 11.538379 0.998433 0.989452
v 11.538379 0.998433 -0.989455
v 11.487965 1.082982 0.989452
v 11.487965 1.082982 -0.989455
v 11.437913 1.159115 0.989452
v 11.437913 1.159115 -0.989455
v 11.388204 1.227033 0.989452
v 11.388204 1.227033 -0.989455
v 11.338822 1.286940 0.989452
v 11.338822 1.286940 -0.989455
v 11.289753 1.339039 0.989452
v 11.289753 1.339039 -0.989455
v 11.240981 1.383533 0.989452
v 11.240981 1.383533 -0.989455
v 11.192490 1.420624 0.989452
v 11.192490 1.420624 -0.989455
v 11.144263 1.450516 0.989452
v 11.144263 1.450516 -0.989455
v 11.096287 1.473413 0.989452
v 11.096287 1.473413 -0.989455
v 11.048546 1.489516 0.989452
v 11.048546 1.489516 -0.989455
v 11.001022 1.499029 0.989452
v 11.001022 1.499029 -0.989455
v 10.953702 1.502155 0.989452
v 10.953702 1.502155 -0.989455
v 10.913397 1.500559 0.989452
v 10.913397 1.500559 -0.989455
v 10.873391 1.495762 0.989453
v 10.873391 1.495762 -0.989455
v 10.833603 1.487749 0.989453
v 10.833603 1.487749 -0.989455
v 10.793956 1.476502 0.989453
v 10.793956 1.476502 -0.989455
v 10.754371 1.462007 0.989453
v 10.754371 1.462007 -0.989455
v 10.714770 1.444249 0.989453
v 10.714770 1.444249 -0.989455
v 10.675076 1.423211 0.989453
v 10.675076 1.423211 -0.989455
v 10.635210 1.398878 0.989453
v 10.635210 1.398878 -0.989455
v 10.595095 1.371235 0.989453
v 10.595095 1.371235 -0.989455
v 10.554651 1.340265 0.989453
v 10.554651 1.340265 -0.989455
v 10.513802 1.305953 0.989453
v 10.513802 1.305953 -0.989455
v 10.472467 1.268284 0.989453
v 10.472467 1.268284 -0.989455
v 10.683850 0.921975 0.989453
v 10.683850 0.921975 -0.989455
v 10.714902 0.950433 0.989453
v 10.714902 0.950433 -0.989455
v 10.747108 0.977236 0.989453
v 10.747108 0.977236 -0.989455
v 10.780127 1.002228 0.989453
v 10.780127 1.002228 -0.989455
v 10.813613 1.025251 0.989453
v 10.813613 1.025251 -0.989455
v 10.847225 1.046151 0.989453
v 10.847225 1.046151 -0.989455
v 10.880618 1.064771 0.989453
v 10.880618 1.064771 -0.989455
v 10.913448 1.080955 0.989453
v 10.913448 1.080955 -0.989455
v 10.945374 1.094546 0.989453
v 10.945374 1.094546 -0.989455
v 10.976050 1.105389 0.989453
v 10.976050 1.105389 -0.989455
v 11.005133 1.113328 0.989453
v 11.005133 1.113328 -0.989455
v 11.032279 1.118205 0.989453
v 11.032279 1.118205 -0.989455
v 11.057145 1.119866 0.989453
v 11.057145 1.119866 -0.989455
v 11.124423 1.114267 0.989452
v 11.124423 1.114267 -0.989455
v 11.188719 1.097940 0.989452
v 11.188719 1.097940 -0.989455
v 11.249484 1.071588 0.989452
v 11.249484 1.071588 -0.989455
v 11.306174 1.035912 0.989452
v 11.306174 1.035912 -0.989455
v 11.358241 0.991616 0.989452
v 11.358241 0.991616 -0.989455
v 11.405140 0.939403 0.989452
v 11.405140 0.939403 -0.989455
v 11.446323 0.879975 0.989452
v 11.446323 0.879975 -0.989455
v 11.481245 0.814035 0.989452
v 11.481245 0.814035 -0.989455
v 11.509357 0.742285 0.989452
v 11.509357 0.742285 -0.989455
v 11.530113 0.665429 0.989452
v 11.530113 0.665429 -0.989455
v 11.542968 0.584169 0.989452
v 11.542968 0.584169 -0.989455
v 11.547375 0.499208 0.989452
v 11.547375 0.499208 -0.989455
v 11.547375 -0.557708 0.989453
v 11.547375 -0.557708 -0.989455
v 11.947653 -0.557708 0.989452
v 11.947653 -0.557708 -0.989455
v 11.947653 1.461677 0.989452
v 11.947653 1.461677 -0.989455
v 11.547375 1.461677 0.989452
v 11.547375 1.461677 -0.989455
v 8.165382 0.317002 0.989453
v 8.165382 0.317002 -0.989454
v 8.192226 0.171181 0.989453
v 8.192226 0.171181 -0.989454
v 8.235937 0.035543 0.989453
v 8.235937 0.035543 -0.989454
v 8.295670 -0.089133 0.989453
v 8.295670 -0.089133 -0.989454
v 8.370582 -0.202066 0.989453
v 8.370582 -0.202066 -0.989454
v 8.459828 -0.302474 0.989453
v 8.459828 -0.302474 -0.989454
v 8.562569 -0.389577 0.989453
v 8.562569 -0.389577 -0.989454
v 8.677958 -0.462594 0.989453
v 8.677958 -0.462594 -0.989454
v 8.805153 -0.520744 0.989453
v 8.805153 -0.520744 -0.989454
v 8.943312 -0.563246 0.989453
v 8.943312 -0.563247 -0.989454
v 9.091589 -0.589321 0.989453
v 9.091589 -0.589321 -0.989454
v 9.249143 -0.598186 0.989453
v 9.249143 -0.598186 -0.989454
v 9.400496 -0.588977 0.989453
v 9.400496 -0.588977 -0.989454
v 9.543605 -0.561997 0.989453
v 9.543605 -0.561997 -0.989454
v 9.677531 -0.518214 0.989453
v 9.677531 -0.518214 -0.989454
v 9.801337 -0.458596 0.989453
v 9.801337 -0.458596 -0.989454
v 9.914088 -0.384111 0.989453
v 9.914088 -0.384111 -0.989454
v 10.014845 -0.295728 0.989453
v 10.014845 -0.295728 -0.989454
v 10.102671 -0.194414 0.989453
v 10.102671 -0.194414 -0.989454
v 10.176630 -0.081138 0.989453
v 10.176630 -0.081138 -0.989454
v 10.235785 0.043132 0.989453
v 10.235785 0.043132 -0.989454
v 10.279199 0.177428 0.989453
v 10.279199 0.177428 -0.989455
v 10.305934 0.320781 0.989453
v 10.305934 0.320781 -0.989455
v 10.315054 0.472223 0.989453
v 10.315054 0.472223 -0.989455
v 10.305592 0.614367 0.989453
v 10.305592 0.614367 -0.989455
v 10.277950 0.749966 0.989453
v 10.277950 0.749966 -0.989455
v 10.233256 0.877914 0.989453
v 10.233256 0.877914 -0.989455
v 10.172633 0.997100 0.989453
v 10.172633 0.997100 -0.989455
v 10.097206 1.106418 0.989453
v 10.097206 1.106418 -0.989455
v 10.008099 1.204756 0.989453
v 10.008099 1.204756 -0.989455
v 9.906436 1.291008 0.989453
v 9.906436 1.291008 -0.989455
v 9.793343 1.364064 0.989453
v 9.793343 1.364064 -0.989455
v 9.669942 1.422816 0.989453
v 9.669942 1.422816 -0.989455
v 9.537358 1.466154 0.989453
v 9.537358 1.466154 -0.989454
v 9.396718 1.492970 0.989453
v 9.396718 1.492970 -0.989454
v 9.249143 1.502155 0.989453
v 9.249143 1.502155 -0.989454
v 9.094424 1.493314 0.989453
v 9.094424 1.493314 -0.989454
v 8.947997 1.467404 0.989453
v 8.947997 1.467404 -0.989454
v 8.810846 1.425346 0.989453
v 8.810846 1.425346 -0.989454
v 8.683955 1.368062 0.989453
v 8.683955 1.368062 -0.989454
v 8.568308 1.296474 0.989453
v 8.568308 1.296474 -0.989454
v 8.464889 1.211503 0.989453
v 8.464889 1.211503 -0.989454
v 8.374681 1.114070 0.989453
v 8.374681 1.114070 -0.989454
v 8.298668 1.005096 0.989453
v 8.298668 1.005096 -0.989454
v 8.237834 0.885503 0.989453
v 8.237834 0.885503 -0.989454
v 8.193164 0.756212 0.989453
v 8.193164 0.756212 -0.989454
v 8.165640 0.618145 0.989453
v 8.165640 0.618145 -0.989454
v 8.156246 0.472223 0.989453
v 8.156246 0.472223 -0.989454
v 9.900335 0.368487 0.989453
v 9.900335 0.368486 -0.989454
v 9.884334 0.271230 0.989453
v 9.884334 0.271230 -0.989454
v 9.858275 0.180939 0.989453
v 9.858275 0.180939 -0.989454
v 9.822659 0.098097 0.989453
v 9.822659 0.098097 -0.989454
v 9.777987 0.023188 0.989453
v 9.777987 0.023187 -0.989454
v 9.724755 -0.043304 0.989453
v 9.724755 -0.043305 -0.989454
v 9.663466 -0.100895 0.989453
v 9.663466 -0.100895 -0.989454
v 9.594619 -0.149100 0.989453
v 9.594619 -0.149100 -0.989454
v 9.518713 -0.187436 0.989453
v 9.518713 -0.187436 -0.989454
v 9.436248 -0.215418 0.989453
v 9.436248 -0.215418 -0.989454
v 9.347724 -0.232562 0.989453
v 9.347724 -0.232562 -0.989454
v 9.253640 -0.238384 0.989453
v 9.253640 -0.238384 -0.989454
v 9.151290 -0.232822 0.989453
v 9.151290 -0.232822 -0.989454
v 9.055874 -0.216375 0.989453
v 9.055874 -0.216375 -0.989454
v 8.967767 -0.189403 0.989453
v 8.967767 -0.189403 -0.989454
v 8.887342 -0.152265 0.989453
v 8.887342 -0.152265 -0.989454
v 8.814976 -0.105320 0.989453
v 8.814976 -0.105320 -0.989454
v 8.751042 -0.048926 0.989453
v 8.751042 -0.048926 -0.989454
v 8.695916 0.016556 0.989453
v 8.695916 0.016556 -0.989454
v 8.649973 0.090767 0.989453
v 8.649973 0.090767 -0.989454
v 8.613587 0.173349 0.989453
v 8.613587 0.173349 -0.989454
v 8.587133 0.263943 0.989453
v 8.587133 0.263942 -0.989454
v 8.570986 0.362188 0.989453
v 8.570986 0.362188 -0.989454
v 8.565520 0.467726 0.989453
v 8.565520 0.467726 -0.989454
v 8.571416 0.563197 0.989453
v 8.571416 0.563197 -0.989454
v 8.588695 0.653561 0.989453
v 8.588695 0.653561 -0.989454
v 8.616750 0.738209 0.989453
v 8.616750 0.738209 -0.989454
v 8.654971 0.816533 0.989453
v 8.654971 0.816533 -0.989454
v 8.702749 0.887924 0.989453
v 8.702749 0.887924 -0.989454
v 8.759476 0.951771 0.989453
v 8.759476 0.951771 -0.989454
v 8.824541 1.007467 0.989453
v 8.824541 1.007467 -0.989454
v 8.897337 1.054402 0.989453
v 8.897337 1.054402 -0.989454
v 8.977254 1.091967 0.989453
v 8.977254 1.091967 -0.989454
v 9.063683 1.119553 0.989453
v 9.063683 1.119553 -0.989454
v 9.156014 1.136552 0.989453
v 9.156014 1.136552 -0.989454
v 9.253640 1.142353 0.989453
v 9.253640 1.142353 -0.989454
v 9.345836 1.136555 0.989453
v 9.345836 1.136555 -0.989454
v 9.433125 1.119574 0.989453
v 9.433125 1.119574 -0.989454
v 9.514919 1.092037 0.989453
v 9.514919 1.092037 -0.989454
v 9.590622 1.054569 0.989453
v 9.590622 1.054569 -0.989454
v 9.659640 1.007792 0.989453
v 9.659640 1.007792 -0.989454
v 9.721382 0.952333 0.989453
v 9.721382 0.952333 -0.989454
v 9.775253 0.888816 0.989453
v 9.775253 0.888816 -0.989454
v 9.820661 0.817866 0.989453
v 9.820661 0.817866 -0.989454
v 9.857010 0.740107 0.989453
v 9.857010 0.740107 -0.989454
v 9.883709 0.656163 0.989453
v 9.883709 0.656163 -0.989454
v 9.900163 0.566661 0.989453
v 9.900163 0.566661 -0.989454
v 9.905780 0.472223 0.989453
v 9.905780 0.472223 -0.989454
v 6.593049 0.975302 0.989453
v 6.593049 0.975302 -0.989454
v 6.648224 1.007157 0.989453
v 6.648224 1.007157 -0.989454
v 6.702494 1.035607 0.989453
v 6.702494 1.035607 -0.989454
v 6.755686 1.060732 0.989453
v 6.755686 1.060732 -0.989454
v 6.807629 1.082608 0.989453
v 6.807629 1.082608 -0.989454
v 6.858150 1.101313 0.989453
v 6.858150 1.101313 -0.989454
v 6.907079 1.116927 0.989453
v 6.907079 1.116927 -0.989454
v 6.954244 1.129527 0.989453
v 6.954244 1.129527 -0.989454
v 6.999471 1.139191 0.989453
v 6.999471 1.139191 -0.989454
v 7.042591 1.145997 0.989453
v 7.042591 1.145997 -0.989454
v 7.083430 1.150024 0.989453
v 7.083430 1.150024 -0.989454
v 7.121818 1.151348 0.989453
v 7.121818 1.151348 -0.989454
v 7.161050 1.149781 0.989453
v 7.161050 1.149781 -0.989454
v 7.197692 1.145185 0.989453
v 7.197692 1.145185 -0.989454
v 7.231585 1.137715 0.989453
v 7.231585 1.137715 -0.989454
v 7.262573 1.127528 0.989453
v 7.262573 1.127528 -0.989454
v 7.290500 1.114780 0.989453
v 7.290500 1.114780 -0.989454
v 7.315211 1.099627 0.989453
v 7.315211 1.099627 -0.989454
v 7.336547 1.082225 0.989453
v 7.336547 1.082225 -0.989454
v 7.354356 1.062730 0.989453
v 7.354356 1.062730 -0.989454
v 7.368478 1.041300 0.989453
v 7.368478 1.041300 -0.989454
v 7.378759 1.018089 0.989453
v 7.378759 1.018089 -0.989454
v 7.385042 0.993253 0.989453
v 7.385042 0.993253 -0.989454
v 7.387171 0.966950 0.989453
v 7.387171 0.966950 -0.989454
v 7.384311 0.944041 0.989453
v 7.384311 0.944041 -0.989454
v 7.375532 0.920101 0.989453
v 7.375532 0.920101 -0.989454
v 7.360538 0.894849 0.989453
v 7.360538 0.894849 -0.989454
v 7.339031 0.868005 0.989453
v 7.339031 0.868005 -0.989454
v 7.310716 0.839286 0.989453
v 7.310716 0.839286 -0.989454
v 7.275296 0.808413 0.989453
v 7.275296 0.808413 -0.989454
v 7.232473 0.775103 0.989453
v 7.232473 0.775103 -0.989454
v 7.181952 0.739076 0.989453
v 7.181952 0.739076 -0.989454
v 7.123435 0.700050 0.989453
v 7.123435 0.700050 -0.989454
v 7.056625 0.657746 0.989453
v 7.056625 0.657746 -0.989454
v 6.981226 0.611881 0.989453
v 6.981226 0.611881 -0.989454
v 6.896942 0.562174 0.989453
v 6.896942 0.562174 -0.989454
v 6.818090 0.508680 0.989453
v 6.818090 0.508680 -0.989454
v 6.747733 0.458044 0.989453
v 6.747733 0.458044 -0.989454
v 6.685558 0.409750 0.989453
v 6.685558 0.409750 -0.989454
v 6.631255 0.363284 0.989453
v 6.631255 0.363283 -0.989454
v 6.584510 0.318129 0.989453
v 6.584510 0.318129 -0.989454
v 6.545011 0.273771 0.989453
v 6.545011 0.273770 -0.989454
v 6.512445 0.229693 0.989453
v 6.512445 0.229693 -0.989454
v 6.486501 0.185382 0.989453
v 6.486501 0.185382 -0.989454
v 6.466866 0.140321 0.989453
v 6.466866 0.140321 -0.989454
v 6.453228 0.093995 0.989453
v 6.453228 0.093995 -0.989454
v 6.445274 0.045889 0.989453
v 6.445274 0.045888 -0.989454
v 6.442692 -0.004513 0.989453
v 6.442692 -0.004513 -0.989454
v 6.448489 -0.090833 0.989453
v 6.448489 -0.090833 -0.989454
v 6.465451 -0.171858 0.989453
v 6.465451 -0.171859 -0.989454
v 6.492939 -0.247168 0.989453
v 6.492939 -0.247168 -0.989454
v 6.530312 -0.316341 0.989453
v 6.530312 -0.316341 -0.989454
v 6.576929 -0.378955 0.989453
v 6.576929 -0.378955 -0.989454
v 6.632151 -0.434588 0.989453
v 6.632151 -0.434588 -0.989454
v 6.695337 -0.482820 0.989453
v 6.695337 -0.482820 -0.989454
v 6.765848 -0.523227 0.989453
v 6.765848 -0.523227 -0.989454
v 6.843042 -0.555389 0.989453
v 6.843042 -0.555389 -0.989454
v 6.926280 -0.578884 0.989453
v 6.926280 -0.578884 -0.989454
v 7.014921 -0.593290 0.989453
v 7.014921 -0.593290 -0.989454
v 7.108325 -0.598186 0.989453
v 7.108325 -0.598186 -0.989454
v 7.169112 -0.597134 0.989453
v 7.169112 -0.597134 -0.989454
v 7.228072 -0.593896 0.989453
v 7.228072 -0.593896 -0.989454
v 7.285626 -0.588347 0.989453
v 7.285626 -0.588347 -0.989454
v 7.342196 -0.580362 0.989453
v 7.342196 -0.580362 -0.989454
v 7.398204 -0.569816 0.989453
v 7.398204 -0.569816 -0.989454
v 7.454072 -0.556583 0.989453
v 7.454072 -0.556584 -0.989454
v 7.510221 -0.540540 0.989453
v 7.510221 -0.540540 -0.989454
v 7.567072 -0.521561 0.989453
v 7.567072 -0.521561 -0.989454
v 7.625048 -0.499521 0.989453
v 7.625048 -0.499521 -0.989454
v 7.684569 -0.474296 0.989453
v 7.684569 -0.474296 -0.989454
v 7.746059 -0.445759 0.989453
v 7.746059 -0.445759 -0.989454
v 7.809937 -0.413787 0.989453
v 7.809937 -0.413787 -0.989454
v 7.809937 0.017974 0.989453
v 7.809937 0.017974 -0.989454
v 7.745224 -0.025038 0.989453
v 7.745224 -0.025039 -0.989454
v 7.681634 -0.064147 0.989453
v 7.681634 -0.064147 -0.989454
v 7.619356 -0.099383 0.989453
v 7.619356 -0.099383 -0.989454
v 7.558577 -0.130777 0.989453
v 7.558577 -0.130777 -0.989454
v 7.499485 -0.158361 0.989453
v 7.499485 -0.158361 -0.989454
v 7.442266 -0.182165 0.989453
v 7.442266 -0.182165 -0.989454
v 7.387109 -0.202222 0.989453
v 7.387109 -0.202222 -0.989454
v 7.334200 -0.218562 0.989453
v 7.334200 -0.218562 -0.989454
v 7.283728 -0.231216 0.989453
v 7.283728 -0.231216 -0.989454
v 7.235880 -0.240217 0.989453
v 7.235880 -0.240217 -0.989454
v 7.190842 -0.245594 0.989453
v 7.190842 -0.245594 -0.989454
v 7.148803 -0.247379 0.989453
v 7.148803 -0.247379 -0.989454
v 7.108950 -0.243725 0.989453
v 7.108950 -0.243725 -0.989454
v 7.070596 -0.237260 0.989453
v 7.070596 -0.237260 -0.989454
v 7.034116 -0.227984 0.989453
v 7.034116 -0.227984 -0.989454
v 6.999885 -0.215897 0.989453
v 6.999885 -0.215897 -0.989454
v 6.968277 -0.200999 0.989453
v 6.968277 -0.200999 -0.989454
v 6.939668 -0.183290 0.989453
v 6.939668 -0.183290 -0.989454
v 6.914432 -0.162770 0.989453
v 6.914432 -0.162770 -0.989454
v 6.892944 -0.139439 0.989453
v 6.892944 -0.139439 -0.989454
v 6.875578 -0.113297 0.989453
v 6.875578 -0.113297 -0.989454
v 6.862710 -0.084344 0.989453
v 6.862710 -0.084344 -0.989454
v 6.854715 -0.052581 0.989453
v 6.854715 -0.052581 -0.989454
v 6.851967 -0.018006 0.989453
v 6.851967 -0.018006 -0.989454
v 6.870550 0.049293 0.989453
v 6.870550 0.049293 -0.989454
v 6.921927 0.112984 0.989453
v 6.921927 0.112984 -0.989454
v 6.999541 0.174895 0.989453
v 6.999541 0.174895 -0.989454
v 7.096831 0.236853 0.989453
v 7.096831 0.236853 -0.989454
v 7.207239 0.300685 0.989453
v 7.207239 0.300685 -0.989454
v 7.324205 0.368218 0.989453
v 7.324205 0.368218 -0.989454
v 7.441172 0.441280 0.989453
v 7.441172 0.441279 -0.989454
v 7.551580 0.521696 0.989453
v 7.551580 0.521696 -0.989454
v 7.648870 0.611295 0.989453
v 7.648870 0.611295 -0.989454
v 7.726484 0.711903 0.989453
v 7.726484 0.711903 -0.989454
v 7.777862 0.825349 0.989453
v 7.777862 0.825349 -0.989454
v 7.796445 0.953458 0.989453
v 7.796445 0.953458 -0.989454
v 7.791079 1.036058 0.989453
v 7.791079 1.036058 -0.989454
v 7.775249 1.112786 0.989453
v 7.775249 1.112786 -0.989454
v 7.749362 1.183393 0.989453
v 7.749362 1.183393 -0.989454
v 7.713824 1.247628 0.989453
v 7.713824 1.247628 -0.989454
v 7.669042 1.305242 0.989453
v 7.669042 1.305242 -0.989454
v 7.615420 1.355985 0.989453
v 7.615420 1.355985 -0.989454
v 7.553366 1.399607 0.989453
v 7.553366 1.399607 -0.989454
v 7.483285 1.435858 0.989453
v 7.483285 1.435858 -0.989454
v 7.405583 1.464488 0.989453
v 7.405583 1.464488 -0.989454
v 7.320666 1.485247 0.989453
v 7.320666 1.485247 -0.989454
v 7.228940 1.497886 0.989453
v 7.228940 1.497886 -0.989454
v 7.130813 1.502155 0.989453
v 7.130813 1.502155 -0.989454
v 7.083488 1.501028 0.989453
v 7.083488 1.501028 -0.989454
v 7.035929 1.497636 0.989453
v 7.035929 1.497636 -0.989454
v 6.988088 1.491965 0.989453
v 6.988088 1.491965 -0.989454
v 6.939919 1.483998 0.989453
v 6.939919 1.483998 -0.989454
v 6.891375 1.473720 0.989453
v 6.891375 1.473720 -0.989454
v 6.842410 1.461115 0.989453
v 6.842410 1.461115 -0.989454
v 6.792976 1.446167 0.989453
v 6.792976 1.446167 -0.989454
v 6.743027 1.428862 0.989453
v 6.743027 1.428862 -0.989454
v 6.692516 1.409183 0.989453
v 6.692516 1.409183 -0.989454
v 6.641396 1.387114 0.989453
v 6.641396 1.387114 -0.989454
v 6.589620 1.362641 0.989453
v 6.589620 1.362641 -0.989454
v 6.537140 1.335747 0.989453
v 6.537140 1.335747 -0.989454
v 6.537140 0.939965 0.989453
v 6.537140 0.939965 -0.989454
v 4.861506 0.975302 0.989453
v 4.861506 0.975302 -0.989454
v 4.916681 1.007157 0.989453
v 4.916681 1.007157 -0.989454
v 4.970951 1.035607 0.989453
v 4.970951 1.035607 -0.989454
v 5.024143 1.060732 0.989453
v 5.024143 1.060732 -0.989454
v 5.076086 1.082608 0.989453
v 5.076086 1.082608 -0.989454
v 5.126607 1.101313 0.989453
v 5.126607 1.101313 -0.989454
v 5.175536 1.116927 0.989453
v 5.175536 1.116927 -0.989454
v 5.222700 1.129527 0.989453
v 5.222700 1.129527 -0.989454
v 5.267928 1.139191 0.989453
v 5.267928 1.139191 -0.989454
v 5.311047 1.145997 0.989453
v 5.311047 1.145997 -0.989454
v 5.351886 1.150024 0.989453
v 5.351886 1.150024 -0.989454
v 5.390274 1.151348 0.989453
v 5.390274 1.151348 -0.989454
v 5.429507 1.149781 0.989453
v 5.429507 1.149781 -0.989454
v 5.466148 1.145185 0.989453
v 5.466148 1.145185 -0.989454
v 5.500041 1.137715 0.989453
v 5.500041 1.137715 -0.989454
v 5.531029 1.127528 0.989453
v 5.531029 1.127528 -0.989454
v 5.558957 1.114780 0.989453
v 5.558957 1.114780 -0.989454
v 5.583667 1.099627 0.989453
v 5.583667 1.099627 -0.989454
v 5.605004 1.082225 0.989453
v 5.605004 1.082225 -0.989454
v 5.622812 1.062730 0.989453
v 5.622812 1.062730 -0.989454
v 5.636935 1.041300 0.989453
v 5.636935 1.041300 -0.989454
v 5.647215 1.018089 0.989453
v 5.647215 1.018089 -0.989454
v 5.653498 0.993253 0.989453
v 5.653498 0.993253 -0.989454
v 5.655627 0.966950 0.989453
v 5.655627 0.966950 -0.989454
v 5.652767 0.944041 0.989453
v 5.652767 0.944041 -0.989454
v 5.643988 0.920101 0.989453
v 5.643988 0.920101 -0.989454
v 5.628994 0.894849 0.989453
v 5.628994 0.894849 -0.989454
v 5.607487 0.868005 0.989453
v 5.607487 0.868005 -0.989454
v 5.579173 0.839286 0.989453
v 5.579173 0.839286 -0.989454
v 5.543752 0.808413 0.989453
v 5.543752 0.808413 -0.989454
v 5.500929 0.775103 0.989453
v 5.500929 0.775103 -0.989454
v 5.450408 0.739076 0.989453
v 5.450408 0.739076 -0.989454
v 5.391891 0.700050 0.989453
v 5.391891 0.700050 -0.989454
v 5.325081 0.657746 0.989453
v 5.325081 0.657746 -0.989454
v 5.249682 0.611881 0.989453
v 5.249682 0.611881 -0.989454
v 5.165398 0.562174 0.989453
v 5.165398 0.562174 -0.989454
v 5.086546 0.508680 0.989453
v 5.086546 0.508680 -0.989454
v 5.016189 0.458044 0.989453
v 5.016189 0.458044 -0.989454
v 4.954015 0.409750 0.989453
v 4.954015 0.409750 -0.989454
v 4.899711 0.363284 0.989453
v 4.899711 0.363283 -0.989454
v 4.852966 0.318129 0.989453
v 4.852966 0.318129 -0.989454
v 4.813468 0.273771 0.989453
v 4.813468 0.273770 -0.989454
v 4.780902 0.229693 0.989453
v 4.780902 0.229693 -0.989454
v 4.754958 0.185382 0.989453
v 4.754958 0.185382 -0.989454
v 4.735323 0.140321 0.989453
v 4.735323 0.140321 -0.989454
v 4.721684 0.093995 0.989453
v 4.721684 0.093995 -0.989454
v 4.713731 0.045889 0.989453
v 4.713731 0.045888 -0.989454
v 4.711149 -0.004513 0.989453
v 4.711149 -0.004513 -0.989454
v 4.716946 -0.090833 0.989453
v 4.716946 -0.090833 -0.989454
v 4.733908 -0.171858 0.989453
v 4.733908 -0.171859 -0.989454
v 4.761395 -0.247168 0.989453
v 4.761395 -0.247168 -0.989454
v 4.798768 -0.316341 0.989453
v 4.798768 -0.316341 -0.989454
v 4.845385 -0.378955 0.989453
v 4.845385 -0.378955 -0.989454
v 4.900607 -0.434588 0.989453
v 4.900607 -0.434588 -0.989454
v 4.963793 -0.482820 0.989453
v 4.963793 -0.482820 -0.989454
v 5.034304 -0.523227 0.989453
v 5.034304 -0.523227 -0.989454
v 5.111498 -0.555389 0.989453
v 5.111498 -0.555389 -0.989454
v 5.194736 -0.578884 0.989453
v 5.194736 -0.578884 -0.989454
v 5.283377 -0.593290 0.989453
v 5.283377 -0.593290 -0.989454
v 5.376781 -0.598186 0.989453
v 5.376781 -0.598186 -0.989454
v 5.437568 -0.597134 0.989453
v 5.437568 -0.597134 -0.989454
v 5.496528 -0.593896 0.989453
v 5.496528 -0.593896 -0.989454
v 5.554082 -0.588347 0.989453
v 5.554082 -0.588347 -0.989454
v 5.610653 -0.580362 0.989453
v 5.610653 -0.580362 -0.989454
v 5.666661 -0.569816 0.989453
v 5.666661 -0.569816 -0.989454
v 5.722528 -0.556583 0.989453
v 5.722528 -0.556584 -0.989454
v 5.778677 -0.540540 0.989453
v 5.778677 -0.540540 -0.989454
v 5.835528 -0.521561 0.989453
v 5.835528 -0.521561 -0.989454
v 5.893504 -0.499521 0.989453
v 5.893504 -0.499521 -0.989454
v 5.953026 -0.474296 0.989453
v 5.953026 -0.474296 -0.989454
v 6.014515 -0.445759 0.989453
v 6.014515 -0.445759 -0.989454
v 6.078394 -0.413787 0.989453
v 6.078394 -0.413787 -0.989454
v 6.078394 0.017974 0.989453
v 6.078394 0.017974 -0.989454
v 6.013680 -0.025038 0.989453
v 6.013680 -0.025039 -0.989454
v 5.950090 -0.064147 0.989453
v 5.950090 -0.064147 -0.989454
v 5.887812 -0.099383 0.989453
v 5.887812 -0.099383 -0.989454
v 5.827033 -0.130777 0.989453
v 5.827033 -0.130777 -0.989454
v 5.767941 -0.158361 0.989453
v 5.767941 -0.158361 -0.989454
v 5.710722 -0.182165 0.989453
v 5.710722 -0.182165 -0.989454
v 5.655565 -0.202222 0.989453
v 5.655565 -0.202222 -0.989454
v 5.602657 -0.218562 0.989453
v 5.602657 -0.218562 -0.989454
v 5.552185 -0.231216 0.989453
v 5.552185 -0.231216 -0.989454
v 5.504336 -0.240217 0.989453
v 5.504336 -0.240217 -0.989454
v 5.459298 -0.245594 0.989453
v 5.459298 -0.245594 -0.989454
v 5.417259 -0.247379 0.989453
v 5.417259 -0.247379 -0.989454
v 5.377406 -0.243725 0.989453
v 5.377406 -0.243725 -0.989454
v 5.339052 -0.237260 0.989453
v 5.339052 -0.237260 -0.989454
v 5.302572 -0.227984 0.989453
v 5.302572 -0.227984 -0.989454
v 5.268341 -0.215897 0.989453
v 5.268341 -0.215897 -0.989454
v 5.236733 -0.200999 0.989453
v 5.236733 -0.200999 -0.989454
v 5.208124 -0.183290 0.989453
v 5.208124 -0.183290 -0.989454
v 5.182889 -0.162770 0.989453
v 5.182889 -0.162770 -0.989454
v 5.161400 -0.139439 0.989453
v 5.161400 -0.139439 -0.989454
v 5.144035 -0.113297 0.989453
v 5.144035 -0.113297 -0.989454
v 5.131167 -0.084344 0.989453
v 5.131167 -0.084344 -0.989454
v 5.123171 -0.052581 0.989453
v 5.123171 -0.052581 -0.989454
v 5.120423 -0.018006 0.989453
v 5.120423 -0.018006 -0.989454
v 5.139006 0.049293 0.989453
v 5.139006 0.049293 -0.989454
v 5.190384 0.112984 0.989453
v 5.190384 0.112984 -0.989454
v 5.267997 0.174895 0.989453
v 5.267997 0.174895 -0.989454
v 5.365287 0.236853 0.989453
v 5.365287 0.236853 -0.989454
v 5.475695 0.300685 0.989453
v 5.475695 0.300685 -0.989454
v 5.592662 0.368218 0.989453
v 5.592662 0.368218 -0.989454
v 5.709629 0.441280 0.989453
v 5.709629 0.441279 -0.989454
v 5.820036 0.521696 0.989453
v 5.820036 0.521696 -0.989454
v 5.917326 0.611295 0.989453
v 5.917326 0.611295 -0.989454
v 5.994940 0.711903 0.989453
v 5.994940 0.711903 -0.989454
v 6.046318 0.825349 0.989453
v 6.046318 0.825349 -0.989454
v 6.064901 0.953458 0.989453
v 6.064901 0.953458 -0.989454
v 6.059535 1.036058 0.989453
v 6.059535 1.036058 -0.989454
v 6.043705 1.112786 0.989453
v 6.043705 1.112786 -0.989454
v 6.017818 1.183393 0.989453
v 6.017818 1.183393 -0.989454
v 5.982281 1.247628 0.989453
v 5.982281 1.247628 -0.989454
v 5.937498 1.305242 0.989453
v 5.937498 1.305242 -0.989454
v 5.883876 1.355985 0.989453
v 5.883876 1.355985 -0.989454
v 5.821822 1.399607 0.989453
v 5.821822 1.399607 -0.989454
v 5.751741 1.435858 0.989453
v 5.751741 1.435858 -0.989454
v 5.674039 1.464488 0.989453
v 5.674039 1.464488 -0.989454
v 5.589122 1.485247 0.989453
v 5.589122 1.485247 -0.989454
v 5.497397 1.497886 0.989453
v 5.497397 1.497886 -0.989454
v 5.399269 1.502155 0.989453
v 5.399269 1.502155 -0.989454
v 5.351945 1.501028 0.989453
v 5.351945 1.501028 -0.989454
v 5.304385 1.497636 0.989453
v 5.304385 1.497636 -0.989454
v 5.256544 1.491965 0.989453
v 5.256544 1.491965 -0.989454
v 5.208375 1.483998 0.989453
v 5.208375 1.483998 -0.989454
v 5.159832 1.473720 0.989453
v 5.159832 1.473720 -0.989454
v 5.110866 1.461115 0.989453
v 5.110866 1.461115 -0.989454
v 5.061432 1.446167 0.989453
v 5.061432 1.446167 -0.989454
v 5.011484 1.428862 0.989453
v 5.011484 1.428862 -0.989454
v 4.960972 1.409183 0.989453
v 4.960972 1.409183 -0.989454
v 4.909852 1.387114 0.989453
v 4.909852 1.387114 -0.989454
v 4.858076 1.362641 0.989453
v 4.858076 1.362641 -0.989454
v 4.805597 1.335747 0.989453
v 4.805597 1.335747 -0.989454
v 4.805597 0.939965 0.989453
v 4.805597 0.939965 -0.989454
v 1.702310 2.113817 0.989453
v 1.702310 2.113817 -0.989454
v 1.702310 -0.557708 0.989453
v 1.702310 -0.557708 -0.989454
v 2.143067 -0.557708 0.989453
v 2.143067 -0.557708 -0.989454
v 2.143067 2.113817 0.989453
v 2.143067 2.113817 -0.989454
v 3.204480 2.113817 0.989453
v 3.204480 2.113817 -0.989454
v 3.204480 2.509598 0.989453
v 3.204480 2.509598 -0.989454
v 0.640896 2.509598 0.989453
v 0.640896 2.509598 -0.989454
v 0.640896 2.113817 0.989453
v 0.640896 2.113817 -0.989454
v -0.119184 1.196324 0.989453
v -0.119184 1.196324 -0.989454
v -0.158871 1.242967 0.989453
v -0.158871 1.242967 -0.989454
v -0.201306 1.286128 0.989453
v -0.201306 1.286128 -0.989454
v -0.246239 1.325697 0.989453
v -0.246239 1.325697 -0.989454
v -0.293421 1.361566 0.989453
v -0.293422 1.361566 -0.989454
v -0.342603 1.393623 0.989453
v -0.342603 1.393623 -0.989454
v -0.393533 1.421762 0.989453
v -0.393533 1.421762 -0.989454
v -0.445962 1.445871 0.989453
v -0.445962 1.445871 -0.989454
v -0.499641 1.465841 0.989453
v -0.499641 1.465841 -0.989454
v -0.554319 1.481564 0.989453
v -0.554319 1.481564 -0.989454
v -0.609747 1.492931 0.989453
v -0.609747 1.492931 -0.989454
v -0.665674 1.499830 0.989453
v -0.665674 1.499830 -0.989454
v -0.721852 1.502155 0.989454
v -0.721852 1.502155 -0.989454
v -0.818532 1.496525 0.989454
v -0.818533 1.496525 -0.989454
v -0.910247 1.479605 0.989454
v -0.910248 1.479605 -0.989454
v -0.996340 1.451347 0.989454
v -0.996341 1.451347 -0.989454
v -1.076156 1.411705 0.989454
v -1.076156 1.411705 -0.989454
v -1.149037 1.360631 0.989454
v -1.149038 1.360631 -0.989454
v -1.214329 1.298080 0.989454
v -1.214330 1.298080 -0.989454
v -1.271376 1.224004 0.989454
v -1.271376 1.224004 -0.989453
v -1.319521 1.138355 0.989454
v -1.319522 1.138355 -0.989453
v -1.358109 1.041089 0.989454
v -1.358110 1.041089 -0.989453
v -1.386484 0.932157 0.989454
v -1.386485 0.932157 -0.989453
v -1.403990 0.811512 0.989454
v -1.403991 0.811512 -0.989453
v -1.409971 0.679109 0.989454
v -1.409972 0.679109 -0.989453
v -1.409971 -0.557708 0.989454
v -1.409972 -0.557708 -0.989453
v -1.009693 -0.557708 0.989454
v -1.009693 -0.557708 -0.989453
v -1.009693 0.692602 0.989454
v -1.009693 0.692602 -0.989453
v -1.006543 0.764603 0.989454
v -1.006544 0.764603 -0.989453
v -0.997241 0.831983 0.989454
v -0.997241 0.831983 -0.989454
v -0.982005 0.894428 0.989454
v -0.982005 0.894428 -0.989454
v -0.961053 0.951625 0.989454
v -0.961053 0.951625 -0.989454
v -0.934604 1.003263 0.989454
v -0.934604 1.003263 -0.989454
v -0.902877 1.049030 0.989454
v -0.902877 1.049030 -0.989454
v -0.866090 1.088612 0.989454
v -0.866090 1.088612 -0.989454
v -0.824462 1.121698 0.989454
v -0.824462 1.121698 -0.989454
v -0.778211 1.147975 0.989454
v -0.778211 1.147975 -0.989454
v -0.727557 1.167131 0.989454
v -0.727557 1.167131 -0.989454
v -0.672717 1.178854 0.989454
v -0.672717 1.178854 -0.989454
v -0.613911 1.182831 0.989454
v -0.613911 1.182831 -0.989454
v -0.570760 1.181116 0.989454
v -0.570761 1.181116 -0.989454
v -0.528812 1.175856 0.989454
v -0.528812 1.175856 -0.989454
v -0.487770 1.166879 0.989453
v -0.487770 1.166879 -0.989454
v -0.447336 1.154014 0.989453
v -0.447337 1.154014 -0.989454
v -0.407215 1.137088 0.989453
v -0.407215 1.137088 -0.989454
v -0.367110 1.115930 0.989453
v -0.367110 1.115930 -0.989454
v -0.326723 1.090369 0.989453
v -0.326723 1.090369 -0.989454
v -0.285759 1.060232 0.989453
v -0.285759 1.060232 -0.989454
v -0.243920 1.025348 0.989453
v -0.243920 1.025348 -0.989454
v -0.200910 0.985544 0.989453
v -0.200910 0.985544 -0.989454
v -0.156432 0.940650 0.989453
v -0.156432 0.940650 -0.989454
v -0.110189 0.890492 0.989453
v -0.110189 0.890492 -0.989454
v -0.110189 -0.557708 0.989454
v -0.110189 -0.557708 -0.989454
v 0.290090 -0.557708 0.989454
v 0.290090 -0.557708 -0.989454
v 0.290090 2.509598 0.989453
v 0.290090 2.509598 -0.989454
v -0.110189 2.509598 0.989453
v -0.110189 2.509598 -0.989454
v -0.110189 1.196324 0.989453
v -0.110189 1.196324 -0.989454
v -3.593900 -0.398520 0.989454
v -3.593900 -0.398520 -0.989453
v -3.534006 -0.433693 0.989454
v -3.534006 -0.433693 -0.989453
v -3.474050 -0.465368 0.989454
v -3.474050 -0.465368 -0.989453
v -3.413531 -0.493577 0.989454
v -3.413531 -0.493577 -0.989453
v -3.351951 -0.518349 0.989454
v -3.351951 -0.518349 -0.989453
v -3.288809 -0.539718 0.989454
v -3.288809 -0.539718 -0.989453
v -3.223605 -0.557713 0.989454
v -3.223605 -0.557713 -0.989453
v -3.155840 -0.572366 0.989454
v -3.155840 -0.572367 -0.989453
v -3.085015 -0.583709 0.989454
v -3.085015 -0.583709 -0.989453
v -3.010629 -0.591772 0.989454
v -3.010629 -0.591772 -0.989453
v -2.932183 -0.596587 0.989454
v -2.932183 -0.596588 -0.989453
v -2.849177 -0.598186 0.989454
v -2.849177 -0.598186 -0.989453
v -2.697614 -0.587686 0.989454
v -2.697614 -0.587686 -0.989453
v -2.557921 -0.557291 0.989454
v -2.557921 -0.557291 -0.989453
v -2.430346 -0.508657 0.989454
v -2.430346 -0.508657 -0.989453
v -2.315138 -0.443438 0.989454
v -2.315138 -0.443438 -0.989453
v -2.212549 -0.363289 0.989454
v -2.212549 -0.363289 -0.989453
v -2.122828 -0.269867 0.989454
v -2.122828 -0.269867 -0.989453
v -2.046224 -0.164826 0.989454
v -2.046224 -0.164826 -0.989453
v -1.982988 -0.049822 0.989454
v -1.982988 -0.049822 -0.989453
v -1.933370 0.073490 0.989454
v -1.933370 0.073490 -0.989453
v -1.897619 0.203455 0.989454
v -1.897619 0.203455 -0.989453
v -1.875985 0.338417 0.989454
v -1.875985 0.338417 -0.989453
v -1.868718 0.476721 0.989454
v -1.868718 0.476721 -0.989453
v -1.876651 0.625389 0.989454
v -1.876652 0.625389 -0.989453
v -1.899951 0.765061 0.989454
v -1.899951 0.765061 -0.989453
v -1.937867 0.894990 0.989454
v -1.937868 0.894990 -0.989453
v -1.989651 1.014424 0.989454
v -1.989651 1.014424 -0.989453
v -2.054553 1.122614 0.989454
v -2.054553 1.122614 -0.989453
v -2.131823 1.218811 0.989454
v -2.131823 1.218811 -0.989453
v -2.220711 1.302265 0.989454
v -2.220711 1.302265 -0.989453
v -2.320469 1.372226 0.989454
v -2.320469 1.372226 -0.989453
v -2.430346 1.427945 0.989454
v -2.430346 1.427945 -0.989453
v -2.549592 1.468673 0.989454
v -2.549592 1.468673 -0.989453
v -2.677459 1.493659 0.989454
v -2.677459 1.493659 -0.989453
v -2.813197 1.502155 0.989454
v -2.813197 1.502155 -0.989453
v -2.942883 1.494555 0.989454
v -2.942883 1.494555 -0.989453
v -3.063996 1.471713 0.989454
v -3.063996 1.471713 -0.989453
v -3.176020 1.433568 0.989454
v -3.176020 1.433568 -0.989453
v -3.278440 1.380055 0.989454
v -3.278440 1.380055 -0.989453
v -3.370740 1.311114 0.989454
v -3.370740 1.311114 -0.989453
v -3.452406 1.226682 0.989454
v -3.452406 1.226682 -0.989453
v -3.522922 1.126695 0.989454
v -3.522922 1.126695 -0.989453
v -3.581772 1.011093 0.989454
v -3.581772 1.011093 -0.989453
v -3.628441 0.879811 0.989454
v -3.628441 0.879811 -0.989453
v -3.662415 0.732788 0.989454
v -3.662415 0.732788 -0.989453
v -3.683177 0.569961 0.989454
v -3.683177 0.569961 -0.989453
v -3.690212 0.391268 0.989454
v -3.690212 0.391268 -0.989453
v -2.268997 0.391268 0.989454
v -2.268997 0.391268 -0.989453
v -2.288200 0.295235 0.989454
v -2.288200 0.295235 -0.989453
v -2.314306 0.207307 0.989454
v -2.314306 0.207307 -0.989453
v -2.347282 0.127531 0.989454
v -2.347282 0.127531 -0.989453
v -2.387099 0.055953 0.989454
v -2.387099 0.055953 -0.989453
v -2.433724 -0.007379 0.989454
v -2.433724 -0.007379 -0.989453
v -2.487127 -0.062419 0.989454
v -2.487127 -0.062419 -0.989453
v -2.547276 -0.109120 0.989454
v -2.547276 -0.109120 -0.989453
v -2.614140 -0.147434 0.989454
v -2.614140 -0.147435 -0.989453
v -2.687688 -0.177316 0.989454
v -2.687688 -0.177316 -0.989453
v -2.767888 -0.198719 0.989454
v -2.767888 -0.198719 -0.989453
v -2.854710 -0.211594 0.989454
v -2.854710 -0.211594 -0.989453
v -2.948122 -0.215897 0.989454
v -2.948122 -0.215897 -0.989453
v -3.008568 -0.214038 0.989454
v -3.008568 -0.214038 -0.989453
v -3.068514 -0.208526 0.989454
v -3.068514 -0.208526 -0.989453
v -3.128023 -0.199453 0.989454
v -3.128023 -0.199453 -0.989453
v -3.187157 -0.186913 0.989454
v -3.187157 -0.186913 -0.989453
v -3.245979 -0.171000 0.989454
v -3.245979 -0.171000 -0.989453
v -3.304550 -0.151807 0.989454
v -3.304550 -0.151807 -0.989453
v -3.362935 -0.129429 0.989454
v -3.362935 -0.129429 -0.989453
v -3.421194 -0.103958 0.989454
v -3.421194 -0.103959 -0.989453
v -3.479391 -0.075490 0.989454
v -3.479391 -0.075490 -0.989453
v -3.537588 -0.044116 0.989454
v -3.537588 -0.044117 -0.989453
v -3.595848 -0.009932 0.989454
v -3.595848 -0.009932 -0.989453
v -3.654232 0.026969 0.989454
v -3.654232 0.026969 -0.989453
v -3.654232 -0.359817 0.989454
v -3.654232 -0.359817 -0.989453
v -3.287716 0.730690 0.989454
v -3.287716 0.730690 -0.989453
v -3.274442 0.799792 0.989454
v -3.274442 0.799792 -0.989453
v -3.254797 0.863648 0.989454
v -3.254797 0.863648 -0.989453
v -3.228967 0.921975 0.989454
v -3.228967 0.921975 -0.989453
v -3.197141 0.974493 0.989454
v -3.197141 0.974493 -0.989453
v -3.159505 1.020920 0.989454
v -3.159505 1.020920 -0.989453
v -3.116248 1.060976 0.989454
v -3.116248 1.060976 -0.989453
v -3.067556 1.094380 0.989454
v -3.067556 1.094380 -0.989453
v -3.013617 1.120849 0.989454
v -3.013617 1.120849 -0.989453
v -2.954618 1.140104 0.989454
v -2.954618 1.140104 -0.989453
v -2.890748 1.151864 0.989454
v -2.890748 1.151864 -0.989453
v -2.822192 1.155846 0.989454
v -2.822192 1.155846 -0.989453
v -2.748269 1.152122 0.989454
v -2.748269 1.152122 -0.989453
v -2.679437 1.141042 0.989454
v -2.679437 1.141042 -0.989453
v -2.615728 1.122747 0.989454
v -2.615728 1.122747 -0.989453
v -2.557172 1.097378 0.989454
v -2.557172 1.097378 -0.989453
v -2.503800 1.065076 0.989454
v -2.503800 1.065076 -0.989453
v -2.455644 1.025980 0.989454
v -2.455644 1.025980 -0.989453
v -2.412735 0.980232 0.989454
v -2.412735 0.980232 -0.989453
v -2.375105 0.927972 0.989454
v -2.375105 0.927972 -0.989453
v -2.342785 0.869340 0.989454
v -2.342785 0.869340 -0.989453
v -2.315805 0.804477 0.989454
v -2.315805 0.804477 -0.989453
v -2.294197 0.733524 0.989454
v -2.294197 0.733524 -0.989453
v -2.277992 0.656621 0.989454
v -2.277992 0.656621 -0.989453
v -3.294431 0.656621 0.989454
v -3.294431 0.656621 -0.989453
v -6.818441 1.893218 0.989454
v -6.818441 1.893218 -0.989453
v -6.753936 1.944515 0.989454
v -6.753936 1.944515 -0.989453
v -6.690054 1.989222 0.989454
v -6.690054 1.989222 -0.989453
v -6.626923 2.027698 0.989454
v -6.626923 2.027698 -0.989453
v -6.564666 2.060302 0.989454
v -6.564666 2.060302 -0.989453
v -6.503408 2.087394 0.989454
v -6.503408 2.087394 -0.989453
v -6.443274 2.109333 0.989454
v -6.443274 2.109333 -0.989453
v -6.384390 2.126477 0.989454
v -6.384390 2.126477 -0.989453
v -6.326880 2.139186 0.989454
v -6.326880 2.139186 -0.989453
v -6.270869 2.147819 0.989454
v -6.270869 2.147819 -0.989453
v -6.216482 2.152735 0.989454
v -6.216482 2.152735 -0.989453
v -6.163845 2.154294 0.989454
v -6.163845 2.154294 -0.989453
v -6.094766 2.151249 0.989454
v -6.094766 2.151249 -0.989453
v -6.029481 2.142301 0.989454
v -6.029481 2.142301 -0.989453
v -5.968414 2.127731 0.989454
v -5.968414 2.127731 -0.989453
v -5.911984 2.107821 0.989454
v -5.911984 2.107821 -0.989453
v -5.860613 2.082850 0.989454
v -5.860613 2.082850 -0.989453
v -5.814725 2.053101 0.989454
v -5.814725 2.053101 -0.989453
v -5.774739 2.018854 0.989454
v -5.774739 2.018854 -0.989453
v -5.741078 1.980391 0.989454
v -5.741078 1.980391 -0.989453
v -5.714163 1.937992 0.989454
v -5.714163 1.937992 -0.989453
v -5.694417 1.891940 0.989454
v -5.694417 1.891940 -0.989453
v -5.682259 1.842513 0.989454
v -5.682259 1.842513 -0.989453
v -5.678113 1.789996 0.989454
v -5.678113 1.789996 -0.989453
v -5.704217 1.654247 0.989454
v -5.704217 1.654247 -0.989453
v -5.776391 1.537926 0.989454
v -5.776391 1.537926 -0.989453
v -5.885419 1.435535 0.989454
v -5.885419 1.435535 -0.989453
v -6.022089 1.341576 0.989454
v -6.022089 1.341576 -0.989453
v -6.177186 1.250554 0.989454
v -6.177186 1.250554 -0.989453
v -6.341496 1.156970 0.989454
v -6.341496 1.156970 -0.989453
v -6.505806 1.055328 0.989454
v -6.505806 1.055328 -0.989453
v -6.660903 0.940131 0.989454
v -6.660903 0.940131 -0.989453
v -6.797573 0.805883 0.989454
v -6.797573 0.805883 -0.989453
v -6.906601 0.647085 0.989454
v -6.906601 0.647085 -0.989453
v -6.978775 0.458241 0.989454
v -6.978775 0.458241 -0.989453
v -7.004880 0.233855 0.989454
v -7.004880 0.233855 -0.989453
v -6.997426 0.116391 0.989454
v -6.997426 0.116391 -0.989453
v -6.975605 0.005127 0.989454
v -6.975605 0.005127 -0.989453
v -6.940228 -0.099172 0.989454
v -6.940228 -0.099172 -0.989453
v -6.892109 -0.195741 0.989454
v -6.892109 -0.195741 -0.989453
v -6.832059 -0.283815 0.989454
v -6.832059 -0.283815 -0.989453
v -6.760890 -0.362628 0.989454
v -6.760890 -0.362628 -0.989453
v -6.679414 -0.431416 0.989454
v -6.679414 -0.431416 -0.989453
v -6.588444 -0.489412 0.989454
v -6.588444 -0.489412 -0.989453
v -6.488790 -0.535853 0.989454
v -6.488790 -0.535853 -0.989453
v -6.381266 -0.569972 0.989454
v -6.381266 -0.569972 -0.989453
v -6.266684 -0.591005 0.989454
v -6.266684 -0.591005 -0.989453
v -6.145855 -0.598186 0.989454
v -6.145855 -0.598186 -0.989453
v -6.063934 -0.596304 0.989454
v -6.063934 -0.596304 -0.989453
v -5.984465 -0.590627 0.989454
v -5.984465 -0.590627 -0.989453
v -5.907275 -0.581109 0.989454
v -5.907275 -0.581109 -0.989453
v -5.832195 -0.567702 0.989454
v -5.832195 -0.567702 -0.989453
v -5.759050 -0.550360 0.989454
v -5.759050 -0.550360 -0.989453
v -5.687670 -0.529036 0.989454
v -5.687670 -0.529036 -0.989453
v -5.617883 -0.503683 0.989454
v -5.617883 -0.503683 -0.989453
v -5.549517 -0.474254 0.989454
v -5.549517 -0.474254 -0.989453
v -5.482401 -0.440702 0.989454
v -5.482401 -0.440702 -0.989453
v -5.416362 -0.402981 0.989454
v -5.416362 -0.402981 -0.989453
v -5.351228 -0.361043 0.989454
v -5.351228 -0.361043 -0.989453
v -5.286829 -0.314842 0.989454
v -5.286829 -0.314842 -0.989453
v -5.286829 0.242850 0.989454
v -5.286829 0.242850 -0.989453
v -5.344243 0.173623 0.989454
v -5.344243 0.173623 -0.989453
v -5.403952 0.109923 0.989454
v -5.403952 0.109923 -0.989453
v -5.465816 0.051846 0.989454
v -5.465816 0.051846 -0.989453
v -5.529695 -0.000516 0.989454
v -5.529695 -0.000516 -0.989453
v -5.595448 -0.047068 0.989454
v -5.595448 -0.047068 -0.989453
v -5.662934 -0.087717 0.989454
v -5.662934 -0.087717 -0.989453
v -5.732013 -0.122370 0.989454
v -5.732013 -0.122370 -0.989453
v -5.802545 -0.150933 0.989454
v -5.802545 -0.150933 -0.989453
v -5.874388 -0.173311 0.989454
v -5.874388 -0.173311 -0.989453
v -5.947402 -0.189411 0.989454
v -5.947402 -0.189411 -0.989453
v -6.021447 -0.199140 0.989454
v -6.021447 -0.199140 -0.989453
v -6.096382 -0.202404 0.989454
v -6.096382 -0.202404 -0.989453
v -6.178009 -0.198058 0.989454
v -6.178009 -0.198058 -0.989453
v -6.252046 -0.185622 0.989454
v -6.252046 -0.185622 -0.989453
v -6.318588 -0.166002 0.989454
v -6.318588 -0.166002 -0.989453
v -6.377727 -0.140105 0.989454
v -6.377727 -0.140105 -0.989453
v -6.429557 -0.108836 0.989454
v -6.429557 -0.108836 -0.989453
v -6.474174 -0.073101 0.989454
v -6.474174 -0.073101 -0.989453
v -6.511668 -0.033804 0.989454
v -6.511668 -0.033805 -0.989453
v -6.542136 0.008146 0.989454
v -6.542136 0.008146 -0.989453
v -6.565670 0.051846 0.989454
v -6.565670 0.051846 -0.989453
v -6.582364 0.096389 0.989454
v -6.582364 0.096389 -0.989453
v -6.592311 0.140870 0.989454
v -6.592311 0.140870 -0.989453
v -6.595607 0.184382 0.989454
v -6.595607 0.184382 -0.989453
v -6.569502 0.331977 0.989454
v -6.569502 0.331977 -0.989453
v -6.497328 0.460771 0.989454
v -6.497328 0.460771 -0.989453
v -6.388300 0.575385 0.989454
v -6.388300 0.575385 -0.989453
v -6.251630 0.680441 0.989454
v -6.251630 0.680441 -0.989453
v -6.096534 0.780563 0.989454
v -6.096534 0.780563 -0.989453
v -5.932223 0.880373 0.989454
v -5.932223 0.880373 -0.989453
v -5.767913 0.984492 0.989454
v -5.767913 0.984492 -0.989453
v -5.612816 1.097545 0.989454
v -5.612816 1.097545 -0.989453
v -5.476147 1.224152 0.989454
v -5.476147 1.224152 -0.989453
v -5.367118 1.368936 0.989454
v -5.367118 1.368936 -0.989453
v -5.294944 1.536521 0.989454
v -5.294944 1.536521 -0.989453
v -5.268839 1.731528 0.989454
v -5.268839 1.731528 -0.989453
v -5.276421 1.852506 0.989454
v -5.276421 1.852506 -0.989453
v -5.298760 1.965503 0.989454
v -5.298760 1.965503 -0.989453
v -5.335248 2.070036 0.989454
v -5.335248 2.070036 -0.989453
v -5.385275 2.165622 0.989454
v -5.385275 2.165622 -0.989453
v -5.448232 2.251775 0.989454
v -5.448232 2.251775 -0.989453
v -5.523511 2.328011 0.989454
v -5.523511 2.328011 -0.989453
v -5.610502 2.393847 0.989454
v -5.610502 2.393847 -0.989453
v -5.708596 2.448799 0.989454
v -5.708596 2.448799 -0.989453
v -5.817184 2.492381 0.989454
v -5.817184 2.492381 -0.989453
v -5.935658 2.524111 0.989454
v -5.935658 2.524111 -0.989453
v -6.063408 2.543504 0.989454
v -6.063408 2.543504 -0.989453
v -6.199825 2.550076 0.989454
v -6.199825 2.550076 -0.989453
v -6.258282 2.548577 0.989454
v -6.258282 2.548577 -0.989453
v -6.316677 2.544079 0.989454
v -6.316677 2.544079 -0.989453
v -6.374947 2.536583 0.989454
v -6.374947 2.536583 -0.989453
v -6.433030 2.526089 0.989454
v -6.433030 2.526089 -0.989453
v -6.490862 2.512597 0.989454
v -6.490862 2.512597 -0.989453
v -6.548382 2.496106 0.989454
v -6.548382 2.496106 -0.989453
v -6.605528 2.476616 0.989454
v -6.605528 2.476616 -0.989453
v -6.662236 2.454129 0.989454
v -6.662236 2.454129 -0.989453
v -6.718444 2.428643 0.989454
v -6.718444 2.428643 -0.989453
v -6.774091 2.400158 0.989454
v -6.774091 2.400158 -0.989453
v -6.829113 2.368676 0.989454
v -6.829113 2.368676 -0.989453
v -6.883448 2.334195 0.989454
v -6.883448 2.334195 -0.989453
v -6.883448 1.834971 0.989454
v -6.883448 1.834971 -0.989453
v -7.405160 -1.592137 0.989454
v -7.405160 -1.592137 -0.989453
v -7.405160 1.461677 0.989454
v -7.405160 1.461677 -0.989453
v -8.097777 1.461677 0.989454
v -8.097777 1.461677 -0.989453
v -8.275111 1.454212 0.989454
v -8.275111 1.454212 -0.989453
v -8.438172 1.431943 0.989454
v -8.438172 1.431943 -0.989453
v -8.586741 1.395058 0.989454
v -8.586741 1.395058 -0.989453
v -8.720600 1.343742 0.989454
v -8.720600 1.343742 -0.989453
v -8.839529 1.278184 0.989454
v -8.839529 1.278184 -0.989453
v -8.943311 1.198572 0.989454
v -8.943311 1.198572 -0.989453
v -9.031725 1.105093 0.989454
v -9.031725 1.105093 -0.989453
v -9.104555 0.997933 0.989454
v -9.104555 0.997933 -0.989453
v -9.161581 0.877281 0.989454
v -9.161581 0.877281 -0.989453
v -9.202584 0.743324 0.989454
v -9.202584 0.743324 -0.989453
v -9.227346 0.596249 0.989454
v -9.227346 0.596249 -0.989453
v -9.235649 0.436243 0.989454
v -9.235649 0.436243 -0.989453
v -9.226893 0.288343 0.989454
v -9.226893 0.288343 -0.989453
v -9.201228 0.148798 0.989454
v -9.201228 0.148798 -0.989453
v -9.159541 0.018466 0.989454
v -9.159541 0.018466 -0.989453
v -9.102721 -0.101793 0.989454
v -9.102721 -0.101793 -0.989453
v -9.031660 -0.211121 0.989454
v -9.031660 -0.211121 -0.989453
v -8.947246 -0.308658 0.989454
v -8.947246 -0.308658 -0.989453
v -8.850369 -0.393546 0.989454
v -8.850369 -0.393546 -0.989453
v -8.741921 -0.464926 0.989454
v -8.741921 -0.464926 -0.989453
v -8.622792 -0.521939 0.989454
v -8.622792 -0.521939 -0.989453
v -8.493871 -0.563725 0.989454
v -8.493871 -0.563725 -0.989453
v -8.356049 -0.589427 0.989454
v -8.356049 -0.589427 -0.989453
v -8.210216 -0.598186 0.989454
v -8.210216 -0.598186 -0.989453
v -8.177773 -0.597618 0.989454
v -8.177773 -0.597618 -0.989453
v -8.145563 -0.595895 0.989454
v -8.145563 -0.595895 -0.989453
v -8.113448 -0.592985 0.989454
v -8.113448 -0.592985 -0.989453
v -8.081286 -0.588857 0.989454
v -8.081286 -0.588857 -0.989453
v -8.048937 -0.583480 0.989454
v -8.048937 -0.583480 -0.989453
v -8.016260 -0.576822 0.989454
v -8.016260 -0.576822 -0.989453
v -7.983115 -0.568853 0.989454
v -7.983115 -0.568853 -0.989453
v -7.949360 -0.559540 0.989454
v -7.949360 -0.559540 -0.989453
v -7.914856 -0.548853 0.989454
v -7.914856 -0.548853 -0.989453
v -7.879461 -0.536761 0.989454
v -7.879461 -0.536761 -0.989453
v -7.843036 -0.523232 0.989454
v -7.843036 -0.523232 -0.989453
v -7.805439 -0.508235 0.989454
v -7.805439 -0.508235 -0.989453
v -7.805439 -1.592137 0.989454
v -7.805439 -1.592137 -0.989453
v -7.835977 -0.162486 0.989454
v -7.835977 -0.162486 -0.989453
v -7.866843 -0.175398 0.989454
v -7.866843 -0.175398 -0.989453
v -7.897990 -0.187155 0.989454
v -7.897990 -0.187155 -0.989453
v -7.929371 -0.197740 0.989454
v -7.929371 -0.197740 -0.989453
v -7.960939 -0.207138 0.989454
v -7.960939 -0.207139 -0.989453
v -7.992649 -0.215334 0.989454
v -7.992649 -0.215335 -0.989453
v -8.024451 -0.222312 0.989454
v -8.024451 -0.222312 -0.989453
v -8.056301 -0.228057 0.989454
v -8.056301 -0.228057 -0.989453
v -8.088150 -0.232551 0.989454
v -8.088150 -0.232552 -0.989453
v -8.119953 -0.235781 0.989454
v -8.119953 -0.235782 -0.989453
v -8.151662 -0.237731 0.989454
v -8.151662 -0.237731 -0.989453
v -8.183230 -0.238384 0.989454
v -8.183230 -0.238384 -0.989453
v -8.274302 -0.232494 0.989454
v -8.274302 -0.232494 -0.989453
v -8.360487 -0.215251 0.989454
v -8.360487 -0.215251 -0.989453
v -8.441205 -0.187295 0.989454
v -8.441205 -0.187295 -0.989453
v -8.515880 -0.149267 0.989454
v -8.515880 -0.149267 -0.989453
v -8.583934 -0.101806 0.989454
v -8.583934 -0.101806 -0.989453
v -8.644788 -0.045553 0.989454
v -8.644788 -0.045553 -0.989453
v -8.697865 0.018851 0.989454
v -8.697865 0.018851 -0.989453
v -8.742588 0.090767 0.989454
v -8.742588 0.090767 -0.989453
v -8.778378 0.169555 0.989454
v -8.778378 0.169555 -0.989453
v -8.804658 0.254573 0.989454
v -8.804658 0.254573 -0.989453
v -8.820849 0.345182 0.989454
v -8.820849 0.345182 -0.989453
v -8.826375 0.440741 0.989454
v -8.826375 0.440741 -0.989453
v -8.821786 0.541615 0.989454
v -8.821786 0.541615 -0.989453
v -8.808030 0.634946 0.989454
v -8.808030 0.634946 -0.989453
v -8.785124 0.720500 0.989454
v -8.785124 0.720500 -0.989453
v -8.753081 0.798044 0.989454
v -8.753081 0.798044 -0.989453
v -8.711920 0.867341 0.989454
v -8.711920 0.867341 -0.989453
v -8.661654 0.928159 0.989454
v -8.661654 0.928159 -0.989453
v -8.602298 0.980263 0.989454
v -8.602298 0.980263 -0.989453
v -8.533870 1.023419 0.989454
v -8.533870 1.023419 -0.989453
v -8.456384 1.057392 0.989454
v -8.456384 1.057392 -0.989453
v -8.369857 1.081949 0.989454
v -8.369857 1.081949 -0.989453
v -8.274302 1.096855 0.989454
v -8.274302 1.096855 -0.989453
v -8.169738 1.101876 0.989454
v -8.169738 1.101876 -0.989453
v -7.805439 1.101876 0.989454
v -7.805439 1.101876 -0.989453
v -7.805439 -0.148434 0.989454
v -7.805439 -0.148434 -0.989453
v -11.202098 -0.469379 0.989455
v -11.202098 -0.469379 -0.989453
v -11.162107 -0.494597 0.989455
v -11.162107 -0.494597 -0.989453
v -11.125520 -0.516598 0.989455
v -11.125520 -0.516598 -0.989453
v -11.091791 -0.535553 0.989455
v -11.091791 -0.535554 -0.989453
v -11.060374 -0.551636 0.989455
v -11.060374 -0.551636 -0.989453
v -11.030721 -0.565016 0.989455
v -11.030721 -0.565016 -0.989453
v -11.002286 -0.575867 0.989455
v -11.002286 -0.575867 -0.989453
v -10.974522 -0.584360 0.989455
v -10.974522 -0.584360 -0.989453
v -10.946883 -0.590666 0.989455
v -10.946883 -0.590666 -0.989453
v -10.918824 -0.594958 0.989455
v -10.918824 -0.594958 -0.989453
v -10.889796 -0.597407 0.989455
v -10.889796 -0.597407 -0.989453
v -10.859253 -0.598186 0.989455
v -10.859253 -0.598186 -0.989453
v -10.817077 -0.596863 0.989455
v -10.817077 -0.596863 -0.989453
v -10.778194 -0.592855 0.989455
v -10.778194 -0.592855 -0.989453
v -10.742529 -0.586098 0.989455
v -10.742529 -0.586099 -0.989453
v -10.710003 -0.576531 0.989455
v -10.710003 -0.576531 -0.989453
v -10.680537 -0.564090 0.989455
v -10.680537 -0.564090 -0.989453
v -10.654055 -0.548713 0.989455
v -10.654055 -0.548713 -0.989453
v -10.630476 -0.530338 0.989455
v -10.630476 -0.530338 -0.989453
v -10.609724 -0.508901 0.989455
v -10.609724 -0.508902 -0.989453
v -10.591722 -0.484342 0.989454
v -10.591722 -0.484342 -0.989453
v -10.576388 -0.456597 0.989454
v -10.576388 -0.456597 -0.989453
v -10.563647 -0.425604 0.989454
v -10.563647 -0.425604 -0.989453
v -10.553421 -0.391300 0.989454
v -10.553421 -0.391300 -0.989453
v -10.509388 -0.424659 0.989454
v -10.509388 -0.424659 -0.989453
v -10.465011 -0.455035 0.989454
v -10.465011 -0.455036 -0.989453
v -10.420322 -0.482445 0.989454
v -10.420322 -0.482445 -0.989453
v -10.375352 -0.506903 0.989454
v -10.375352 -0.506903 -0.989453
v -10.330132 -0.528425 0.989454
v -10.330132 -0.528425 -0.989453
v -10.284695 -0.547026 0.989454
v -10.284695 -0.547026 -0.989453
v -10.239068 -0.562723 0.989454
v -10.239068 -0.562723 -0.989453
v -10.193287 -0.575531 0.989454
v -10.193287 -0.575531 -0.989453
v -10.147380 -0.585466 0.989454
v -10.147380 -0.585466 -0.989453
v -10.101379 -0.592543 0.989454
v -10.101379 -0.592543 -0.989453
v -10.055316 -0.596777 0.989454
v -10.055316 -0.596777 -0.989453
v -10.009222 -0.598186 0.989454
v -10.009222 -0.598186 -0.989453
v -9.937130 -0.593433 0.989454
v -9.937130 -0.593433 -0.989453
v -9.869506 -0.579654 0.989454
v -9.869506 -0.579654 -0.989453
v -9.806692 -0.557567 0.989454
v -9.806692 -0.557567 -0.989453
v -9.749032 -0.527891 0.989454
v -9.749032 -0.527891 -0.989453
v -9.696869 -0.491343 0.989454
v -9.696869 -0.491344 -0.989453
v -9.650545 -0.448643 0.989454
v -9.650545 -0.448643 -0.989453
v -9.610407 -0.400508 0.989454
v -9.610407 -0.400508 -0.989453
v -9.576795 -0.347657 0.989454
v -9.576795 -0.347657 -0.989453
v -9.550054 -0.290808 0.989454
v -9.550054 -0.290808 -0.989453
v -9.530528 -0.230680 0.989454
v -9.530528 -0.230680 -0.989453
v -9.518560 -0.167991 0.989454
v -9.518560 -0.167991 -0.989453
v -9.514495 -0.103459 0.989454
v -9.514495 -0.103459 -0.989453
v -9.521851 -0.009040 0.989454
v -9.521851 -0.009040 -0.989453
v -9.542979 0.074714 0.989454
v -9.542979 0.074714 -0.989453
v -9.576477 0.148754 0.989454
v -9.576477 0.148753 -0.989453
v -9.620936 0.214033 0.989454
v -9.620936 0.214032 -0.989453
v -9.674953 0.271504 0.989454
v -9.674953 0.271503 -0.989453
v -9.737123 0.322119 0.989454
v -9.737123 0.322119 -0.989453
v -9.806037 0.366831 0.989454
v -9.806037 0.366831 -0.989453
v -9.880294 0.406593 0.989454
v -9.880294 0.406593 -0.989453
v -9.958485 0.442357 0.989454
v -9.958485 0.442357 -0.989453
v -10.039207 0.475076 0.989454
v -10.039207 0.475076 -0.989453
v -10.121051 0.505702 0.989454
v -10.121051 0.505702 -0.989453
v -10.202615 0.535189 0.989454
v -10.202615 0.535189 -0.989453
v -10.557919 0.661119 0.989454
v -10.557919 0.661119 -0.989453
v -10.557919 0.769059 0.989454
v -10.557919 0.769059 -0.989453
v -10.555389 0.828959 0.989454
v -10.555389 0.828959 -0.989453
v -10.547799 0.882830 0.989454
v -10.547799 0.882830 -0.989453
v -10.535151 0.930830 0.989454
v -10.535151 0.930830 -0.989453
v -10.517442 0.973114 0.989454
v -10.517442 0.973114 -0.989453
v -10.494673 1.009838 0.989454
v -10.494673 1.009838 -0.989453
v -10.466845 1.041159 0.989454
v -10.466845 1.041159 -0.989453
v -10.433956 1.067233 0.989454
v -10.433956 1.067233 -0.989453
v -10.396008 1.088217 0.989454
v -10.396008 1.088217 -0.989453
v -10.353002 1.104265 0.989454
v -10.353002 1.104265 -0.989453
v -10.304934 1.115535 0.989454
v -10.304934 1.115535 -0.989453
v -10.251807 1.122182 0.989454
v -10.251807 1.122182 -0.989453
v -10.193621 1.124363 0.989454
v -10.193621 1.124363 -0.989453
v -10.138451 1.122195 0.989454
v -10.138451 1.122195 -0.989453
v -10.083221 1.115639 0.989454
v -10.083221 1.115639 -0.989453
v -10.028054 1.104616 0.989454
v -10.028054 1.104616 -0.989453
v -9.973075 1.089049 0.989454
v -9.973075 1.089049 -0.989453
v -9.918407 1.068860 0.989454
v -9.918407 1.068860 -0.989453
v -9.864177 1.043970 0.989454
v -9.864177 1.043970 -0.989453
v -9.810509 1.014302 0.989454
v -9.810509 1.014302 -0.989453
v -9.757528 0.979776 0.989454
v -9.757528 0.979776 -0.989453
v -9.705359 0.940316 0.989454
v -9.705359 0.940316 -0.989453
v -9.654127 0.895844 0.989454
v -9.654127 0.895844 -0.989453
v -9.603956 0.846280 0.989454
v -9.603956 0.846280 -0.989453
v -9.554974 0.791547 0.989454
v -9.554974 0.791547 -0.989453
v -9.554974 1.227806 0.989454
v -9.554974 1.227806 -0.989453
v -9.595644 1.271940 0.989454
v -9.595644 1.271940 -0.989453
v -9.638969 1.312155 0.989454
v -9.638969 1.312155 -0.989453
v -9.684980 1.348466 0.989454
v -9.684980 1.348466 -0.989453
v -9.733708 1.380888 0.989454
v -9.733708 1.380888 -0.989453
v -9.785185 1.409438 0.989454
v -9.785185 1.409438 -0.989453
v -9.839441 1.434130 0.989454
v -9.839441 1.434130 -0.989453
v -9.896509 1.454980 0.989454
v -9.896509 1.454980 -0.989453
v -9.956419 1.472005 0.989454
v -9.956419 1.472005 -0.989453
v -10.019201 1.485219 0.989454
v -10.019201 1.485219 -0.989453
v -10.084888 1.494638 0.989454
v -10.084888 1.494638 -0.989453
v -10.153512 1.500278 0.989454
v -10.153512 1.500278 -0.989453
v -10.225102 1.502155 0.989454
v -10.225102 1.502155 -0.989453
v -10.325503 1.497818 0.989454
v -10.325503 1.497818 -0.989453
v -10.421515 1.484706 0.989454
v -10.421515 1.484706 -0.989453
v -10.512312 1.462661 0.989454
v -10.512312 1.462661 -0.989453
v -10.597065 1.431527 0.989454
v -10.597065 1.431527 -0.989453
v -10.674946 1.391148 0.989454
v -10.674946 1.391148 -0.989453
v -10.745129 1.341368 0.989454
v -10.745129 1.341368 -0.989453
v -10.806785 1.282031 0.989454
v -10.806785 1.282031 -0.989453
v -10.859087 1.212981 0.989454
v -10.859087 1.212981 -0.989453
v -10.901206 1.134061 0.989454
v -10.901206 1.134061 -0.989453
v -10.932317 1.045115 0.989454
v -10.932317 1.045115 -0.989453
v -10.951590 0.945988 0.989454
v -10.951590 0.945988 -0.989453
v -10.958199 0.836522 0.989454
v -10.958199 0.836522 -0.989453
v -10.958199 -0.202404 0.989455
v -10.958199 -0.202404 -0.989453
v -10.958759 -0.220501 0.989455
v -10.958759 -0.220501 -0.989453
v -10.960427 -0.236614 0.989455
v -10.960427 -0.236614 -0.989453
v -10.963189 -0.250823 0.989455
v -10.963189 -0.250823 -0.989453
v -10.967028 -0.263204 0.989455
v -10.967028 -0.263204 -0.989453
v -10.971928 -0.273836 0.989455
v -10.971928 -0.273836 -0.989453
v -10.977875 -0.282797 0.989455
v -10.977875 -0.282797 -0.989453
v -10.984853 -0.290166 0.989455
v -10.984853 -0.290166 -0.989453
v -10.992846 -0.296019 0.989455
v -10.992846 -0.296019 -0.989453
v -11.001838 -0.300436 0.989455
v -11.001838 -0.300436 -0.989453
v -11.011814 -0.303494 0.989455
v -11.011814 -0.303494 -0.989453
v -11.022758 -0.305272 0.989455
v -11.022758 -0.305272 -0.989453
v -11.034656 -0.305847 0.989455
v -11.034656 -0.305847 -0.989453
v -11.045599 -0.305011 0.989455
v -11.045599 -0.305012 -0.989453
v -11.058121 -0.302536 0.989455
v -11.058121 -0.302536 -0.989453
v -11.072111 -0.298468 0.989455
v -11.072111 -0.298468 -0.989453
v -11.087460 -0.292854 0.989455
v -11.087460 -0.292854 -0.989453
v -11.104058 -0.285741 0.989455
v -11.104058 -0.285741 -0.989453
v -11.121796 -0.277175 0.989455
v -11.121796 -0.277175 -0.989453
v -11.140564 -0.267204 0.989455
v -11.140564 -0.267204 -0.989453
v -11.160254 -0.255875 0.989455
v -11.160254 -0.255875 -0.989453
v -11.180755 -0.243233 0.989455
v -11.180755 -0.243233 -0.989453
v -11.201960 -0.229327 0.989455
v -11.201960 -0.229327 -0.989453
v -11.223757 -0.214202 0.989455
v -11.223757 -0.214202 -0.989453
v -11.246039 -0.197907 0.989455
v -11.246039 -0.197907 -0.989453
v -11.246039 -0.440772 0.989455
v -11.246039 -0.440773 -0.989453
v -10.473550 0.411437 0.989454
v -10.473550 0.411437 -0.989453
v -10.391928 0.381711 0.989454
v -10.391928 0.381711 -0.989453
v -10.313930 0.351142 0.989454
v -10.313930 0.351142 -0.989453
v -10.240428 0.319308 0.989454
v -10.240428 0.319308 -0.989453
v -10.172298 0.285787 0.989454
v -10.172298 0.285787 -0.989453
v -10.110415 0.250159 0.989454
v -10.110415 0.250158 -0.989453
v -10.055654 0.212000 0.989454
v -10.055654 0.212000 -0.989453
v -10.008888 0.170890 0.989454
v -10.008888 0.170890 -0.989453
v -9.970992 0.126407 0.989454
v -9.970992 0.126406 -0.989453
v -9.942842 0.078129 0.989454
v -9.942842 0.078128 -0.989453
v -9.925309 0.025634 0.989454
v -9.925309 0.025634 -0.989453
v -9.919271 -0.031498 0.989454
v -9.919271 -0.031499 -0.989453
v -9.921758 -0.072031 0.989454
v -9.921758 -0.072031 -0.989453
v -9.929038 -0.110267 0.989454
v -9.929038 -0.110267 -0.989453
v -9.940847 -0.145974 0.989454
v -9.940847 -0.145974 -0.989453
v -9.956919 -0.178917 0.989454
v -9.956919 -0.178917 -0.989453
v -9.976989 -0.208861 0.989454
v -9.976989 -0.208861 -0.989453
v -10.000791 -0.235573 0.989454
v -10.000791 -0.235573 -0.989453
v -10.028059 -0.258818 0.989454
v -10.028059 -0.258818 -0.989453
v -10.058529 -0.278362 0.989454
v -10.058529 -0.278362 -0.989453
v -10.091935 -0.293971 0.989454
v -10.091935 -0.293971 -0.989453
v -10.128011 -0.305410 0.989454
v -10.128011 -0.305410 -0.989453
v -10.166492 -0.312445 0.989454
v -10.166492 -0.312445 -0.989453
v -10.207113 -0.314842 0.989454
v -10.207113 -0.314842 -0.989453
v -10.238407 -0.313543 0.989454
v -10.238407 -0.313543 -0.989453
v -10.269327 -0.309699 0.989454
v -10.269327 -0.309699 -0.989453
v -10.299872 -0.303387 0.989454
v -10.299872 -0.303387 -0.989453
v -10.330044 -0.294686 0.989454
v -10.330044 -0.294687 -0.989453
v -10.359839 -0.283674 0.989454
v -10.359839 -0.283674 -0.989453
v -10.389261 -0.270429 0.989454
v -10.389261 -0.270429 -0.989453
v -10.418307 -0.255029 0.989454
v -10.418307 -0.255029 -0.989453
v -10.446980 -0.237551 0.989454
v -10.446980 -0.237551 -0.989453
v -10.475276 -0.218075 0.989454
v -10.475276 -0.218075 -0.989453
v -10.503199 -0.196678 0.989454
v -10.503199 -0.196678 -0.989453
v -10.530746 -0.173438 0.989454
v -10.530746 -0.173438 -0.989453
v -10.557919 -0.148434 0.989454
v -10.557919 -0.148434 -0.989453
v -10.557919 0.440741 0.989454
v -10.557919 0.440741 -0.989453
v -13.029717 0.971484 0.989455
v -13.029717 0.971484 -0.989452
v -12.976751 1.003222 0.989455
v -12.976751 1.003222 -0.989452
v -12.926284 1.030899 0.989455
v -12.926284 1.030899 -0.989452
v -12.877973 1.054735 0.989455
v -12.877973 1.054735 -0.989452
v -12.831472 1.074948 0.989455
v -12.831472 1.074948 -0.989452
v -12.786440 1.091756 0.989455
v -12.786440 1.091756 -0.989452
v -12.742532 1.105379 0.989455
v -12.742532 1.105379 -0.989453
v -12.699405 1.116035 0.989455
v -12.699405 1.116035 -0.989453
v -12.656714 1.123942 0.989455
v -12.656714 1.123942 -0.989453
v -12.614118 1.129319 0.989455
v -12.614118 1.129319 -0.989453
v -12.571271 1.132385 0.989455
v -12.571271 1.132385 -0.989453
v -12.527831 1.133358 0.989455
v -12.527831 1.133358 -0.989453
v -12.439178 1.127723 0.989455
v -12.439178 1.127723 -0.989453
v -12.355697 1.111141 0.989455
v -12.355697 1.111141 -0.989453
v -12.277867 1.084096 0.989455
v -12.277867 1.084096 -0.989453
v -12.206175 1.047073 0.989455
v -12.206175 1.047073 -0.989453
v -12.141104 1.000554 0.989455
v -12.141104 1.000554 -0.989453
v -12.083138 0.945025 0.989455
v -12.083138 0.945025 -0.989453
v -12.032762 0.880969 0.989455
v -12.032762 0.880969 -0.989453
v -11.990460 0.808871 0.989455
v -11.990460 0.808871 -0.989453
v -11.956717 0.729214 0.989455
v -11.956717 0.729214 -0.989453
v -11.932014 0.642483 0.989455
v -11.932014 0.642483 -0.989453
v -11.916838 0.549163 0.989455
v -11.916838 0.549163 -0.989453
v -11.911672 0.449736 0.989455
v -11.911672 0.449736 -0.989453
v -11.917220 0.348685 0.989455
v -11.917220 0.348685 -0.989453
v -11.933577 0.254864 0.989455
v -11.933577 0.254864 -0.989453
v -11.960300 0.168571 0.989455
v -11.960300 0.168571 -0.989453
v -11.996957 0.090101 0.989455
v -11.996957 0.090101 -0.989453
v -12.043109 0.019752 0.989455
v -12.043109 0.019752 -0.989453
v -12.098318 -0.042180 0.989455
v -12.098318 -0.042180 -0.989453
v -12.162147 -0.095398 0.989455
v -12.162147 -0.095398 -0.989453
v -12.234159 -0.139605 0.989455
v -12.234159 -0.139605 -0.989452
v -12.313917 -0.174505 0.989455
v -12.313917 -0.174505 -0.989452
v -12.400984 -0.199801 0.989455
v -12.400984 -0.199801 -0.989452
v -12.494922 -0.215196 0.989455
v -12.494922 -0.215197 -0.989452
v -12.595294 -0.220394 0.989455
v -12.595294 -0.220394 -0.989452
v -12.637860 -0.219457 0.989455
v -12.637860 -0.219457 -0.989452
v -12.680225 -0.216646 0.989455
v -12.680225 -0.216646 -0.989452
v -12.722559 -0.211961 0.989455
v -12.722559 -0.211961 -0.989452
v -12.765033 -0.205402 0.989455
v -12.765033 -0.205402 -0.989452
v -12.807819 -0.196970 0.989455
v -12.807819 -0.196970 -0.989452
v -12.851089 -0.186663 0.989455
v -12.851089 -0.186663 -0.989452
v -12.895017 -0.174482 0.989455
v -12.895017 -0.174482 -0.989452
v -12.939771 -0.160427 0.989455
v -12.939771 -0.160427 -0.989452
v -12.985524 -0.144499 0.989455
v -12.985524 -0.144499 -0.989452
v -13.032449 -0.126696 0.989455
v -13.032449 -0.126696 -0.989452
v -13.080717 -0.107019 0.989455
v -13.080717 -0.107019 -0.989452
v -13.130499 -0.085469 0.989455
v -13.130499 -0.085469 -0.989452
v -13.130499 -0.481250 0.989455
v -13.130499 -0.481250 -0.989452
v -13.094334 -0.496778 0.989455
v -13.094334 -0.496778 -0.989452
v -13.053686 -0.511775 0.989455
v -13.053686 -0.511775 -0.989452
v -13.009136 -0.526085 0.989455
v -13.009136 -0.526085 -0.989452
v -12.961259 -0.539551 0.989455
v -12.961259 -0.539551 -0.989452
v -12.910633 -0.552018 0.989455
v -12.910633 -0.552018 -0.989452
v -12.857837 -0.563330 0.989455
v -12.857837 -0.563330 -0.989452
v -12.803448 -0.573329 0.989455
v -12.803448 -0.573330 -0.989452
v -12.748044 -0.581861 0.989455
v -12.748044 -0.581861 -0.989452
v -12.692202 -0.588769 0.989455
v -12.692202 -0.588769 -0.989452
v -12.636500 -0.593896 0.989455
v -12.636500 -0.593896 -0.989452
v -12.581518 -0.597087 0.989455
v -12.581518 -0.597087 -0.989452
v -12.527831 -0.598186 0.989455
v -12.527831 -0.598186 -0.989452
v -12.381054 -0.589612 0.989455
v -12.381054 -0.589612 -0.989452
v -12.242615 -0.564454 0.989455
v -12.242615 -0.564454 -0.989452
v -12.113358 -0.523555 0.989455
v -12.113358 -0.523555 -0.989452
v -11.994126 -0.467757 0.989455
v -11.994126 -0.467757 -0.989452
v -11.885764 -0.397905 0.989455
v -11.885764 -0.397905 -0.989453
v -11.789114 -0.314842 0.989455
v -11.789114 -0.314842 -0.989453
v -11.705019 -0.219410 0.989455
v -11.705019 -0.219410 -0.989453
v -11.634324 -0.112454 0.989455
v -11.634324 -0.112454 -0.989453
v -11.577871 0.005184 0.989455
v -11.577871 0.005184 -0.989453
v -11.536504 0.132661 0.989455
v -11.536504 0.132661 -0.989453
v -11.511065 0.269132 0.989455
v -11.511065 0.269132 -0.989453
v -11.502397 0.413756 0.989455
v -11.502397 0.413756 -0.989453
v -11.510360 0.575000 0.989455
v -11.510360 0.575000 -0.989453
v -11.533878 0.725500 0.989455
v -11.533878 0.725500 -0.989453
v -11.572389 0.864632 0.989455
v -11.572389 0.864632 -0.989453
v -11.625329 0.991770 0.989455
v -11.625329 0.991770 -0.989453
v -11.692136 1.106290 0.989455
v -11.692136 1.106290 -0.989453
v -11.772247 1.207567 0.989455
v -11.772247 1.207567 -0.989453
v -11.865103 1.294977 0.989455
v -11.865103 1.294977 -0.989453
v -11.970140 1.367895 0.989455
v -11.970140 1.367895 -0.989453
v -12.086794 1.425697 0.989455
v -12.086794 1.425697 -0.989453
v -12.214504 1.467757 0.989455
v -12.214504 1.467757 -0.989453
v -12.352709 1.493451 0.989455
v -12.352709 1.493451 -0.989453
v -12.500846 1.502155 0.989455
v -12.500846 1.502155 -0.989453
v -12.557785 1.501043 0.989455
v -12.557785 1.501043 -0.989453
v -12.611929 1.497761 0.989455
v -12.611929 1.497761 -0.989453
v -12.663669 1.492387 0.989455
v -12.663669 1.492387 -0.989453
v -12.713393 1.484998 0.989455
v -12.713393 1.484998 -0.989453
v -12.761495 1.475672 0.989455
v -12.761495 1.475672 -0.989453
v -12.808362 1.464488 0.989455
v -12.808362 1.464488 -0.989453
v -12.854386 1.451524 0.989455
v -12.854386 1.451524 -0.989453
v -12.899958 1.436857 0.989455
v -12.899958 1.436857 -0.989453
v -12.945466 1.420567 0.989455
v -12.945466 1.420567 -0.989452
v -12.991303 1.402730 0.989455
v -12.991303 1.402730 -0.989452
v -13.037859 1.383426 0.989455
v -13.037859 1.383426 -0.989452
v -13.085524 1.362732 0.989455
v -13.085524 1.362732 -0.989452
v -13.085524 0.935467 0.989455
v -13.085524 0.935467 -0.989452
v -15.197494 -0.398520 0.989455
v -15.197494 -0.398520 -0.989452
v -15.137600 -0.433693 0.989455
v -15.137600 -0.433693 -0.989452
v -15.077644 -0.465368 0.989455
v -15.077644 -0.465368 -0.989452
v -15.017125 -0.493577 0.989455
v -15.017125 -0.493577 -0.989452
v -14.955544 -0.518349 0.989455
v -14.955544 -0.518349 -0.989452
v -14.892403 -0.539718 0.989455
v -14.892403 -0.539718 -0.989452
v -14.827198 -0.557713 0.989455
v -14.827198 -0.557713 -0.989452
v -14.759434 -0.572366 0.989455
v -14.759434 -0.572367 -0.989452
v -14.688608 -0.583709 0.989455
v -14.688608 -0.583709 -0.989452
v -14.614223 -0.591772 0.989455
v -14.614223 -0.591772 -0.989452
v -14.535775 -0.596587 0.989455
v -14.535775 -0.596588 -0.989452
v -14.452769 -0.598186 0.989455
v -14.452769 -0.598186 -0.989452
v -14.301208 -0.587686 0.989455
v -14.301208 -0.587686 -0.989452
v -14.161513 -0.557291 0.989455
v -14.161513 -0.557291 -0.989452
v -14.033937 -0.508657 0.989455
v -14.033937 -0.508657 -0.989452
v -13.918731 -0.443438 0.989455
v -13.918731 -0.443438 -0.989452
v -13.816141 -0.363289 0.989455
v -13.816141 -0.363289 -0.989452
v -13.726419 -0.269867 0.989455
v -13.726419 -0.269867 -0.989452
v -13.649817 -0.164826 0.989455
v -13.649817 -0.164826 -0.989452
v -13.586580 -0.049822 0.989455
v -13.586580 -0.049822 -0.989452
v -13.536962 0.073490 0.989455
v -13.536962 0.073490 -0.989452
v -13.501210 0.203455 0.989455
v -13.501210 0.203455 -0.989452
v -13.479577 0.338417 0.989455
v -13.479577 0.338417 -0.989452
v -13.472310 0.476721 0.989455
v -13.472310 0.476721 -0.989452
v -13.480244 0.625389 0.989455
v -13.480244 0.625389 -0.989452
v -13.503544 0.765061 0.989455
v -13.503544 0.765061 -0.989452
v -13.541460 0.894990 0.989455
v -13.541460 0.894990 -0.989452
v -13.593245 1.014424 0.989455
v -13.593245 1.014424 -0.989452
v -13.658146 1.122614 0.989455
v -13.658146 1.122614 -0.989452
v -13.735416 1.218811 0.989455
v -13.735416 1.218811 -0.989452
v -13.824305 1.302265 0.989455
v -13.824305 1.302265 -0.989452
v -13.924062 1.372226 0.989455
v -13.924062 1.372226 -0.989452
v -14.033938 1.427945 0.989455
v -14.033938 1.427945 -0.989452
v -14.153185 1.468673 0.989455
v -14.153185 1.468673 -0.989452
v -14.281052 1.493659 0.989455
v -14.281052 1.493659 -0.989452
v -14.416789 1.502155 0.989455
v -14.416789 1.502155 -0.989452
v -14.546474 1.494555 0.989455
v -14.546474 1.494555 -0.989452
v -14.667588 1.471713 0.989455
v -14.667588 1.471713 -0.989452
v -14.779613 1.433568 0.989455
v -14.779613 1.433568 -0.989452
v -14.882032 1.380055 0.989455
v -14.882032 1.380055 -0.989452
v -14.974333 1.311114 0.989455
v -14.974333 1.311114 -0.989452
v -15.055999 1.226682 0.989455
v -15.055999 1.226682 -0.989452
v -15.126514 1.126695 0.989455
v -15.126514 1.126695 -0.989452
v -15.185366 1.011093 0.989455
v -15.185366 1.011093 -0.989452
v -15.232035 0.879811 0.989455
v -15.232035 0.879811 -0.989452
v -15.266008 0.732788 0.989455
v -15.266008 0.732788 -0.989452
v -15.286770 0.569961 0.989455
v -15.286770 0.569961 -0.989452
v -15.293805 0.391268 0.989455
v -15.293805 0.391268 -0.989452
v -13.872590 0.391268 0.989455
v -13.872590 0.391268 -0.989452
v -13.891792 0.295235 0.989455
v -13.891792 0.295235 -0.989452
v -13.917897 0.207307 0.989455
v -13.917897 0.207307 -0.989452
v -13.950873 0.127531 0.989455
v -13.950873 0.127531 -0.989452
v -13.990690 0.055953 0.989455
v -13.990690 0.055953 -0.989452
v -14.037315 -0.007379 0.989455
v -14.037315 -0.007379 -0.989452
v -14.090717 -0.062419 0.989455
v -14.090717 -0.062419 -0.989452
v -14.150867 -0.109120 0.989455
v -14.150867 -0.109120 -0.989452
v -14.217731 -0.147434 0.989455
v -14.217731 -0.147435 -0.989452
v -14.291279 -0.177316 0.989455
v -14.291279 -0.177316 -0.989452
v -14.371480 -0.198719 0.989455
v -14.371480 -0.198719 -0.989452
v -14.458302 -0.211594 0.989455
v -14.458302 -0.211594 -0.989452
v -14.551715 -0.215897 0.989455
v -14.551715 -0.215897 -0.989452
v -14.612160 -0.214038 0.989455
v -14.612160 -0.214038 -0.989452
v -14.672107 -0.208526 0.989455
v -14.672107 -0.208526 -0.989452
v -14.731615 -0.199453 0.989455
v -14.731615 -0.199453 -0.989452
v -14.790750 -0.186913 0.989455
v -14.790750 -0.186913 -0.989452
v -14.849571 -0.171000 0.989455
v -14.849571 -0.171000 -0.989452
v -14.908142 -0.151807 0.989455
v -14.908142 -0.151807 -0.989452
v -14.966527 -0.129429 0.989455
v -14.966527 -0.129429 -0.989452
v -15.024786 -0.103958 0.989455
v -15.024786 -0.103959 -0.989452
v -15.082983 -0.075490 0.989455
v -15.082983 -0.075490 -0.989452
v -15.141180 -0.044116 0.989455
v -15.141180 -0.044117 -0.989452
v -15.199440 -0.009932 0.989455
v -15.199440 -0.009932 -0.989452
v -15.257824 0.026969 0.989455
v -15.257824 0.026969 -0.989452
v -15.257824 -0.359817 0.989455
v -15.257824 -0.359817 -0.989452
v -14.891309 0.730690 0.989455
v -14.891309 0.730690 -0.989452
v -14.878035 0.799792 0.989455
v -14.878035 0.799792 -0.989452
v -14.858389 0.863648 0.989455
v -14.858389 0.863648 -0.989452
v -14.832560 0.921975 0.989455
v -14.832560 0.921975 -0.989452
v -14.800734 0.974493 0.989455
v -14.800734 0.974493 -0.989452
v -14.763098 1.020920 0.989455
v -14.763098 1.020920 -0.989452
v -14.719841 1.060976 0.989455
v -14.719841 1.060976 -0.989452
v -14.671149 1.094380 0.989455
v -14.671149 1.094380 -0.989452
v -14.617209 1.120849 0.989455
v -14.617209 1.120849 -0.989452
v -14.558211 1.140104 0.989455
v -14.558211 1.140104 -0.989452
v -14.494340 1.151864 0.989455
v -14.494340 1.151864 -0.989452
v -14.425784 1.155846 0.989455
v -14.425784 1.155846 -0.989452
v -14.351859 1.152122 0.989455
v -14.351859 1.152122 -0.989452
v -14.283028 1.141042 0.989455
v -14.283028 1.141042 -0.989452
v -14.219318 1.122747 0.989455
v -14.219318 1.122747 -0.989452
v -14.160763 1.097378 0.989455
v -14.160763 1.097378 -0.989452
v -14.107391 1.065076 0.989455
v -14.107391 1.065076 -0.989452
v -14.059237 1.025980 0.989455
v -14.059237 1.025980 -0.989452
v -14.016328 0.980232 0.989455
v -14.016328 0.980232 -0.989452
v -13.978698 0.927972 0.989455
v -13.978698 0.927972 -0.989452
v -13.946377 0.869340 0.989455
v -13.946377 0.869340 -0.989452
v -13.919396 0.804477 0.989455
v -13.919396 0.804477 -0.989452
v -13.897789 0.733524 0.989455
v -13.897789 0.733524 -0.989452
v -13.881584 0.656621 0.989455
v -13.881584 0.656621 -0.989452
v -14.898024 0.656621 0.989455
v -14.898024 0.656621 -0.989452
vn -0.0000 -0.0000 -1.0000
vn -0.0000 -0.0000 1.0000
vn 0.4763 -0.8793 -0.0000
vn 0.4457 -0.8952 -0.0000
vn 0.4117 -0.9113 -0.0000
vn 0.3742 -0.9273 -0.0000
vn 0.3334 -0.9428 -0.0000
vn 0.2897 -0.9571 -0.0000
vn 0.2434 -0.9699 -0.0000
vn 0.1952 -0.9808 -0.0000
vn 0.1460 -0.9893 -0.0000
vn 0.0965 -0.9953 -0.0000
vn 0.0477 -0.9989 -0.0000
vn -0.0180 -0.9998 -0.0000
vn -0.1203 -0.9927 -0.0000
vn -0.2418 -0.9703 -0.0000
vn -0.3623 -0.9320 -0.0000
vn -0.4793 -0.8776 -0.0000
vn -0.5902 -0.8073 -0.0000
vn -0.6922 -0.7217 -0.0000
vn -0.7829 -0.6221 -0.0000
vn -0.8599 -0.5105 -0.0000
vn -0.9212 -0.3892 -0.0000
vn -0.9652 -0.2614 -0.0000
vn -0.9915 -0.1305 -0.0000
vn -1.0000 -0.0015 -0.0000
vn -0.9921 0.1257 -0.0000
vn -0.9670 0.2546 -0.0000
vn -0.9234 0.3838 -0.0000
vn -0.8609 0.5087 -0.0000
vn -0.7808 0.6248 -0.0000
vn -0.6854 0.7282 -0.0000
vn -0.5784 0.8158 -0.0000
vn -0.4637 0.8860 -0.0000
vn -0.3454 0.9385 -0.0000
vn -0.2270 0.9739 -0.0000
vn -0.1113 0.9938 -0.0000
vn -0.0128 0.9999 -0.0000
vn 0.0569 0.9984 -0.0000
vn 0.1116 0.9938 -0.0000
vn 0.1639 0.9865 -0.0000
vn 0.2138 0.9769 -0.0000
vn 0.2616 0.9652 -0.0000
vn 0.3072 0.9516 -0.0000
vn 0.3509 0.9364 -0.0000
vn 0.3927 0.9197 -0.0000
vn 0.4329 0.9014 -0.0000
vn 0.4716 0.8818 -0.0000
vn 0.5088 0.8609 -0.0000
vn -0.4864 0.8738 -0.0000
vn -0.8517 -0.5240 -0.0000
vn -0.4374 -0.8993 -0.0000
vn -0.4081 -0.9129 -0.0000
vn -0.3749 -0.9271 -0.0000
vn -0.3381 -0.9411 -0.0000
vn -0.2984 -0.9544 -0.0000
vn -0.2565 -0.9666 -0.0000
vn -0.2131 -0.9770 -0.0000
vn -0.1690 -0.9856 -0.0000
vn -0.1251 -0.9922 -0.0000
vn -0.0819 -0.9966 -0.0000
vn -0.0401 -0.9992 -0.0000
vn 0.0226 -0.9997 -0.0000
vn 0.1330 -0.9911 -0.0000
vn 0.2704 -0.9628 -0.0000
vn 0.4061 -0.9138 -0.0000
vn 0.5336 -0.8457 -0.0000
vn 0.6474 -0.7621 -0.0000
vn 0.7446 -0.6675 -0.0000
vn 0.8244 -0.5661 -0.0000
vn 0.8876 -0.4607 -0.0000
vn 0.9358 -0.3524 -0.0000
vn 0.9705 -0.2409 -0.0000
vn 0.9923 -0.1241 -0.0000
vn 1.0000 -0.0004 -0.0000
vn 0.9918 0.1279 -0.0000
vn 0.9664 0.2571 -0.0000
vn 0.9232 0.3844 -0.0000
vn 0.8625 0.5061 -0.0000
vn 0.7855 0.6188 -0.0000
vn 0.6942 0.7198 -0.0000
vn 0.5911 0.8066 -0.0000
vn 0.4790 0.8778 -0.0000
vn 0.3610 0.9325 -0.0000
vn 0.2401 0.9708 -0.0000
vn 0.1190 0.9929 -0.0000
vn 0.0192 0.9998 -0.0000
vn -0.0408 0.9992 -0.0000
vn -0.0816 0.9967 -0.0000
vn -0.1217 0.9926 -0.0000
vn -0.1606 0.9870 -0.0000
vn -0.1976 0.9803 -0.0000
vn -0.2325 0.9726 -0.0000
vn -0.2648 0.9643 -0.0000
vn -0.2945 0.9556 -0.0000
vn -0.3214 0.9469 -0.0000
vn -0.3457 0.9384 -0.0000
vn -0.3673 0.9301 -0.0000
vn -0.8299 0.5579 -0.0000
vn -0.5047 -0.8633 -0.0000
vn -0.7071 0.7071 -0.0000
vn 0.4939 0.8695 -0.0000
vn 0.8475 0.5309 -0.0000
vn 0.8215 0.5702 -0.0000
vn 0.7896 0.6136 -0.0000
vn 0.7502 0.6612 -0.0000
vn 0.7015 0.7127 -0.0000
vn 0.6414 0.7672 -0.0000
vn 0.5679 0.8231 -0.0000
vn 0.4795 0.8775 -0.0000
vn 0.3758 0.9267 -0.0000
vn 0.2585 0.9660 -0.0000
vn 0.1314 0.9913 -0.0000
vn 0.0132 0.9999 -0.0000
vn -0.0794 0.9968 -0.0000
vn -0.1584 0.9874 -0.0000
vn -0.2354 0.9719 -0.0000
vn -0.3086 0.9512 -0.0000
vn -0.3767 0.9263 -0.0000
vn -0.4390 0.8985 -0.0000
vn -0.4949 0.8690 -0.0000
vn -0.5444 0.8388 -0.0000
vn -0.5879 0.8089 -0.0000
vn -0.6257 0.7800 -0.0000
vn -0.6585 0.7526 -0.0000
vn -0.9900 0.1414 -0.0000
vn -0.1400 -0.9902 -0.0000
vn 0.6579 -0.7531 -0.0000
vn 0.6218 -0.7832 -0.0000
vn 0.5852 -0.8109 -0.0000
vn 0.5474 -0.8368 -0.0000
vn 0.5077 -0.8616 -0.0000
vn 0.4647 -0.8855 -0.0000
vn 0.4171 -0.9089 -0.0000
vn 0.3627 -0.9319 -0.0000
vn 0.2985 -0.9544 -0.0000
vn 0.2203 -0.9754 -0.0000
vn 0.1219 -0.9925 -0.0000
vn -0.0082 -1.0000 -0.0000
vn -0.1651 -0.9863 -0.0000
vn -0.3230 -0.9464 -0.0000
vn -0.4666 -0.8845 -0.0000
vn -0.5918 -0.8061 -0.0000
vn -0.6975 -0.7166 -0.0000
vn -0.7845 -0.6201 -0.0000
vn -0.8543 -0.5197 -0.0000
vn -0.9089 -0.4171 -0.0000
vn -0.9497 -0.3132 -0.0000
vn -0.9780 -0.2088 -0.0000
vn -0.9946 -0.1042 -0.0000
vn -0.9997 -0.0259 -0.0000
vn -0.7071 -0.7071 -0.0000
vn 0.7071 -0.7071 -0.0000
vn 0.7071 0.7071 -0.0000
vn -0.9928 -0.1201 -0.0000
vn -0.9697 -0.2444 -0.0000
vn -0.9289 -0.3702 -0.0000
vn -0.8697 -0.4936 -0.0000
vn -0.7923 -0.6101 -0.0000
vn -0.6988 -0.7153 -0.0000
vn -0.5921 -0.8058 -0.0000
vn -0.4763 -0.8793 -0.0000
vn -0.3557 -0.9346 -0.0000
vn -0.2341 -0.9722 -0.0000
vn -0.1149 -0.9934 -0.0000
vn 0.0023 -1.0000 -0.0000
vn 0.1232 -0.9924 -0.0000
vn 0.2485 -0.9686 -0.0000
vn 0.3731 -0.9278 -0.0000
vn 0.4937 -0.8697 -0.0000
vn 0.6067 -0.7949 -0.0000
vn 0.7092 -0.7050 -0.0000
vn 0.7983 -0.6022 -0.0000
vn 0.8721 -0.4894 -0.0000
vn 0.9292 -0.3695 -0.0000
vn 0.9693 -0.2460 -0.0000
vn 0.9925 -0.1220 -0.0000
vn 1.0000 0.0032 -0.0000
vn 0.9911 0.1334 -0.0000
vn 0.9641 0.2654 -0.0000
vn 0.9198 0.3925 -0.0000
vn 0.8591 0.5118 -0.0000
vn 0.7838 0.6210 -0.0000
vn 0.6955 0.7185 -0.0000
vn 0.5960 0.8030 -0.0000
vn 0.4873 0.8733 -0.0000
vn 0.3710 0.9286 -0.0000
vn 0.2495 0.9684 -0.0000
vn 0.1250 0.9922 -0.0000
vn 0.0025 1.0000 -0.0000
vn -0.1158 0.9933 -0.0000
vn -0.2341 0.9722 -0.0000
vn -0.3530 0.9356 -0.0000
vn -0.4699 0.8827 -0.0000
vn -0.5819 0.8133 -0.0000
vn -0.6859 0.7277 -0.0000
vn -0.7788 0.6272 -0.0000
vn -0.8578 0.5140 -0.0000
vn -0.9204 0.3909 -0.0000
vn -0.9652 0.2616 -0.0000
vn -0.9915 0.1302 -0.0000
vn -1.0000 0.0027 -0.0000
vn -0.9942 0.1075 -0.0000
vn -0.9755 0.2202 -0.0000
vn -0.9416 0.3368 -0.0000
vn -0.8907 0.4546 -0.0000
vn -0.8217 0.5699 -0.0000
vn -0.7346 0.6786 -0.0000
vn -0.6308 0.7760 -0.0000
vn -0.5135 0.8581 -0.0000
vn -0.3870 0.9221 -0.0000
vn -0.2563 0.9666 -0.0000
vn -0.1262 0.9920 -0.0000
vn -0.0038 1.0000 -0.0000
vn 0.1123 0.9937 -0.0000
vn 0.2318 0.9728 -0.0000
vn 0.3568 0.9342 -0.0000
vn 0.4830 0.8756 -0.0000
vn 0.6045 0.7966 -0.0000
vn 0.7152 0.6989 -0.0000
vn 0.8098 0.5868 -0.0000
vn 0.8848 0.4659 -0.0000
vn 0.9395 0.3425 -0.0000
vn 0.9751 0.2216 -0.0000
vn 0.9942 0.1071 -0.0000
vn 1.0000 -0.0050 -0.0000
vn 0.9922 -0.1250 -0.0000
vn 0.9678 -0.2517 -0.0000
vn 0.9260 -0.3774 -0.0000
vn 0.8669 -0.4985 -0.0000
vn 0.7912 -0.6116 -0.0000
vn 0.7006 -0.7136 -0.0000
vn 0.5975 -0.8019 -0.0000
vn 0.4847 -0.8747 -0.0000
vn 0.3655 -0.9308 -0.0000
vn 0.2431 -0.9700 -0.0000
vn 0.1204 -0.9927 -0.0000
vn -0.0017 -1.0000 -0.0000
vn -0.1271 -0.9919 -0.0000
vn -0.2556 -0.9668 -0.0000
vn -0.3822 -0.9241 -0.0000
vn -0.5035 -0.8640 -0.0000
vn -0.6161 -0.7877 -0.0000
vn -0.7171 -0.6970 -0.0000
vn -0.8043 -0.5943 -0.0000
vn -0.8760 -0.4823 -0.0000
vn -0.9314 -0.3641 -0.0000
vn -0.9702 -0.2424 -0.0000
vn -0.9927 -0.1203 -0.0000
vn -1.0000 -0.0035 -0.0000
vn 0.5172 -0.8558 -0.0000
vn 0.4822 -0.8760 -0.0000
vn 0.4458 -0.8951 -0.0000
vn 0.4077 -0.9131 -0.0000
vn 0.3678 -0.9299 -0.0000
vn 0.3257 -0.9455 -0.0000
vn 0.2811 -0.9597 -0.0000
vn 0.2336 -0.9723 -0.0000
vn 0.1825 -0.9832 -0.0000
vn 0.1271 -0.9919 -0.0000
vn 0.0663 -0.9978 -0.0000
vn -0.0027 -1.0000 -0.0000
vn -0.0823 -0.9966 -0.0000
vn -0.1700 -0.9854 -0.0000
vn -0.2641 -0.9645 -0.0000
vn -0.3643 -0.9313 -0.0000
vn -0.4699 -0.8827 -0.0000
vn -0.5787 -0.8155 -0.0000
vn -0.6870 -0.7266 -0.0000
vn -0.7891 -0.6143 -0.0000
vn -0.8777 -0.4793 -0.0000
vn -0.9453 -0.3263 -0.0000
vn -0.9865 -0.1635 -0.0000
vn -0.9998 0.0217 -0.0000
vn -0.9718 0.2356 -0.0000
vn -0.9032 0.4292 -0.0000
vn -0.8221 0.5693 -0.0000
vn -0.7473 0.6645 -0.0000
vn -0.6851 0.7285 -0.0000
vn -0.6358 0.7719 -0.0000
vn -0.5974 0.8019 -0.0000
vn -0.5678 0.8232 -0.0000
vn -0.5449 0.8385 -0.0000
vn -0.5274 0.8496 -0.0000
vn -0.5139 0.8579 -0.0000
vn -0.5350 0.8449 -0.0000
vn -0.5728 0.8197 -0.0000
vn -0.5989 0.8008 -0.0000
vn -0.6320 0.7750 -0.0000
vn -0.6728 0.7399 -0.0000
vn -0.7213 0.6926 -0.0000
vn -0.7764 0.6303 -0.0000
vn -0.8348 0.5505 -0.0000
vn -0.8914 0.4532 -0.0000
vn -0.9398 0.3416 -0.0000
vn -0.9748 0.2232 -0.0000
vn -0.9942 0.1073 -0.0000
vn -1.0000 -0.0079 -0.0000
vn -0.9907 -0.1363 -0.0000
vn -0.9616 -0.2746 -0.0000
vn -0.9120 -0.4102 -0.0000
vn -0.8432 -0.5377 -0.0000
vn -0.7578 -0.6525 -0.0000
vn -0.6598 -0.7515 -0.0000
vn -0.5532 -0.8331 -0.0000
vn -0.4418 -0.8971 -0.0000
vn -0.3287 -0.9444 -0.0000
vn -0.2164 -0.9763 -0.0000
vn -0.1065 -0.9943 -0.0000
vn -0.0175 -0.9998 -0.0000
vn 0.0361 -0.9993 -0.0000
vn 0.0754 -0.9972 -0.0000
vn 0.1179 -0.9930 -0.0000
vn 0.1625 -0.9867 -0.0000
vn 0.2078 -0.9782 -0.0000
vn 0.2527 -0.9676 -0.0000
vn 0.2958 -0.9553 -0.0000
vn 0.3361 -0.9418 -0.0000
vn 0.3728 -0.9279 -0.0000
vn 0.4056 -0.9140 -0.0000
vn 0.4343 -0.9008 -0.0000
vn 0.8508 -0.5256 -0.0000
vn 0.4725 0.8813 -0.0000
vn -0.5388 0.8424 -0.0000
vn -0.5082 0.8612 -0.0000
vn -0.4758 0.8796 -0.0000
vn -0.4410 0.8975 -0.0000
vn -0.4036 0.9149 -0.0000
vn -0.3630 0.9318 -0.0000
vn -0.3185 0.9479 -0.0000
vn -0.2692 0.9631 -0.0000
vn -0.2141 0.9768 -0.0000
vn -0.1518 0.9884 -0.0000
vn -0.0806 0.9968 -0.0000
vn 0.0245 0.9997 -0.0000
vn 0.1289 0.9917 -0.0000
vn 0.2065 0.9784 -0.0000
vn 0.2900 0.9570 -0.0000
vn 0.3801 0.9249 -0.0000
vn 0.4771 0.8788 -0.0000
vn 0.5798 0.8148 -0.0000
vn 0.6850 0.7286 -0.0000
vn 0.7867 0.6173 -0.0000
vn 0.8765 0.4814 -0.0000
vn 0.9453 0.3263 -0.0000
vn 0.9868 0.1622 -0.0000
vn 0.9955 -0.0949 -0.0000
vn 0.8897 -0.4565 -0.0000
vn 0.7052 -0.7090 -0.0000
vn 0.5812 -0.8138 -0.0000
vn 0.5190 -0.8548 -0.0000
vn 0.5003 -0.8659 -0.0000
vn 0.5150 -0.8572 -0.0000
vn 0.5596 -0.8288 -0.0000
vn 0.6341 -0.7732 -0.0000
vn 0.7373 -0.6756 -0.0000
vn 0.8571 -0.5151 -0.0000
vn 0.9598 -0.2808 -0.0000
vn 0.9992 -0.0396 -0.0000
vn 0.9910 0.1338 -0.0000
vn 0.9618 0.2739 -0.0000
vn 0.9096 0.4154 -0.0000
vn 0.8348 0.5506 -0.0000
vn 0.7406 0.6720 -0.0000
vn 0.6329 0.7743 -0.0000
vn 0.5185 0.8551 -0.0000
vn 0.4034 0.9150 -0.0000
vn 0.2921 0.9564 -0.0000
vn 0.1872 0.9823 -0.0000
vn 0.0901 0.9959 -0.0000
vn 0.0098 1.0000 -0.0000
vn -0.0475 0.9989 -0.0000
vn -0.0945 0.9955 -0.0000
vn -0.1405 0.9901 -0.0000
vn -0.1852 0.9827 -0.0000
vn -0.2283 0.9736 -0.0000
vn -0.2694 0.9630 -0.0000
vn -0.3085 0.9512 -0.0000
vn -0.3453 0.9385 -0.0000
vn -0.3797 0.9251 -0.0000
vn -0.4119 0.9112 -0.0000
vn -0.4418 0.8971 -0.0000
vn -0.8533 0.5215 -0.0000
vn -0.4826 -0.8759 -0.0000
vn 0.7372 -0.6756 -0.0000
vn 0.4195 0.9078 -0.0000
vn 0.7378 0.6750 -0.0000
vn 0.6874 0.7263 -0.0000
vn 0.6334 0.7738 -0.0000
vn 0.5760 0.8174 -0.0000
vn 0.5152 0.8571 -0.0000
vn 0.4510 0.8925 -0.0000
vn 0.3835 0.9235 -0.0000
vn 0.3128 0.9498 -0.0000
vn 0.2388 0.9711 -0.0000
vn 0.1618 0.9868 -0.0000
vn 0.0820 0.9966 -0.0000
vn -0.0084 1.0000 -0.0000
vn -0.1200 0.9928 -0.0000
vn -0.2472 0.9690 -0.0000
vn -0.3793 0.9253 -0.0000
vn -0.5108 0.8597 -0.0000
vn -0.6347 0.7728 -0.0000
vn -0.7441 0.6680 -0.0000
vn -0.8342 0.5515 -0.0000
vn -0.9027 0.4304 -0.0000
vn -0.9504 0.3110 -0.0000
vn -0.9802 0.1981 -0.0000
vn -0.9955 0.0945 -0.0000
vn -0.9997 0.0226 -0.0000
vn 0.9998 -0.0219 -0.0000
vn 0.9959 -0.0903 -0.0000
vn 0.9823 -0.1871 -0.0000
vn 0.9567 -0.2910 -0.0000
vn 0.9162 -0.4007 -0.0000
vn 0.8578 -0.5139 -0.0000
vn 0.7791 -0.6268 -0.0000
vn 0.6793 -0.7339 -0.0000
vn 0.5598 -0.8286 -0.0000
vn 0.4251 -0.9051 -0.0000
vn 0.2822 -0.9594 -0.0000
vn 0.1386 -0.9903 -0.0000
vn 0.0139 -0.9999 -0.0000
vn -0.0821 -0.9966 -0.0000
vn -0.1692 -0.9856 -0.0000
vn -0.2587 -0.9660 -0.0000
vn -0.3463 -0.9381 -0.0000
vn -0.4280 -0.9038 -0.0000
vn -0.5011 -0.8654 -0.0000
vn -0.5640 -0.8257 -0.0000
vn -0.6168 -0.7871 -0.0000
vn -0.6600 -0.7512 -0.0000
vn -0.6950 -0.7190 -0.0000
vn -0.7229 -0.6909 -0.0000
vn -0.9315 -0.3639 -0.0000
vn -0.5233 -0.8522 -0.0000
vn -0.4869 -0.8735 -0.0000
vn -0.4449 -0.8956 -0.0000
vn -0.3980 -0.9174 -0.0000
vn -0.3470 -0.9379 -0.0000
vn -0.2934 -0.9560 -0.0000
vn -0.2388 -0.9711 -0.0000
vn -0.1848 -0.9828 -0.0000
vn -0.1330 -0.9911 -0.0000
vn -0.0845 -0.9964 -0.0000
vn -0.0403 -0.9992 -0.0000
vn 0.0250 -0.9997 -0.0000
vn 0.1412 -0.9900 -0.0000
vn 0.2852 -0.9585 -0.0000
vn 0.4256 -0.9049 -0.0000
vn 0.5557 -0.8314 -0.0000
vn 0.6701 -0.7422 -0.0000
vn 0.7664 -0.6424 -0.0000
vn 0.8438 -0.5366 -0.0000
vn 0.9036 -0.4283 -0.0000
vn 0.9475 -0.3198 -0.0000
vn 0.9773 -0.2121 -0.0000
vn 0.9944 -0.1055 -0.0000
vn 1.0000 0.0004 -0.0000
vn 0.9940 0.1091 -0.0000
vn 0.9749 0.2227 -0.0000
vn 0.9406 0.3396 -0.0000
vn 0.8894 0.4571 -0.0000
vn 0.8205 0.5717 -0.0000
vn 0.7339 0.6793 -0.0000
vn 0.6309 0.7758 -0.0000
vn 0.5145 0.8575 -0.0000
vn 0.3887 0.9214 -0.0000
vn 0.2581 0.9661 -0.0000
vn 0.1274 0.9919 -0.0000
vn 0.0020 1.0000 -0.0000
vn -0.1222 0.9925 -0.0000
vn -0.2545 0.9671 -0.0000
vn -0.3939 0.9192 -0.0000
vn -0.5325 0.8465 -0.0000
vn -0.6607 0.7506 -0.0000
vn -0.7703 0.6377 -0.0000
vn -0.8564 0.5163 -0.0000
vn -0.9186 0.3951 -0.0000
vn -0.9599 0.2805 -0.0000
vn -0.9844 0.1760 -0.0000
vn -0.9966 0.0830 -0.0000
vn -0.7209 -0.6931 -0.0000
vn -0.7733 -0.6340 -0.0000
vn -0.9706 0.2406 -0.0000
vn -0.9427 0.3338 -0.0000
vn -0.9005 0.4348 -0.0000
vn -0.8413 0.5406 -0.0000
vn -0.7633 0.6461 -0.0000
vn -0.6671 0.7449 -0.0000
vn -0.5566 0.8308 -0.0000
vn -0.4378 0.8991 -0.0000
vn -0.3177 0.9482 -0.0000
vn -0.2026 0.9793 -0.0000
vn -0.0965 0.9953 -0.0000
vn -0.0076 1.0000 -0.0000
vn 0.0612 0.9981 -0.0000
vn 0.1212 0.9926 -0.0000
vn 0.1792 0.9838 -0.0000
vn 0.2344 0.9721 -0.0000
vn 0.2864 0.9581 -0.0000
vn 0.3347 0.9423 -0.0000
vn 0.3793 0.9253 -0.0000
vn 0.4201 0.9075 -0.0000
vn 0.4571 0.8894 -0.0000
vn 0.4904 0.8715 -0.0000
vn 0.5202 0.8540 -0.0000
vn -0.4826 0.8759 -0.0000
vn -0.8775 -0.4796 -0.0000
vn 0.9902 -0.1396 -0.0000
vn 0.9703 -0.2417 -0.0000
vn 0.9367 -0.3501 -0.0000
vn 0.8866 -0.4625 -0.0000
vn 0.8179 -0.5753 -0.0000
vn 0.7300 -0.6835 -0.0000
vn 0.6242 -0.7812 -0.0000
vn 0.5044 -0.8634 -0.0000
vn 0.3763 -0.9265 -0.0000
vn 0.2462 -0.9692 -0.0000
vn 0.1198 -0.9928 -0.0000
vn 0.0038 -1.0000 -0.0000
vn -0.1048 -0.9945 -0.0000
vn -0.2179 -0.9760 -0.0000
vn -0.3375 -0.9413 -0.0000
vn -0.4587 -0.8886 -0.0000
vn -0.5754 -0.8179 -0.0000
vn -0.6814 -0.7319 -0.0000
vn -0.7721 -0.6355 -0.0000
vn -0.8452 -0.5345 -0.0000
vn -0.9009 -0.4341 -0.0000
vn -0.9411 -0.3381 -0.0000
vn -0.9685 -0.2490 -0.0000
vn -0.7766 0.6300 -0.0000
vn 0.7383 0.6744 -0.0000
vn 0.6452 -0.7641 -0.0000
vn 0.5982 -0.8014 -0.0000
vn 0.5472 -0.8370 -0.0000
vn 0.4924 -0.8703 -0.0000
vn 0.4344 -0.9007 -0.0000
vn 0.3738 -0.9275 -0.0000
vn 0.3113 -0.9503 -0.0000
vn 0.2478 -0.9688 -0.0000
vn 0.1842 -0.9829 -0.0000
vn 0.1212 -0.9926 -0.0000
vn 0.0598 -0.9982 -0.0000
vn -0.0072 -1.0000 -0.0000
vn -0.0900 -0.9959 -0.0000
vn -0.1842 -0.9829 -0.0000
vn -0.2828 -0.9592 -0.0000
vn -0.3856 -0.9227 -0.0000
vn -0.4915 -0.8709 -0.0000
vn -0.5986 -0.8011 -0.0000
vn -0.7033 -0.7109 -0.0000
vn -0.8007 -0.5990 -0.0000
vn -0.8845 -0.4665 -0.0000
vn -0.9482 -0.3175 -0.0000
vn -0.9872 -0.1593 -0.0000
vn -0.9985 0.0556 -0.0000
vn -0.9314 0.3641 -0.0000
vn -0.7737 0.6335 -0.0000
vn -0.6274 0.7787 -0.0000
vn -0.5367 0.8438 -0.0000
vn -0.5005 0.8657 -0.0000
vn -0.5106 0.8598 -0.0000
vn -0.5617 0.8274 -0.0000
vn -0.6501 0.7599 -0.0000
vn -0.7661 0.6427 -0.0000
vn -0.8854 0.4648 -0.0000
vn -0.9712 0.2381 -0.0000
vn -0.9997 0.0262 -0.0000
vn -0.9918 -0.1282 -0.0000
vn -0.9663 -0.2574 -0.0000
vn -0.9231 -0.3845 -0.0000
vn -0.8626 -0.5058 -0.0000
vn -0.7860 -0.6182 -0.0000
vn -0.6952 -0.7188 -0.0000
vn -0.5927 -0.8055 -0.0000
vn -0.4810 -0.8767 -0.0000
vn -0.3632 -0.9317 -0.0000
vn -0.2420 -0.9703 -0.0000
vn -0.1202 -0.9928 -0.0000
vn -0.0182 -0.9998 -0.0000
vn 0.0471 -0.9989 -0.0000
vn 0.0968 -0.9953 -0.0000
vn 0.1491 -0.9888 -0.0000
vn 0.2033 -0.9791 -0.0000
vn 0.2586 -0.9660 -0.0000
vn 0.3140 -0.9494 -0.0000
vn 0.3686 -0.9296 -0.0000
vn 0.4214 -0.9069 -0.0000
vn 0.4717 -0.8817 -0.0000
vn 0.5189 -0.8549 -0.0000
vn 0.5623 -0.8269 -0.0000
vn 0.8896 -0.4567 -0.0000
vn 0.3393 0.9407 -0.0000
vn -0.7500 0.6614 -0.0000
vn -0.7074 0.7068 -0.0000
vn -0.6596 0.7516 -0.0000
vn -0.6063 0.7953 -0.0000
vn -0.5473 0.8370 -0.0000
vn -0.4825 0.8759 -0.0000
vn -0.4122 0.9111 -0.0000
vn -0.3367 0.9416 -0.0000
vn -0.2566 0.9665 -0.0000
vn -0.1730 0.9849 -0.0000
vn -0.0870 0.9962 -0.0000
vn 0.0048 1.0000 -0.0000
vn 0.1096 0.9940 -0.0000
vn 0.2246 0.9744 -0.0000
vn 0.3426 0.9395 -0.0000
vn 0.4598 0.8880 -0.0000
vn 0.5721 0.8202 -0.0000
vn 0.6758 0.7371 -0.0000
vn 0.7680 0.6404 -0.0000
vn 0.8467 0.5321 -0.0000
vn 0.9105 0.4135 -0.0000
vn 0.9584 0.2853 -0.0000
vn 0.9891 0.1473 -0.0000
vn 0.9988 -0.0497 -0.0000
vn 0.9418 -0.3362 -0.0000
vn 0.8047 -0.5937 -0.0000
vn 0.6690 -0.7433 -0.0000
vn 0.5764 -0.8172 -0.0000
vn 0.5308 -0.8475 -0.0000
vn 0.5272 -0.8497 -0.0000
vn 0.5624 -0.8268 -0.0000
vn 0.6354 -0.7722 -0.0000
vn 0.7422 -0.6702 -0.0000
vn 0.8648 -0.5021 -0.0000
vn 0.9638 -0.2666 -0.0000
vn 0.9994 -0.0352 -0.0000
vn 0.9917 0.1285 -0.0000
vn 0.9650 0.2624 -0.0000
vn 0.9175 0.3977 -0.0000
vn 0.8490 0.5283 -0.0000
vn 0.7616 0.6481 -0.0000
vn 0.6592 0.7519 -0.0000
vn 0.5474 0.8369 -0.0000
vn 0.4315 0.9021 -0.0000
vn 0.3162 0.9487 -0.0000
vn 0.2047 0.9788 -0.0000
vn 0.0992 0.9951 -0.0000
vn 0.0112 0.9999 -0.0000
vn -0.0512 0.9987 -0.0000
vn -0.1022 0.9948 -0.0000
vn -0.1527 0.9883 -0.0000
vn -0.2515 0.9679 -0.0000
vn -0.2993 0.9542 -0.0000
vn -0.3458 0.9383 -0.0000
vn -0.3909 0.9204 -0.0000
vn -0.4344 0.9007 -0.0000
vn -0.4763 0.8793 -0.0000
vn -0.5164 0.8564 -0.0000
vn -0.8763 0.4818 -0.0000
vn -0.4078 -0.9131 -0.0000
vn -0.0210 0.9998 -0.0000
vn -0.0888 0.9961 -0.0000
vn -0.1884 0.9821 -0.0000
vn -0.3000 0.9539 -0.0000
vn -0.4213 0.9069 -0.0000
vn -0.6697 0.7426 -0.0000
vn -0.7793 0.6266 -0.0000
vn -0.8682 0.4962 -0.0000
vn -0.9326 0.3609 -0.0000
vn -0.9732 0.2298 -0.0000
vn -0.9940 0.1091 -0.0000
vn -1.0000 -0.0036 -0.0000
vn -0.9927 -0.1202 -0.0000
vn -0.9700 -0.2433 -0.0000
vn -0.9303 -0.3667 -0.0000
vn -0.8733 -0.4872 -0.0000
vn -0.7992 -0.6011 -0.0000
vn -0.7093 -0.7049 -0.0000
vn -0.6058 -0.7956 -0.0000
vn -0.4919 -0.8707 -0.0000
vn -0.3708 -0.9287 -0.0000
vn -0.2463 -0.9692 -0.0000
vn -0.1219 -0.9925 -0.0000
vn -0.0212 -0.9998 -0.0000
vn 0.0355 -0.9994 -0.0000
vn 0.0718 -0.9974 -0.0000
vn 0.1088 -0.9941 -0.0000
vn 0.1457 -0.9893 -0.0000
vn 0.1818 -0.9833 -0.0000
vn 0.2167 -0.9762 -0.0000
vn 0.2499 -0.9683 -0.0000
vn 0.2809 -0.9597 -0.0000
vn 0.3096 -0.9509 -0.0000
vn 0.3358 -0.9419 -0.0000
vn 0.3594 -0.9332 -0.0000
vn -0.5610 -0.8278 -0.0000
vn -0.4020 0.9156 -0.0000
vn -0.3696 0.9292 -0.0000
vn -0.3364 0.9417 -0.0000
vn -0.3025 0.9531 -0.0000
vn -0.2678 0.9635 -0.0000
vn -0.2323 0.9726 -0.0000
vn -0.1959 0.9806 -0.0000
vn -0.1586 0.9873 -0.0000
vn -0.1204 0.9927 -0.0000
vn -0.0812 0.9967 -0.0000
vn -0.0410 0.9992 -0.0000
vn 0.0219 0.9998 -0.0000
vn 0.1306 0.9914 -0.0000
vn 0.2623 0.9650 -0.0000
vn 0.3915 0.9202 -0.0000
vn 0.5141 0.8577 -0.0000
vn 0.6269 0.7791 -0.0000
vn 0.7269 0.6867 -0.0000
vn 0.8122 0.5833 -0.0000
vn 0.8817 0.4718 -0.0000
vn 0.9348 0.3552 -0.0000
vn 0.9717 0.2361 -0.0000
vn 0.9931 0.1170 -0.0000
vn 1.0000 0.0061 -0.0000
vn 0.9954 -0.0957 -0.0000
vn 0.9793 -0.2026 -0.0000
vn 0.9471 -0.3209 -0.0000
vn 0.8943 -0.4475 -0.0000
vn 0.8177 -0.5756 -0.0000
vn 0.7175 -0.6965 -0.0000
vn 0.5984 -0.8012 -0.0000
vn 0.4688 -0.8833 -0.0000
vn 0.3381 -0.9411 -0.0000
vn 0.2140 -0.9768 -0.0000
vn 0.1012 -0.9949 -0.0000
vn 0.0240 -0.9997 -0.0000
vn -0.8420 0.5394 -0.0000
vn -0.5395 -0.8420 -0.0000
vn -0.5244 -0.8515 -0.0000
vn -0.5027 -0.8645 -0.0000
vn -0.4729 -0.8811 -0.0000
vn -0.4336 -0.9011 -0.0000
vn -0.3841 -0.9233 -0.0000
vn -0.3247 -0.9458 -0.0000
vn -0.2577 -0.9662 -0.0000
vn -0.1870 -0.9824 -0.0000
vn -0.1177 -0.9930 -0.0000
vn -0.0548 -0.9985 -0.0000
vn 0.0029 -1.0000 -0.0000
vn 0.0670 -0.9978 -0.0000
vn 0.1445 -0.9895 -0.0000
vn 0.2345 -0.9721 -0.0000
vn 0.4464 -0.8948 -0.0000
vn 0.5597 -0.8287 -0.0000
vn 0.6682 -0.7440 -0.0000
vn 0.7643 -0.6449 -0.0000
vn 0.8426 -0.5385 -0.0000
vn 0.9016 -0.4327 -0.0000
vn 0.9428 -0.3334 -0.0000
vn 0.3111 -0.9504 -0.0000
vn -0.5845 -0.8114 -0.0000
vn -0.5440 -0.8391 -0.0000
vn -0.5005 -0.8657 -0.0000
vn -0.4539 -0.8910 -0.0000
vn -0.4045 -0.9146 -0.0000
vn -0.3522 -0.9359 -0.0000
vn -0.2975 -0.9547 -0.0000
vn -0.2406 -0.9706 -0.0000
vn -0.1819 -0.9833 -0.0000
vn -0.0611 -0.9981 -0.0000
vn 0.0176 -0.9998 -0.0000
vn 0.2663 -0.9639 -0.0000
vn 0.3956 -0.9184 -0.0000
vn 0.5169 -0.8560 -0.0000
vn 0.6272 -0.7789 -0.0000
vn 0.7244 -0.6893 -0.0000
vn 0.8076 -0.5898 -0.0000
vn 0.8761 -0.4821 -0.0000
vn 0.9298 -0.3680 -0.0000
vn 0.9686 -0.2487 -0.0000
vn 0.9921 -0.1254 -0.0000
vn 1.0000 0.0074 -0.0000
vn 0.9868 0.1617 -0.0000
vn 0.9441 0.3297 -0.0000
vn 0.8721 0.4894 -0.0000
vn 0.7800 0.6258 -0.0000
vn 0.6815 0.7318 -0.0000
vn 0.5887 0.8084 -0.0000
vn 0.5086 0.8610 -0.0000
vn 0.4442 0.8959 -0.0000
vn 0.3959 0.9183 -0.0000
vn 0.3631 0.9318 -0.0000
vn 0.3452 0.9385 -0.0000
vn 0.3370 0.9415 -0.0000
vn 0.8167 0.5770 -0.0000
vn 0.9998 -0.0211 -0.0000
vn 0.9959 -0.0910 -0.0000
vn 0.9803 -0.1975 -0.0000
vn 0.9470 -0.3213 -0.0000
vn 0.8889 -0.4581 -0.0000
vn 0.8017 -0.5978 -0.0000
vn 0.6870 -0.7266 -0.0000
vn 0.5545 -0.8322 -0.0000
vn 0.4179 -0.9085 -0.0000
vn 0.2895 -0.9572 -0.0000
vn 0.1765 -0.9843 -0.0000
vn 0.0809 -0.9967 -0.0000
vn -0.0009 -1.0000 -0.0000
vn -0.0786 -0.9969 -0.0000
vn -0.1570 -0.9876 -0.0000
vn -0.2344 -0.9721 -0.0000
vn -0.3097 -0.9508 -0.0000
vn -0.3821 -0.9241 -0.0000
vn -0.4508 -0.8926 -0.0000
vn -0.5152 -0.8571 -0.0000
vn -0.5750 -0.8182 -0.0000
vn -0.6298 -0.7768 -0.0000
vn -0.6795 -0.7337 -0.0000
vn -0.7243 -0.6895 -0.0000
vn 0.3570 -0.9341 -0.0000
vn 0.9315 0.3637 -0.0000
vn 0.7084 0.7058 -0.0000
vn 0.6504 0.7596 -0.0000
vn 0.5872 0.8094 -0.0000
vn 0.5199 0.8542 -0.0000
vn 0.4500 0.8930 -0.0000
vn 0.3790 0.9254 -0.0000
vn 0.3085 0.9512 -0.0000
vn 0.2398 0.9708 -0.0000
vn 0.1740 0.9847 -0.0000
vn 0.1120 0.9937 -0.0000
vn 0.0541 0.9985 -0.0000
vn -0.0085 1.0000 -0.0000
vn -0.0893 0.9960 -0.0000
vn -0.1859 0.9826 -0.0000
vn -0.2909 0.9568 -0.0000
vn -0.4034 0.9150 -0.0000
vn -0.5207 0.8538 -0.0000
vn -0.6378 0.7702 -0.0000
vn -0.7476 0.6642 -0.0000
vn -0.8423 0.5390 -0.0000
vn -0.9158 0.4017 -0.0000
vn -0.9653 0.2612 -0.0000
vn -0.9921 0.1258 -0.0000
vn -0.9995 0.0301 -0.0000
vn -0.9999 0.0155 -0.0000
vn -0.9978 0.0670 -0.0000
vn -0.9891 0.1470 -0.0000
vn -0.9698 0.2438 -0.0000
vn -0.9337 0.3581 -0.0000
vn -0.8733 0.4872 -0.0000
vn -0.7826 0.6225 -0.0000
vn -0.6612 0.7502 -0.0000
vn -0.5178 0.8555 -0.0000
vn -0.3681 0.9298 -0.0000
vn -0.2272 0.9738 -0.0000
vn -0.1045 0.9945 -0.0000
vn 0.0139 0.9999 -0.0000
vn 0.1353 0.9908 -0.0000
vn 0.2368 0.9716 -0.0000
vn 0.3115 0.9502 -0.0000
vn 0.3688 0.9295 -0.0000
vn 0.4145 0.9101 -0.0000
vn 0.4521 0.8920 -0.0000
vn 0.4840 0.8751 -0.0000
vn 0.5119 0.8591 -0.0000
vn 0.5367 0.8438 -0.0000
vn 0.5593 0.8290 -0.0000
vn 0.5802 0.8144 -0.0000
vn -0.4526 0.8917 -0.0000
vn -0.8791 -0.4767 -0.0000
vn -0.3352 -0.9422 -0.0000
vn -0.3536 -0.9354 -0.0000
vn -0.3812 -0.9245 -0.0000
vn -0.4196 -0.9077 -0.0000
vn -0.4705 -0.8824 -0.0000
vn -0.5358 -0.8443 -0.0000
vn -0.6169 -0.7870 -0.0000
vn -0.7126 -0.7016 -0.0000
vn -0.8158 -0.5784 -0.0000
vn -0.9110 -0.4124 -0.0000
vn -0.9772 -0.2122 -0.0000
vn -0.9998 -0.0220 -0.0000
vn -0.9922 0.1244 -0.0000
vn -0.9680 0.2511 -0.0000
vn -0.9262 0.3771 -0.0000
vn -0.8667 0.4988 -0.0000
vn -0.7905 0.6125 -0.0000
vn -0.6993 0.7148 -0.0000
vn -0.5957 0.8032 -0.0000
vn -0.4827 0.8758 -0.0000
vn -0.3635 0.9316 -0.0000
vn -0.2415 0.9704 -0.0000
vn -0.1196 0.9928 -0.0000
vn -0.0087 1.0000 -0.0000
vn 0.0825 0.9966 -0.0000
vn 0.1630 0.9866 -0.0000
vn 0.2399 0.9708 -0.0000
vn 0.3121 0.9501 -0.0000
vn 0.3788 0.9255 -0.0000
vn 0.4397 0.8981 -0.0000
vn 0.4947 0.8691 -0.0000
vn 0.5439 0.8391 -0.0000
vn 0.5878 0.8090 -0.0000
vn 0.6267 0.7793 -0.0000
vn 0.6611 0.7503 -0.0000
vn 0.9157 0.4018 -0.0000
vn 0.5796 -0.8149 -0.0000
vn 0.5282 -0.8491 -0.0000
vn 0.4975 -0.8675 -0.0000
vn 0.4618 -0.8870 -0.0000
vn 0.4207 -0.9072 -0.0000
vn 0.3743 -0.9273 -0.0000
vn 0.3231 -0.9464 -0.0000
vn 0.2682 -0.9634 -0.0000
vn 0.2111 -0.9775 -0.0000
vn 0.1537 -0.9881 -0.0000
vn 0.0983 -0.9952 -0.0000
vn 0.0469 -0.9989 -0.0000
vn -0.0205 -0.9998 -0.0000
vn -0.1294 -0.9916 -0.0000
vn -0.2622 -0.9650 -0.0000
vn -0.3945 -0.9189 -0.0000
vn -0.5216 -0.8532 -0.0000
vn -0.6383 -0.7698 -0.0000
vn -0.7407 -0.6718 -0.0000
vn -0.8262 -0.5634 -0.0000
vn -0.8935 -0.4490 -0.0000
vn -0.9431 -0.3326 -0.0000
vn -0.9760 -0.2176 -0.0000
vn -0.9943 -0.1064 -0.0000
vn -1.0000 0.0015 -0.0000
vn -0.9935 0.1135 -0.0000
vn -0.9722 0.2343 -0.0000
vn -0.9328 0.3604 -0.0000
vn -0.8733 0.4871 -0.0000
vn -0.7935 0.6086 -0.0000
vn -0.6953 0.7187 -0.0000
vn -0.5833 0.8123 -0.0000
vn -0.4631 0.8863 -0.0000
vn -0.3407 0.9402 -0.0000
vn -0.2208 0.9753 -0.0000
vn -0.1069 0.9943 -0.0000
vn -0.0149 0.9999 -0.0000
vn 0.0441 0.9990 -0.0000
vn 0.0881 0.9961 -0.0000
vn 0.1313 0.9913 -0.0000
vn 0.1730 0.9849 -0.0000
vn 0.2126 0.9771 -0.0000
vn 0.2835 0.9590 -0.0000
vn 0.3142 0.9493 -0.0000
vn 0.3418 0.9398 -0.0000
vn 0.3661 0.9306 -0.0000
vn 0.3874 0.9219 -0.0000
vn -0.5490 0.8358 -0.0000
vn -0.8350 -0.5502 -0.0000
vn -0.3705 -0.9288 -0.0000
vn -0.3261 -0.9454 -0.0000
vn -0.2883 -0.9575 -0.0000
vn -0.2550 -0.9669 -0.0000
vn -0.2243 -0.9745 -0.0000
vn -0.1952 -0.9808 -0.0000
vn -0.1665 -0.9860 -0.0000
vn -0.1375 -0.9905 -0.0000
vn -0.1072 -0.9942 -0.0000
vn -0.0748 -0.9972 -0.0000
vn -0.0392 -0.9992 -0.0000
vn 0.0189 -0.9998 -0.0000
vn 0.1188 -0.9929 -0.0000
vn 0.2407 -0.9706 -0.0000
vn 0.3636 -0.9316 -0.0000
vn 0.4839 -0.8751 -0.0000
vn 0.5982 -0.8013 -0.0000
vn 0.7027 -0.7115 -0.0000
vn 0.7941 -0.6077 -0.0000
vn 0.8699 -0.4932 -0.0000
vn 0.9284 -0.3715 -0.0000
vn 0.9691 -0.2465 -0.0000
vn 0.9926 -0.1218 -0.0000
vn 1.0000 -0.0053 -0.0000
vn 0.9948 0.1020 -0.0000
vn 0.9775 0.2109 -0.0000
vn 0.9453 0.3262 -0.0000
vn 0.8955 0.4451 -0.0000
vn 0.8261 0.5635 -0.0000
vn 0.7368 0.6761 -0.0000
vn 0.6296 0.7769 -0.0000
vn 0.5085 0.8611 -0.0000
vn 0.2484 0.9687 -0.0000
vn 0.1210 0.9927 -0.0000
vn 0.0196 0.9998 -0.0000
vn -0.0400 0.9992 -0.0000
vn -0.0819 0.9966 -0.0000
vn -0.1252 0.9921 -0.0000
vn -0.1687 0.9857 -0.0000
vn -0.2113 0.9774 -0.0000
vn -0.2517 0.9678 -0.0000
vn -0.2888 0.9574 -0.0000
vn -0.3217 0.9468 -0.0000
vn -0.3499 0.9368 -0.0000
vn -0.3729 0.9279 -0.0000
vn -0.3907 0.9205 -0.0000
vn -0.8361 0.5485 -0.0000
vn -0.4784 -0.8781 -0.0000
vn 0.5045 -0.8634 -0.0000
vt 0.214286 0.000000
vt 0.204082 0.000000
vt 0.510204 0.000000
vt 0.500000 0.000000
vt 0.224490 0.000000
vt 0.489796 0.000000
vt 0.234694 0.000000
vt 0.989796 0.000000
vt 0.244898 0.000000
vt 0.255102 0.000000
vt 0.979592 0.000000
vt 0.265306 0.000000
vt 0.969388 0.000000
vt 0.275510 0.000000
vt 0.959184 0.000000
vt 0.285714 0.000000
vt 0.581633 0.000000
vt 0.122449 0.000000
vt 0.591837 0.000000
vt 0.867347 0.000000
vt 0.357143 0.000000
vt 0.877551 0.000000
vt 0.132653 0.000000
vt 0.571429 0.000000
vt 0.346939 0.000000
vt 0.887755 0.000000
vt 0.142857 0.000000
vt 0.561224 0.000000
vt 0.908163 0.000000
vt 0.897959 0.000000
vt 0.326531 0.000000
vt 0.336735 0.000000
vt 0.153061 0.000000
vt 0.551020 0.000000
vt 0.163265 0.000000
vt 0.540816 0.000000
vt 0.173469 0.000000
vt 0.183673 0.000000
vt 0.530612 0.000000
vt 0.193878 0.000000
vt 0.520408 0.000000
vt 0.948980 0.000000
vt 0.295918 0.000000
vt 0.938776 0.000000
vt 0.306122 0.000000
vt 0.928571 0.000000
vt 0.918367 0.000000
vt 0.316327 0.000000
vt 0.602041 0.000000
vt 0.102041 0.000000
vt 0.612245 0.000000
vt 0.846939 0.000000
vt 0.367347 0.000000
vt 0.857143 0.000000
vt 0.091837 0.000000
vt 0.622449 0.000000
vt 0.836735 0.000000
vt 0.377551 0.000000
vt 0.642857 0.000000
vt 0.071429 0.000000
vt 0.061224 0.000000
vt 0.653061 0.000000
vt 0.081633 0.000000
vt 0.632653 0.000000
vt 0.826531 0.000000
vt 0.387755 0.000000
vt 0.030612 0.000000
vt 0.020408 0.000000
vt 0.673469 0.000000
vt 0.683673 0.000000
vt 0.724490 0.000000
vt 0.744898 0.000000
vt 0.734694 0.000000
vt 0.704082 0.000000
vt 0.000000 0.000000
vt 0.714286 0.000000
vt 0.010204 0.000000
vt 0.693878 0.000000
vt 0.479592 0.000000
vt 1.000000 0.000000
vt 0.469388 0.000000
vt 0.459184 0.000000
vt 0.755102 0.000000
vt 0.448980 0.000000
vt 0.051020 0.000000
vt 0.040816 0.000000
vt 0.663265 0.000000
vt 0.765306 0.000000
vt 0.775510 0.000000
vt 0.438776 0.000000
vt 0.785714 0.000000
vt 0.428571 0.000000
vt 0.795918 0.000000
vt 0.418367 0.000000
vt 0.806122 0.000000
vt 0.408163 0.000000
vt 0.816327 0.000000
vt 0.397959 0.000000
vt 0.112245 0.000000
vt 0.721649 0.000000
vt 0.711340 0.000000
vt 0.268041 0.000000
vt 0.257732 0.000000
vt 0.731959 0.000000
vt 0.247423 0.000000
vt 0.742268 0.000000
vt 0.237113 0.000000
vt 0.752577 0.000000
vt 0.226804 0.000000
vt 0.762887 0.000000
vt 0.216495 0.000000
vt 0.773196 0.000000
vt 0.206186 0.000000
vt 0.195876 0.000000
vt 0.783505 0.000000
vt 0.793814 0.000000
vt 0.618557 0.000000
vt 0.350515 0.000000
vt 0.628866 0.000000
vt 0.340206 0.000000
vt 0.113402 0.000000
vt 0.865979 0.000000
vt 0.123711 0.000000
vt 0.639175 0.000000
vt 0.329897 0.000000
vt 0.855670 0.000000
vt 0.134021 0.000000
vt 0.649485 0.000000
vt 0.319588 0.000000
vt 0.659794 0.000000
vt 0.309278 0.000000
vt 0.835052 0.000000
vt 0.154639 0.000000
vt 0.144330 0.000000
vt 0.845361 0.000000
vt 0.670103 0.000000
vt 0.298969 0.000000
vt 0.680412 0.000000
vt 0.288660 0.000000
vt 0.690722 0.000000
vt 0.278351 0.000000
vt 0.701031 0.000000
vt 0.185567 0.000000
vt 0.804124 0.000000
vt 0.175258 0.000000
vt 0.814433 0.000000
vt 0.164948 0.000000
vt 0.824742 0.000000
vt 0.092784 0.000000
vt 0.886598 0.000000
vt 0.103093 0.000000
vt 0.876289 0.000000
vt 0.371134 0.000000
vt 0.597938 0.000000
vt 0.587629 0.000000
vt 0.381443 0.000000
vt 0.360825 0.000000
vt 0.608247 0.000000
vt 0.082474 0.000000
vt 0.896907 0.000000
vt 0.391753 0.000000
vt 0.577320 0.000000
vt 0.567010 0.000000
vt 0.402062 0.000000
vt 0.072165 0.000000
vt 0.061856 0.000000
vt 0.927835 0.000000
vt 0.917526 0.000000
vt 0.907216 0.000000
vt 0.546392 0.000000
vt 0.536082 0.000000
vt 0.422680 0.000000
vt 0.432990 0.000000
vt 0.494845 0.000000
vt 0.484536 0.000000
vt 0.474227 0.000000
vt 0.505155 0.000000
vt 0.453608 0.000000
vt 0.463918 0.000000
vt 0.989691 0.000000
vt 0.525773 0.000000
vt 0.443299 0.000000
vt 0.515464 0.000000
vt 0.010309 0.000000
vt 0.020619 0.000000
vt 0.979381 0.000000
vt 0.030928 0.000000
vt 0.969072 0.000000
vt 0.556701 0.000000
vt 0.412371 0.000000
vt 0.041237 0.000000
vt 0.958763 0.000000
vt 0.051546 0.000000
vt 0.948454 0.000000
vt 0.938144 0.000000
vt 0.497110 0.000000
vt 0.491329 0.000000
vt 0.485549 0.000000
vt 0.479769 0.000000
vt 0.473988 0.000000
vt 0.520231 0.000000
vt 0.456647 0.000000
vt 0.450867 0.000000
vt 0.526012 0.000000
vt 0.254335 0.000000
vt 0.248555 0.000000
vt 0.872832 0.000000
vt 0.260116 0.000000
vt 0.867052 0.000000
vt 0.265896 0.000000
vt 0.861272 0.000000
vt 0.271676 0.000000
vt 0.277457 0.000000
vt 0.855491 0.000000
vt 0.283237 0.000000
vt 0.849711 0.000000
vt 0.289017 0.000000
vt 0.294798 0.000000
vt 0.843931 0.000000
vt 0.300578 0.000000
vt 0.306358 0.000000
vt 0.468208 0.000000
vt 0.462428 0.000000
vt 0.502890 0.000000
vt 0.508671 0.000000
vt 0.514451 0.000000
vt 0.190751 0.000000
vt 0.913295 0.000000
vt 0.196532 0.000000
vt 0.907514 0.000000
vt 0.202312 0.000000
vt 0.901734 0.000000
vt 0.826590 0.000000
vt 0.820809 0.000000
vt 0.323699 0.000000
vt 0.329480 0.000000
vt 0.433526 0.000000
vt 0.554913 0.000000
vt 0.549133 0.000000
vt 0.919075 0.000000
vt 0.184971 0.000000
vt 0.179191 0.000000
vt 0.924855 0.000000
vt 0.560694 0.000000
vt 0.427746 0.000000
vt 0.421965 0.000000
vt 0.566474 0.000000
vt 0.410405 0.000000
vt 0.572254 0.000000
vt 0.416185 0.000000
vt 0.173410 0.000000
vt 0.167630 0.000000
vt 0.930636 0.000000
vt 0.161850 0.000000
vt 0.936416 0.000000
vt 0.809249 0.000000
vt 0.803468 0.000000
vt 0.341040 0.000000
vt 0.815029 0.000000
vt 0.335260 0.000000
vt 0.208092 0.000000
vt 0.895954 0.000000
vt 0.213873 0.000000
vt 0.219653 0.000000
vt 0.890173 0.000000
vt 0.225434 0.000000
vt 0.884393 0.000000
vt 0.231214 0.000000
vt 0.236994 0.000000
vt 0.878613 0.000000
vt 0.242775 0.000000
vt 0.838150 0.000000
vt 0.312139 0.000000
vt 0.832370 0.000000
vt 0.317919 0.000000
vt 0.445087 0.000000
vt 0.531792 0.000000
vt 0.537572 0.000000
vt 0.439306 0.000000
vt 0.543353 0.000000
vt 0.953757 0.000000
vt 0.150289 0.000000
vt 0.144509 0.000000
vt 0.959538 0.000000
vt 0.138728 0.000000
vt 0.965318 0.000000
vt 0.404624 0.000000
vt 0.398844 0.000000
vt 0.583815 0.000000
vt 0.578035 0.000000
vt 0.104046 0.000000
vt 0.098266 0.000000
vt 0.109827 0.000000
vt 0.132948 0.000000
vt 0.971098 0.000000
vt 0.976879 0.000000
vt 0.982659 0.000000
vt 0.988439 0.000000
vt 0.994220 0.000000
vt 0.346821 0.000000
vt 0.791907 0.000000
vt 0.387283 0.000000
vt 0.381503 0.000000
vt 0.606936 0.000000
vt 0.601156 0.000000
vt 0.595376 0.000000
vt 0.393064 0.000000
vt 0.589595 0.000000
vt 0.034682 0.000000
vt 0.693642 0.000000
vt 0.040462 0.000000
vt 0.687861 0.000000
vt 0.046243 0.000000
vt 0.052023 0.000000
vt 0.057803 0.000000
vt 0.682081 0.000000
vt 0.063584 0.000000
vt 0.676301 0.000000
vt 0.069364 0.000000
vt 0.699422 0.000000
vt 0.028902 0.000000
vt 0.023121 0.000000
vt 0.705202 0.000000
vt 0.017341 0.000000
vt 0.710983 0.000000
vt 0.716763 0.000000
vt 0.774566 0.000000
vt 0.786127 0.000000
vt 0.780347 0.000000
vt 0.768786 0.000000
vt 0.763006 0.000000
vt 0.745665 0.000000
vt 0.751445 0.000000
vt 0.757225 0.000000
vt 0.011561 0.000000
vt 0.722543 0.000000
vt 0.005780 0.000000
vt 0.728324 0.000000
vt 0.734104 0.000000
vt 0.739884 0.000000
vt 0.075145 0.000000
vt 0.670520 0.000000
vt 0.080925 0.000000
vt 0.086705 0.000000
vt 0.092486 0.000000
vt 0.115607 0.000000
vt 0.121387 0.000000
vt 0.664740 0.000000
vt 0.127168 0.000000
vt 0.658960 0.000000
vt 0.653179 0.000000
vt 0.647399 0.000000
vt 0.641618 0.000000
vt 0.635838 0.000000
vt 0.352601 0.000000
vt 0.358382 0.000000
vt 0.630058 0.000000
vt 0.364162 0.000000
vt 0.624277 0.000000
vt 0.369942 0.000000
vt 0.618497 0.000000
vt 0.375723 0.000000
vt 0.612717 0.000000
vt 0.156069 0.000000
vt 0.942197 0.000000
vt 0.947977 0.000000
vt 0.797688 0.000000
vt 0.506494 0.000000
vt 0.493506 0.000000
vt 0.532468 0.000000
vt 0.519481 0.000000
vt 0.012987 0.000000
vt 0.987013 0.000000
vt 0.454545 0.000000
vt 0.441558 0.000000
vt 0.597403 0.000000
vt 0.584416 0.000000
vt 0.467532 0.000000
vt 0.480519 0.000000
vt 0.558442 0.000000
vt 0.545455 0.000000
vt 0.363636 0.000000
vt 0.649351 0.000000
vt 0.376623 0.000000
vt 0.636364 0.000000
vt 0.389610 0.000000
vt 0.402597 0.000000
vt 0.623377 0.000000
vt 0.662338 0.000000
vt 0.350649 0.000000
vt 0.337662 0.000000
vt 0.675325 0.000000
vt 0.324675 0.000000
vt 0.688312 0.000000
vt 0.948052 0.000000
vt 0.051948 0.000000
vt 0.961039 0.000000
vt 0.038961 0.000000
vt 0.974026 0.000000
vt 0.025974 0.000000
vt 0.415584 0.000000
vt 0.610390 0.000000
vt 0.701299 0.000000
vt 0.311688 0.000000
vt 0.298701 0.000000
vt 0.922078 0.000000
vt 0.064935 0.000000
vt 0.935065 0.000000
vt 0.727273 0.000000
vt 0.909091 0.000000
vt 0.077922 0.000000
vt 0.207792 0.000000
vt 0.194805 0.000000
vt 0.792208 0.000000
vt 0.805195 0.000000
vt 0.181818 0.000000
vt 0.818182 0.000000
vt 0.831169 0.000000
vt 0.168831 0.000000
vt 0.844156 0.000000
vt 0.155844 0.000000
vt 0.272727 0.000000
vt 0.740260 0.000000
vt 0.259740 0.000000
vt 0.753247 0.000000
vt 0.246753 0.000000
vt 0.766234 0.000000
vt 0.233766 0.000000
vt 0.220779 0.000000
vt 0.779221 0.000000
vt 0.870130 0.000000
vt 0.129870 0.000000
vt 0.883117 0.000000
vt 0.116883 0.000000
vt 0.103896 0.000000
vt 0.896104 0.000000
vt 0.090909 0.000000
vt 0.520661 0.000000
vt 0.512397 0.000000
vt 0.487603 0.000000
vt 0.504132 0.000000
vt 0.495868 0.000000
vt 0.462810 0.000000
vt 0.471074 0.000000
vt 0.537190 0.000000
vt 0.479339 0.000000
vt 0.528926 0.000000
vt 0.785124 0.000000
vt 0.776860 0.000000
vt 0.198347 0.000000
vt 0.793388 0.000000
vt 0.190083 0.000000
vt 0.801653 0.000000
vt 0.809917 0.000000
vt 0.173554 0.000000
vt 0.421488 0.000000
vt 0.570248 0.000000
vt 0.429752 0.000000
vt 0.404959 0.000000
vt 0.586777 0.000000
vt 0.413223 0.000000
vt 0.578512 0.000000
vt 0.388430 0.000000
vt 0.595041 0.000000
vt 0.396694 0.000000
vt 0.884298 0.000000
vt 0.107438 0.000000
vt 0.099174 0.000000
vt 0.876033 0.000000
vt 0.115702 0.000000
vt 0.743802 0.000000
vt 0.223140 0.000000
vt 0.752066 0.000000
vt 0.214876 0.000000
vt 0.859504 0.000000
vt 0.132231 0.000000
vt 0.123967 0.000000
vt 0.867769 0.000000
vt 0.438017 0.000000
vt 0.561983 0.000000
vt 0.446281 0.000000
vt 0.553719 0.000000
vt 0.760331 0.000000
vt 0.768595 0.000000
vt 0.206612 0.000000
vt 0.165289 0.000000
vt 0.826446 0.000000
vt 0.157025 0.000000
vt 0.834711 0.000000
vt 0.148760 0.000000
vt 0.842975 0.000000
vt 0.140496 0.000000
vt 0.851240 0.000000
vt 0.082645 0.000000
vt 0.892562 0.000000
vt 0.074380 0.000000
vt 0.900826 0.000000
vt 0.066116 0.000000
vt 0.917355 0.000000
vt 0.611570 0.000000
vt 0.603306 0.000000
vt 0.380165 0.000000
vt 0.925620 0.000000
vt 0.057851 0.000000
vt 0.933884 0.000000
vt 0.371901 0.000000
vt 0.619835 0.000000
vt 0.628099 0.000000
vt 0.239669 0.000000
vt 0.247934 0.000000
vt 0.991736 0.000000
vt 0.008264 0.000000
vt 0.322314 0.000000
vt 0.314050 0.000000
vt 0.669421 0.000000
vt 0.677686 0.000000
vt 0.305785 0.000000
vt 0.685950 0.000000
vt 0.297521 0.000000
vt 0.694215 0.000000
vt 0.289256 0.000000
vt 0.702479 0.000000
vt 0.280992 0.000000
vt 0.016529 0.000000
vt 0.024793 0.000000
vt 0.983471 0.000000
vt 0.975207 0.000000
vt 0.033058 0.000000
vt 0.966942 0.000000
vt 0.355372 0.000000
vt 0.347107 0.000000
vt 0.644628 0.000000
vt 0.338843 0.000000
vt 0.652893 0.000000
vt 0.330579 0.000000
vt 0.661157 0.000000
vt 0.710744 0.000000
vt 0.264463 0.000000
vt 0.719008 0.000000
vt 0.256198 0.000000
vt 0.041322 0.000000
vt 0.958678 0.000000
vt 0.950413 0.000000
vt 0.049587 0.000000
vt 0.942149 0.000000
vt 0.735537 0.000000
vt 0.231405 0.000000
vt 0.946429 0.000000
vt 0.910714 0.000000
vt 0.964286 0.000000
vt 0.892857 0.000000
vt 0.875000 0.000000
vt 0.839286 0.000000
vt 0.017857 0.000000
vt 0.732143 0.000000
vt 0.160714 0.000000
vt 0.767857 0.000000
vt 0.089286 0.000000
vt 0.750000 0.000000
vt 0.107143 0.000000
vt 0.125000 0.000000
vt 0.821429 0.000000
vt 0.035714 0.000000
vt 0.803571 0.000000
vt 0.053571 0.000000
vt 0.982143 0.000000
vt 0.232143 0.000000
vt 0.660714 0.000000
vt 0.678571 0.000000
vt 0.196429 0.000000
vt 0.625000 0.000000
vt 0.250000 0.000000
vt 0.446429 0.000000
vt 0.464286 0.000000
vt 0.482143 0.000000
vt 0.410714 0.000000
vt 0.517857 0.000000
vt 0.392857 0.000000
vt 0.535714 0.000000
vt 0.375000 0.000000
vt 0.553571 0.000000
vt 0.339286 0.000000
vt 0.321429 0.000000
vt 0.589286 0.000000
vt 0.303571 0.000000
vt 0.607143 0.000000
vt 0.267857 0.000000
vt 0.696429 0.000000
vt 0.178571 0.000000
vt 0.556391 0.000000
vt 0.548872 0.000000
vt 0.533835 0.000000
vt 0.541353 0.000000
vt 0.488722 0.000000
vt 0.593985 0.000000
vt 0.496241 0.000000
vt 0.586466 0.000000
vt 0.503759 0.000000
vt 0.511278 0.000000
vt 0.578947 0.000000
vt 0.518797 0.000000
vt 0.526316 0.000000
vt 0.563910 0.000000
vt 0.819549 0.000000
vt 0.812030 0.000000
vt 0.172932 0.000000
vt 0.165414 0.000000
vt 0.827068 0.000000
vt 0.082707 0.000000
vt 0.902256 0.000000
vt 0.090226 0.000000
vt 0.624060 0.000000
vt 0.451128 0.000000
vt 0.631579 0.000000
vt 0.458647 0.000000
vt 0.616541 0.000000
vt 0.097744 0.000000
vt 0.894737 0.000000
vt 0.466165 0.000000
vt 0.473684 0.000000
vt 0.609023 0.000000
vt 0.240602 0.000000
vt 0.233083 0.000000
vt 0.766917 0.000000
vt 0.112782 0.000000
vt 0.105263 0.000000
vt 0.887218 0.000000
vt 0.481203 0.000000
vt 0.601504 0.000000
vt 0.774436 0.000000
vt 0.225564 0.000000
vt 0.218045 0.000000
vt 0.781955 0.000000
vt 0.210526 0.000000
vt 0.789474 0.000000
vt 0.203008 0.000000
vt 0.195489 0.000000
vt 0.796992 0.000000
vt 0.187970 0.000000
vt 0.804511 0.000000
vt 0.180451 0.000000
vt 0.157895 0.000000
vt 0.834586 0.000000
vt 0.150376 0.000000
vt 0.842105 0.000000
vt 0.849624 0.000000
vt 0.135338 0.000000
vt 0.864662 0.000000
vt 0.127820 0.000000
vt 0.872180 0.000000
vt 0.120301 0.000000
vt 0.879699 0.000000
vt 0.639098 0.000000
vt 0.443609 0.000000
vt 0.436090 0.000000
vt 0.646617 0.000000
vt 0.654135 0.000000
vt 0.060150 0.000000
vt 0.924812 0.000000
vt 0.067669 0.000000
vt 0.917293 0.000000
vt 0.075188 0.000000
vt 0.909774 0.000000
vt 0.661654 0.000000
vt 0.255639 0.000000
vt 0.751880 0.000000
vt 0.263158 0.000000
vt 0.052632 0.000000
vt 0.939850 0.000000
vt 0.932331 0.000000
vt 0.030075 0.000000
vt 0.022556 0.000000
vt 0.977444 0.000000
vt 0.969925 0.000000
vt 0.992481 0.000000
vt 0.007519 0.000000
vt 0.015038 0.000000
vt 0.984962 0.000000
vt 0.421053 0.000000
vt 0.669173 0.000000
vt 0.413534 0.000000
vt 0.676692 0.000000
vt 0.406015 0.000000
vt 0.684211 0.000000
vt 0.398496 0.000000
vt 0.691729 0.000000
vt 0.390977 0.000000
vt 0.699248 0.000000
vt 0.383459 0.000000
vt 0.375940 0.000000
vt 0.706767 0.000000
vt 0.368421 0.000000
vt 0.360902 0.000000
vt 0.721804 0.000000
vt 0.353383 0.000000
vt 0.345865 0.000000
vt 0.338346 0.000000
vt 0.330827 0.000000
vt 0.729323 0.000000
vt 0.323308 0.000000
vt 0.315789 0.000000
vt 0.308271 0.000000
vt 0.300752 0.000000
vt 0.293233 0.000000
vt 0.736842 0.000000
vt 0.278196 0.000000
vt 0.744361 0.000000
vt 0.270677 0.000000
vt 0.037594 0.000000
vt 0.962406 0.000000
vt 0.954887 0.000000
vt 0.045113 0.000000
vt 0.947368 0.000000
vt 0.759399 0.000000
vt 0.248120 0.000000
vt 0.200000 0.000000
vt 0.189474 0.000000
vt 0.536842 0.000000
vt 0.515789 0.000000
vt 0.221053 0.000000
vt 0.231579 0.000000
vt 0.505263 0.000000
vt 0.242105 0.000000
vt 0.252632 0.000000
vt 0.989474 0.000000
vt 0.978947 0.000000
vt 0.273684 0.000000
vt 0.968421 0.000000
vt 0.284211 0.000000
vt 0.957895 0.000000
vt 0.294737 0.000000
vt 0.147368 0.000000
vt 0.568421 0.000000
vt 0.926316 0.000000
vt 0.915789 0.000000
vt 0.326316 0.000000
vt 0.336842 0.000000
vt 0.589474 0.000000
vt 0.136842 0.000000
vt 0.600000 0.000000
vt 0.905263 0.000000
vt 0.347368 0.000000
vt 0.126316 0.000000
vt 0.610526 0.000000
vt 0.884211 0.000000
vt 0.357895 0.000000
vt 0.168421 0.000000
vt 0.557895 0.000000
vt 0.178947 0.000000
vt 0.547368 0.000000
vt 0.305263 0.000000
vt 0.936842 0.000000
vt 0.115789 0.000000
vt 0.863158 0.000000
vt 0.378947 0.000000
vt 0.094737 0.000000
vt 0.652632 0.000000
vt 0.642105 0.000000
vt 0.852632 0.000000
vt 0.389474 0.000000
vt 0.663158 0.000000
vt 0.084211 0.000000
vt 0.073684 0.000000
vt 0.673684 0.000000
vt 0.831579 0.000000
vt 0.821053 0.000000
vt 0.410526 0.000000
vt 0.400000 0.000000
vt 0.042105 0.000000
vt 0.031579 0.000000
vt 0.705263 0.000000
vt 0.715789 0.000000
vt 0.021053 0.000000
vt 0.726316 0.000000
vt 0.010526 0.000000
vt 0.747368 0.000000
vt 0.494737 0.000000
vt 0.757895 0.000000
vt 0.484211 0.000000
vt 0.768421 0.000000
vt 0.463158 0.000000
vt 0.778947 0.000000
vt 0.452632 0.000000
vt 0.442105 0.000000
vt 0.063158 0.000000
vt 0.694737 0.000000
vt 0.800000 0.000000
vt 0.431579 0.000000
vt 0.810526 0.000000
vt 0.621053 0.000000
vt 0.873684 0.000000
vt 0.962963 0.000000
vt 0.944444 0.000000
vt 0.925926 0.000000
vt 0.981481 0.000000
vt 0.907407 0.000000
vt 0.888889 0.000000
vt 0.870370 0.000000
vt 0.851852 0.000000
vt 0.833333 0.000000
vt 0.018519 0.000000
vt 0.796296 0.000000
vt 0.777778 0.000000
vt 0.055556 0.000000
vt 0.074074 0.000000
vt 0.148148 0.000000
vt 0.129630 0.000000
vt 0.722222 0.000000
vt 0.759259 0.000000
vt 0.092593 0.000000
vt 0.740741 0.000000
vt 0.111111 0.000000
vt 0.814815 0.000000
vt 0.037037 0.000000
vt 0.222222 0.000000
vt 0.666667 0.000000
vt 0.240741 0.000000
vt 0.685185 0.000000
vt 0.203704 0.000000
vt 0.629630 0.000000
vt 0.296296 0.000000
vt 0.648148 0.000000
vt 0.277778 0.000000
vt 0.259259 0.000000
vt 0.481481 0.000000
vt 0.462963 0.000000
vt 0.518519 0.000000
vt 0.444444 0.000000
vt 0.537037 0.000000
vt 0.425926 0.000000
vt 0.555556 0.000000
vt 0.407407 0.000000
vt 0.574074 0.000000
vt 0.388889 0.000000
vt 0.370370 0.000000
vt 0.592593 0.000000
vt 0.351852 0.000000
vt 0.611111 0.000000
vt 0.333333 0.000000
vt 0.314815 0.000000
vt 0.703704 0.000000
vt 0.166667 0.000000
vt 0.185185 0.000000
vt 0.000000 1.000000
vt 0.010204 1.000000
vt 0.020408 1.000000
vt 0.030612 1.000000
vt 0.040816 1.000000
vt 0.051020 1.000000
vt 0.061224 1.000000
vt 0.071429 1.000000
vt 0.081633 1.000000
vt 0.091837 1.000000
vt 0.102041 1.000000
vt 0.112245 1.000000
vt 0.122449 1.000000
vt 0.132653 1.000000
vt 0.142857 1.000000
vt 0.153061 1.000000
vt 0.163265 1.000000
vt 0.173469 1.000000
vt 0.183673 1.000000
vt 0.193878 1.000000
vt 0.204082 1.000000
vt 0.214286 1.000000
vt 0.224490 1.000000
vt 0.234694 1.000000
vt 0.244898 1.000000
vt 0.255102 1.000000
vt 0.265306 1.000000
vt 0.275510 1.000000
vt 0.285714 1.000000
vt 0.295918 1.000000
vt 0.306122 1.000000
vt 0.316327 1.000000
vt 0.326531 1.000000
vt 0.336735 1.000000
vt 0.346939 1.000000
vt 0.357143 1.000000
vt 0.367347 1.000000
vt 0.377551 1.000000
vt 0.387755 1.000000
vt 0.397959 1.000000
vt 0.408163 1.000000
vt 0.418367 1.000000
vt 0.428571 1.000000
vt 0.438776 1.000000
vt 0.448980 1.000000
vt 0.459184 1.000000
vt 0.469388 1.000000
vt 0.479592 1.000000
vt 0.489796 1.000000
vt 0.500000 1.000000
vt 0.510204 1.000000
vt 0.520408 1.000000
vt 0.530612 1.000000
vt 0.540816 1.000000
vt 0.551020 1.000000
vt 0.561224 1.000000
vt 0.571429 1.000000
vt 0.581633 1.000000
vt 0.591837 1.000000
vt 0.602041 1.000000
vt 0.612245 1.000000
vt 0.622449 1.000000
vt 0.632653 1.000000
vt 0.642857 1.000000
vt 0.653061 1.000000
vt 0.663265 1.000000
vt 0.673469 1.000000
vt 0.683673 1.000000
vt 0.693878 1.000000
vt 0.704082 1.000000
vt 0.714286 1.000000
vt 0.724490 1.000000
vt 0.734694 1.000000
vt 0.744898 1.000000
vt 0.755102 1.000000
vt 0.765306 1.000000
vt 0.775510 1.000000
vt 0.785714 1.000000
vt 0.795918 1.000000
vt 0.806122 1.000000
vt 0.816327 1.000000
vt 0.826531 1.000000
vt 0.836735 1.000000
vt 0.846939 1.000000
vt 0.857143 1.000000
vt 0.867347 1.000000
vt 0.877551 1.000000
vt 0.887755 1.000000
vt 0.897959 1.000000
vt 0.908163 1.000000
vt 0.918367 1.000000
vt 0.928571 1.000000
vt 0.938776 1.000000
vt 0.948980 1.000000
vt 0.959184 1.000000
vt 0.969388 1.000000
vt 0.979592 1.000000
vt 0.989796 1.000000
vt 1.000000 1.000000
vt 0.018182 1.000000
vt 0.018182 0.000000
vt 0.036364 1.000000
vt 0.036364 0.000000
vt 0.054545 1.000000
vt 0.054545 0.000000
vt 0.072727 1.000000
vt 0.072727 0.000000
vt 0.090909 1.000000
vt 0.109091 1.000000
vt 0.109091 0.000000
vt 0.127273 1.000000
vt 0.127273 0.000000
vt 0.145455 1.000000
vt 0.145455 0.000000
vt 0.163636 1.000000
vt 0.163636 0.000000
vt 0.181818 1.000000
vt 0.200000 1.000000
vt 0.218182 1.000000
vt 0.218182 0.000000
vt 0.236364 1.000000
vt 0.236364 0.000000
vt 0.254545 1.000000
vt 0.254545 0.000000
vt 0.272727 1.000000
vt 0.290909 1.000000
vt 0.290909 0.000000
vt 0.309091 1.000000
vt 0.309091 0.000000
vt 0.327273 1.000000
vt 0.327273 0.000000
vt 0.345455 1.000000
vt 0.345455 0.000000
vt 0.363636 1.000000
vt 0.381818 1.000000
vt 0.381818 0.000000
vt 0.400000 1.000000
vt 0.418182 1.000000
vt 0.418182 0.000000
vt 0.436364 1.000000
vt 0.436364 0.000000
vt 0.454545 1.000000
vt 0.472727 1.000000
vt 0.472727 0.000000
vt 0.490909 1.000000
vt 0.490909 0.000000
vt 0.509091 1.000000
vt 0.509091 0.000000
vt 0.527273 1.000000
vt 0.527273 0.000000
vt 0.545455 1.000000
vt 0.563636 1.000000
vt 0.563636 0.000000
vt 0.581818 1.000000
vt 0.581818 0.000000
vt 0.600000 1.000000
vt 0.618182 1.000000
vt 0.618182 0.000000
vt 0.636364 1.000000
vt 0.654545 1.000000
vt 0.654545 0.000000
vt 0.672727 1.000000
vt 0.672727 0.000000
vt 0.690909 1.000000
vt 0.690909 0.000000
vt 0.709091 1.000000
vt 0.709091 0.000000
vt 0.727273 1.000000
vt 0.745455 1.000000
vt 0.745455 0.000000
vt 0.763636 1.000000
vt 0.763636 0.000000
vt 0.781818 1.000000
vt 0.781818 0.000000
vt 0.800000 1.000000
vt 0.818182 1.000000
vt 0.836364 1.000000
vt 0.836364 0.000000
vt 0.854545 1.000000
vt 0.854545 0.000000
vt 0.872727 1.000000
vt 0.872727 0.000000
vt 0.890909 1.000000
vt 0.890909 0.000000
vt 0.909091 1.000000
vt 0.927273 1.000000
vt 0.927273 0.000000
vt 0.945455 1.000000
vt 0.945455 0.000000
vt 0.963636 1.000000
vt 0.963636 0.000000
vt 0.981818 1.000000
vt 0.981818 0.000000
vt 0.020833 1.000000
vt 0.020833 0.000000
vt 0.041667 1.000000
vt 0.041667 0.000000
vt 0.062500 1.000000
vt 0.062500 0.000000
vt 0.083333 1.000000
vt 0.083333 0.000000
vt 0.104167 1.000000
vt 0.104167 0.000000
vt 0.125000 1.000000
vt 0.145833 1.000000
vt 0.145833 0.000000
vt 0.166667 1.000000
vt 0.187500 1.000000
vt 0.187500 0.000000
vt 0.208333 1.000000
vt 0.208333 0.000000
vt 0.229167 1.000000
vt 0.229167 0.000000
vt 0.250000 1.000000
vt 0.270833 1.000000
vt 0.270833 0.000000
vt 0.291667 1.000000
vt 0.291667 0.000000
vt 0.312500 1.000000
vt 0.312500 0.000000
vt 0.333333 1.000000
vt 0.354167 1.000000
vt 0.354167 0.000000
vt 0.375000 1.000000
vt 0.395833 1.000000
vt 0.395833 0.000000
vt 0.416667 1.000000
vt 0.416667 0.000000
vt 0.437500 1.000000
vt 0.437500 0.000000
vt 0.458333 1.000000
vt 0.458333 0.000000
vt 0.479167 1.000000
vt 0.479167 0.000000
vt 0.520833 1.000000
vt 0.520833 0.000000
vt 0.541667 1.000000
vt 0.541667 0.000000
vt 0.562500 1.000000
vt 0.562500 0.000000
vt 0.583333 1.000000
vt 0.583333 0.000000
vt 0.604167 1.000000
vt 0.604167 0.000000
vt 0.625000 1.000000
vt 0.645833 1.000000
vt 0.645833 0.000000
vt 0.666667 1.000000
vt 0.687500 1.000000
vt 0.687500 0.000000
vt 0.708333 1.000000
vt 0.708333 0.000000
vt 0.729167 1.000000
vt 0.729167 0.000000
vt 0.750000 1.000000
vt 0.770833 1.000000
vt 0.770833 0.000000
vt 0.791667 1.000000
vt 0.791667 0.000000
vt 0.812500 1.000000
vt 0.812500 0.000000
vt 0.833333 1.000000
vt 0.854167 1.000000
vt 0.854167 0.000000
vt 0.875000 1.000000
vt 0.895833 1.000000
vt 0.895833 0.000000
vt 0.916667 1.000000
vt 0.916667 0.000000
vt 0.937500 1.000000
vt 0.937500 0.000000
vt 0.958333 1.000000
vt 0.958333 0.000000
vt 0.979167 1.000000
vt 0.979167 0.000000
vt 0.007463 1.000000
vt 0.007463 0.000000
vt 0.014925 1.000000
vt 0.014925 0.000000
vt 0.022388 1.000000
vt 0.022388 0.000000
vt 0.029851 1.000000
vt 0.029851 0.000000
vt 0.037313 1.000000
vt 0.037313 0.000000
vt 0.044776 1.000000
vt 0.044776 0.000000
vt 0.052239 1.000000
vt 0.052239 0.000000
vt 0.059701 1.000000
vt 0.059701 0.000000
vt 0.067164 1.000000
vt 0.067164 0.000000
vt 0.074627 1.000000
vt 0.074627 0.000000
vt 0.082090 1.000000
vt 0.082090 0.000000
vt 0.089552 1.000000
vt 0.089552 0.000000
vt 0.097015 1.000000
vt 0.097015 0.000000
vt 0.104478 1.000000
vt 0.104478 0.000000
vt 0.111940 1.000000
vt 0.111940 0.000000
vt 0.119403 1.000000
vt 0.119403 0.000000
vt 0.126866 1.000000
vt 0.126866 0.000000
vt 0.134328 1.000000
vt 0.134328 0.000000
vt 0.141791 1.000000
vt 0.141791 0.000000
vt 0.149254 1.000000
vt 0.149254 0.000000
vt 0.156716 1.000000
vt 0.156716 0.000000
vt 0.164179 1.000000
vt 0.164179 0.000000
vt 0.171642 1.000000
vt 0.171642 0.000000
vt 0.179104 1.000000
vt 0.179104 0.000000
vt 0.186567 1.000000
vt 0.186567 0.000000
vt 0.194030 1.000000
vt 0.194030 0.000000
vt 0.201493 1.000000
vt 0.201493 0.000000
vt 0.208955 1.000000
vt 0.208955 0.000000
vt 0.216418 1.000000
vt 0.216418 0.000000
vt 0.223881 1.000000
vt 0.223881 0.000000
vt 0.231343 1.000000
vt 0.231343 0.000000
vt 0.238806 1.000000
vt 0.238806 0.000000
vt 0.246269 1.000000
vt 0.246269 0.000000
vt 0.253731 1.000000
vt 0.253731 0.000000
vt 0.261194 1.000000
vt 0.261194 0.000000
vt 0.268657 1.000000
vt 0.268657 0.000000
vt 0.276119 1.000000
vt 0.276119 0.000000
vt 0.283582 1.000000
vt 0.283582 0.000000
vt 0.291045 1.000000
vt 0.291045 0.000000
vt 0.298507 1.000000
vt 0.298507 0.000000
vt 0.305970 1.000000
vt 0.305970 0.000000
vt 0.313433 1.000000
vt 0.313433 0.000000
vt 0.320896 1.000000
vt 0.320896 0.000000
vt 0.328358 1.000000
vt 0.328358 0.000000
vt 0.335821 1.000000
vt 0.335821 0.000000
vt 0.343284 1.000000
vt 0.343284 0.000000
vt 0.350746 1.000000
vt 0.350746 0.000000
vt 0.358209 1.000000
vt 0.358209 0.000000
vt 0.365672 1.000000
vt 0.365672 0.000000
vt 0.373134 1.000000
vt 0.373134 0.000000
vt 0.380597 1.000000
vt 0.380597 0.000000
vt 0.388060 1.000000
vt 0.388060 0.000000
vt 0.395522 1.000000
vt 0.395522 0.000000
vt 0.402985 1.000000
vt 0.402985 0.000000
vt 0.410448 1.000000
vt 0.410448 0.000000
vt 0.417910 1.000000
vt 0.417910 0.000000
vt 0.425373 1.000000
vt 0.425373 0.000000
vt 0.432836 1.000000
vt 0.432836 0.000000
vt 0.440298 1.000000
vt 0.440298 0.000000
vt 0.447761 1.000000
vt 0.447761 0.000000
vt 0.455224 1.000000
vt 0.455224 0.000000
vt 0.462687 1.000000
vt 0.462687 0.000000
vt 0.470149 1.000000
vt 0.470149 0.000000
vt 0.477612 1.000000
vt 0.477612 0.000000
vt 0.485075 1.000000
vt 0.485075 0.000000
vt 0.492537 1.000000
vt 0.492537 0.000000
vt 0.507463 1.000000
vt 0.507463 0.000000
vt 0.514925 1.000000
vt 0.514925 0.000000
vt 0.522388 1.000000
vt 0.522388 0.000000
vt 0.529851 1.000000
vt 0.529851 0.000000
vt 0.537313 1.000000
vt 0.537313 0.000000
vt 0.544776 1.000000
vt 0.544776 0.000000
vt 0.552239 1.000000
vt 0.552239 0.000000
vt 0.559702 1.000000
vt 0.559702 0.000000
vt 0.567164 1.000000
vt 0.567164 0.000000
vt 0.574627 1.000000
vt 0.574627 0.000000
vt 0.582090 1.000000
vt 0.582090 0.000000
vt 0.589552 1.000000
vt 0.589552 0.000000
vt 0.597015 1.000000
vt 0.597015 0.000000
vt 0.604478 1.000000
vt 0.604478 0.000000
vt 0.611940 1.000000
vt 0.611940 0.000000
vt 0.619403 1.000000
vt 0.619403 0.000000
vt 0.626866 1.000000
vt 0.626866 0.000000
vt 0.634328 1.000000
vt 0.634328 0.000000
vt 0.641791 1.000000
vt 0.641791 0.000000
vt 0.649254 1.000000
vt 0.649254 0.000000
vt 0.656716 1.000000
vt 0.656716 0.000000
vt 0.664179 1.000000
vt 0.664179 0.000000
vt 0.671642 1.000000
vt 0.671642 0.000000
vt 0.679105 1.000000
vt 0.679105 0.000000
vt 0.686567 1.000000
vt 0.686567 0.000000
vt 0.694030 1.000000
vt 0.694030 0.000000
vt 0.701493 1.000000
vt 0.701493 0.000000
vt 0.708955 1.000000
vt 0.708955 0.000000
vt 0.716418 1.000000
vt 0.716418 0.000000
vt 0.723881 1.000000
vt 0.723881 0.000000
vt 0.731343 1.000000
vt 0.731343 0.000000
vt 0.738806 1.000000
vt 0.738806 0.000000
vt 0.746269 1.000000
vt 0.746269 0.000000
vt 0.753731 1.000000
vt 0.753731 0.000000
vt 0.761194 1.000000
vt 0.761194 0.000000
vt 0.768657 1.000000
vt 0.768657 0.000000
vt 0.776119 1.000000
vt 0.776119 0.000000
vt 0.783582 1.000000
vt 0.783582 0.000000
vt 0.791045 1.000000
vt 0.791045 0.000000
vt 0.798507 1.000000
vt 0.798507 0.000000
vt 0.805970 1.000000
vt 0.805970 0.000000
vt 0.813433 1.000000
vt 0.813433 0.000000
vt 0.820895 1.000000
vt 0.820895 0.000000
vt 0.828358 1.000000
vt 0.828358 0.000000
vt 0.835821 1.000000
vt 0.835821 0.000000
vt 0.843284 1.000000
vt 0.843284 0.000000
vt 0.850746 1.000000
vt 0.850746 0.000000
vt 0.858209 1.000000
vt 0.858209 0.000000
vt 0.865672 1.000000
vt 0.865672 0.000000
vt 0.873134 1.000000
vt 0.873134 0.000000
vt 0.880597 1.000000
vt 0.880597 0.000000
vt 0.888060 1.000000
vt 0.888060 0.000000
vt 0.895522 1.000000
vt 0.895522 0.000000
vt 0.902985 1.000000
vt 0.902985 0.000000
vt 0.910448 1.000000
vt 0.910448 0.000000
vt 0.917910 1.000000
vt 0.917910 0.000000
vt 0.925373 1.000000
vt 0.925373 0.000000
vt 0.932836 1.000000
vt 0.932836 0.000000
vt 0.940298 1.000000
vt 0.940298 0.000000
vt 0.947761 1.000000
vt 0.947761 0.000000
vt 0.955224 1.000000
vt 0.955224 0.000000
vt 0.962687 1.000000
vt 0.962687 0.000000
vt 0.970149 1.000000
vt 0.970149 0.000000
vt 0.977612 1.000000
vt 0.977612 0.000000
vt 0.985075 1.000000
vt 0.985075 0.000000
vt 0.992537 1.000000
vt 0.992537 0.000000
vt 0.017544 1.000000
vt 0.017544 0.000000
vt 0.035088 1.000000
vt 0.035088 0.000000
vt 0.052632 1.000000
vt 0.070175 1.000000
vt 0.070175 0.000000
vt 0.087719 1.000000
vt 0.087719 0.000000
vt 0.105263 1.000000
vt 0.122807 1.000000
vt 0.122807 0.000000
vt 0.140351 1.000000
vt 0.140351 0.000000
vt 0.157895 1.000000
vt 0.175439 1.000000
vt 0.175439 0.000000
vt 0.192982 1.000000
vt 0.192982 0.000000
vt 0.210526 1.000000
vt 0.228070 1.000000
vt 0.228070 0.000000
vt 0.245614 1.000000
vt 0.245614 0.000000
vt 0.263158 1.000000
vt 0.280702 1.000000
vt 0.280702 0.000000
vt 0.298246 1.000000
vt 0.298246 0.000000
vt 0.315789 1.000000
vt 0.350877 1.000000
vt 0.350877 0.000000
vt 0.368421 1.000000
vt 0.385965 1.000000
vt 0.385965 0.000000
vt 0.403509 1.000000
vt 0.403509 0.000000
vt 0.421053 1.000000
vt 0.438596 1.000000
vt 0.438596 0.000000
vt 0.456140 1.000000
vt 0.456140 0.000000
vt 0.473684 1.000000
vt 0.491228 1.000000
vt 0.491228 0.000000
vt 0.508772 1.000000
vt 0.508772 0.000000
vt 0.526316 1.000000
vt 0.543860 1.000000
vt 0.543860 0.000000
vt 0.561404 1.000000
vt 0.561404 0.000000
vt 0.578947 1.000000
vt 0.596491 1.000000
vt 0.596491 0.000000
vt 0.614035 1.000000
vt 0.614035 0.000000
vt 0.631579 1.000000
vt 0.649123 1.000000
vt 0.649123 0.000000
vt 0.684211 1.000000
vt 0.701754 1.000000
vt 0.701754 0.000000
vt 0.719298 1.000000
vt 0.719298 0.000000
vt 0.736842 1.000000
vt 0.754386 1.000000
vt 0.754386 0.000000
vt 0.771930 1.000000
vt 0.771930 0.000000
vt 0.789474 1.000000
vt 0.807018 1.000000
vt 0.807018 0.000000
vt 0.824561 1.000000
vt 0.824561 0.000000
vt 0.842105 1.000000
vt 0.859649 1.000000
vt 0.859649 0.000000
vt 0.877193 1.000000
vt 0.877193 0.000000
vt 0.894737 1.000000
vt 0.912281 1.000000
vt 0.912281 0.000000
vt 0.929825 1.000000
vt 0.929825 0.000000
vt 0.947368 1.000000
vt 0.964912 1.000000
vt 0.964912 0.000000
vt 0.982456 1.000000
vt 0.982456 0.000000
vt 0.013514 1.000000
vt 0.013514 0.000000
vt 0.027027 1.000000
vt 0.027027 0.000000
vt 0.040541 1.000000
vt 0.040541 0.000000
vt 0.054054 1.000000
vt 0.054054 0.000000
vt 0.067568 1.000000
vt 0.067568 0.000000
vt 0.081081 1.000000
vt 0.081081 0.000000
vt 0.094595 1.000000
vt 0.094595 0.000000
vt 0.108108 1.000000
vt 0.108108 0.000000
vt 0.121622 1.000000
vt 0.121622 0.000000
vt 0.135135 1.000000
vt 0.135135 0.000000
vt 0.148649 1.000000
vt 0.148649 0.000000
vt 0.162162 1.000000
vt 0.162162 0.000000
vt 0.175676 1.000000
vt 0.175676 0.000000
vt 0.189189 1.000000
vt 0.189189 0.000000
vt 0.202703 1.000000
vt 0.202703 0.000000
vt 0.216216 1.000000
vt 0.216216 0.000000
vt 0.229730 1.000000
vt 0.229730 0.000000
vt 0.243243 1.000000
vt 0.243243 0.000000
vt 0.256757 1.000000
vt 0.256757 0.000000
vt 0.270270 1.000000
vt 0.270270 0.000000
vt 0.283784 1.000000
vt 0.283784 0.000000
vt 0.297297 1.000000
vt 0.297297 0.000000
vt 0.310811 1.000000
vt 0.310811 0.000000
vt 0.324324 1.000000
vt 0.324324 0.000000
vt 0.337838 1.000000
vt 0.337838 0.000000
vt 0.351351 1.000000
vt 0.351351 0.000000
vt 0.364865 1.000000
vt 0.364865 0.000000
vt 0.378378 1.000000
vt 0.378378 0.000000
vt 0.391892 1.000000
vt 0.391892 0.000000
vt 0.405405 1.000000
vt 0.405405 0.000000
vt 0.418919 1.000000
vt 0.418919 0.000000
vt 0.432432 1.000000
vt 0.432432 0.000000
vt 0.445946 1.000000
vt 0.445946 0.000000
vt 0.459459 1.000000
vt 0.459459 0.000000
vt 0.472973 1.000000
vt 0.472973 0.000000
vt 0.486486 1.000000
vt 0.486486 0.000000
vt 0.513514 1.000000
vt 0.513514 0.000000
vt 0.527027 1.000000
vt 0.527027 0.000000
vt 0.540541 1.000000
vt 0.540541 0.000000
vt 0.554054 1.000000
vt 0.554054 0.000000
vt 0.567568 1.000000
vt 0.567568 0.000000
vt 0.581081 1.000000
vt 0.581081 0.000000
vt 0.594595 1.000000
vt 0.594595 0.000000
vt 0.608108 1.000000
vt 0.608108 0.000000
vt 0.621622 1.000000
vt 0.621622 0.000000
vt 0.635135 1.000000
vt 0.635135 0.000000
vt 0.648649 1.000000
vt 0.648649 0.000000
vt 0.662162 1.000000
vt 0.662162 0.000000
vt 0.675676 1.000000
vt 0.675676 0.000000
vt 0.689189 1.000000
vt 0.689189 0.000000
vt 0.702703 1.000000
vt 0.702703 0.000000
vt 0.716216 1.000000
vt 0.716216 0.000000
vt 0.729730 1.000000
vt 0.729730 0.000000
vt 0.743243 1.000000
vt 0.743243 0.000000
vt 0.756757 1.000000
vt 0.756757 0.000000
vt 0.770270 1.000000
vt 0.770270 0.000000
vt 0.783784 1.000000
vt 0.783784 0.000000
vt 0.797297 1.000000
vt 0.797297 0.000000
vt 0.810811 1.000000
vt 0.810811 0.000000
vt 0.824324 1.000000
vt 0.824324 0.000000
vt 0.837838 1.000000
vt 0.837838 0.000000
vt 0.851351 1.000000
vt 0.851351 0.000000
vt 0.864865 1.000000
vt 0.864865 0.000000
vt 0.878378 1.000000
vt 0.878378 0.000000
vt 0.891892 1.000000
vt 0.891892 0.000000
vt 0.905405 1.000000
vt 0.905405 0.000000
vt 0.918919 1.000000
vt 0.918919 0.000000
vt 0.932432 1.000000
vt 0.932432 0.000000
vt 0.945946 1.000000
vt 0.945946 0.000000
vt 0.959459 1.000000
vt 0.959459 0.000000
vt 0.972973 1.000000
vt 0.972973 0.000000
vt 0.986486 1.000000
vt 0.986486 0.000000
vt 0.040000 1.000000
vt 0.040000 0.000000
vt 0.080000 1.000000
vt 0.080000 0.000000
vt 0.120000 1.000000
vt 0.120000 0.000000
vt 0.160000 1.000000
vt 0.160000 0.000000
vt 0.240000 1.000000
vt 0.240000 0.000000
vt 0.280000 1.000000
vt 0.280000 0.000000
vt 0.320000 1.000000
vt 0.320000 0.000000
vt 0.360000 1.000000
vt 0.360000 0.000000
vt 0.440000 1.000000
vt 0.440000 0.000000
vt 0.480000 1.000000
vt 0.480000 0.000000
vt 0.520000 1.000000
vt 0.520000 0.000000
vt 0.560000 1.000000
vt 0.560000 0.000000
vt 0.640000 1.000000
vt 0.640000 0.000000
vt 0.680000 1.000000
vt 0.680000 0.000000
vt 0.720000 1.000000
vt 0.720000 0.000000
vt 0.760000 1.000000
vt 0.760000 0.000000
vt 0.840000 1.000000
vt 0.840000 0.000000
vt 0.880000 1.000000
vt 0.880000 0.000000
vt 0.920000 1.000000
vt 0.920000 0.000000
vt 0.960000 1.000000
vt 0.960000 0.000000
vt 0.008197 1.000000
vt 0.008197 0.000000
vt 0.016393 1.000000
vt 0.016393 0.000000
vt 0.024590 1.000000
vt 0.024590 0.000000
vt 0.032787 1.000000
vt 0.032787 0.000000
vt 0.040984 1.000000
vt 0.040984 0.000000
vt 0.049180 1.000000
vt 0.049180 0.000000
vt 0.057377 1.000000
vt 0.057377 0.000000
vt 0.065574 1.000000
vt 0.065574 0.000000
vt 0.073770 1.000000
vt 0.073770 0.000000
vt 0.081967 1.000000
vt 0.081967 0.000000
vt 0.090164 1.000000
vt 0.090164 0.000000
vt 0.098361 1.000000
vt 0.098361 0.000000
vt 0.106557 1.000000
vt 0.106557 0.000000
vt 0.114754 1.000000
vt 0.114754 0.000000
vt 0.122951 1.000000
vt 0.122951 0.000000
vt 0.131148 1.000000
vt 0.131148 0.000000
vt 0.139344 1.000000
vt 0.139344 0.000000
vt 0.147541 1.000000
vt 0.147541 0.000000
vt 0.155738 1.000000
vt 0.155738 0.000000
vt 0.163934 1.000000
vt 0.163934 0.000000
vt 0.172131 1.000000
vt 0.172131 0.000000
vt 0.180328 1.000000
vt 0.180328 0.000000
vt 0.188525 1.000000
vt 0.188525 0.000000
vt 0.196721 1.000000
vt 0.196721 0.000000
vt 0.204918 1.000000
vt 0.204918 0.000000
vt 0.213115 1.000000
vt 0.213115 0.000000
vt 0.221311 1.000000
vt 0.221311 0.000000
vt 0.229508 1.000000
vt 0.229508 0.000000
vt 0.237705 1.000000
vt 0.237705 0.000000
vt 0.245902 1.000000
vt 0.245902 0.000000
vt 0.254098 1.000000
vt 0.254098 0.000000
vt 0.262295 1.000000
vt 0.262295 0.000000
vt 0.270492 1.000000
vt 0.270492 0.000000
vt 0.278689 1.000000
vt 0.278689 0.000000
vt 0.286885 1.000000
vt 0.286885 0.000000
vt 0.295082 1.000000
vt 0.295082 0.000000
vt 0.303279 1.000000
vt 0.303279 0.000000
vt 0.311475 1.000000
vt 0.311475 0.000000
vt 0.319672 1.000000
vt 0.319672 0.000000
vt 0.327869 1.000000
vt 0.327869 0.000000
vt 0.336066 1.000000
vt 0.336066 0.000000
vt 0.344262 1.000000
vt 0.344262 0.000000
vt 0.352459 1.000000
vt 0.352459 0.000000
vt 0.360656 1.000000
vt 0.360656 0.000000
vt 0.368852 1.000000
vt 0.368852 0.000000
vt 0.377049 1.000000
vt 0.377049 0.000000
vt 0.385246 1.000000
vt 0.385246 0.000000
vt 0.393443 1.000000
vt 0.393443 0.000000
vt 0.401639 1.000000
vt 0.401639 0.000000
vt 0.409836 1.000000
vt 0.409836 0.000000
vt 0.418033 1.000000
vt 0.418033 0.000000
vt 0.426230 1.000000
vt 0.426230 0.000000
vt 0.434426 1.000000
vt 0.434426 0.000000
vt 0.442623 1.000000
vt 0.442623 0.000000
vt 0.450820 1.000000
vt 0.450820 0.000000
vt 0.459016 1.000000
vt 0.459016 0.000000
vt 0.467213 1.000000
vt 0.467213 0.000000
vt 0.475410 1.000000
vt 0.475410 0.000000
vt 0.483607 1.000000
vt 0.483607 0.000000
vt 0.491803 1.000000
vt 0.491803 0.000000
vt 0.508197 1.000000
vt 0.508197 0.000000
vt 0.516393 1.000000
vt 0.516393 0.000000
vt 0.524590 1.000000
vt 0.524590 0.000000
vt 0.532787 1.000000
vt 0.532787 0.000000
vt 0.540984 1.000000
vt 0.540984 0.000000
vt 0.549180 1.000000
vt 0.549180 0.000000
vt 0.557377 1.000000
vt 0.557377 0.000000
vt 0.565574 1.000000
vt 0.565574 0.000000
vt 0.573770 1.000000
vt 0.573770 0.000000
vt 0.581967 1.000000
vt 0.581967 0.000000
vt 0.590164 1.000000
vt 0.590164 0.000000
vt 0.598361 1.000000
vt 0.598361 0.000000
vt 0.606557 1.000000
vt 0.606557 0.000000
vt 0.614754 1.000000
vt 0.614754 0.000000
vt 0.622951 1.000000
vt 0.622951 0.000000
vt 0.631148 1.000000
vt 0.631148 0.000000
vt 0.639344 1.000000
vt 0.639344 0.000000
vt 0.647541 1.000000
vt 0.647541 0.000000
vt 0.655738 1.000000
vt 0.655738 0.000000
vt 0.663934 1.000000
vt 0.663934 0.000000
vt 0.672131 1.000000
vt 0.672131 0.000000
vt 0.680328 1.000000
vt 0.680328 0.000000
vt 0.688525 1.000000
vt 0.688525 0.000000
vt 0.696721 1.000000
vt 0.696721 0.000000
vt 0.704918 1.000000
vt 0.704918 0.000000
vt 0.713115 1.000000
vt 0.713115 0.000000
vt 0.721311 1.000000
vt 0.721311 0.000000
vt 0.729508 1.000000
vt 0.729508 0.000000
vt 0.737705 1.000000
vt 0.737705 0.000000
vt 0.745902 1.000000
vt 0.745902 0.000000
vt 0.754098 1.000000
vt 0.754098 0.000000
vt 0.762295 1.000000
vt 0.762295 0.000000
vt 0.770492 1.000000
vt 0.770492 0.000000
vt 0.778689 1.000000
vt 0.778689 0.000000
vt 0.786885 1.000000
vt 0.786885 0.000000
vt 0.795082 1.000000
vt 0.795082 0.000000
vt 0.803279 1.000000
vt 0.803279 0.000000
vt 0.811475 1.000000
vt 0.811475 0.000000
vt 0.819672 1.000000
vt 0.819672 0.000000
vt 0.827869 1.000000
vt 0.827869 0.000000
vt 0.836066 1.000000
vt 0.836066 0.000000
vt 0.844262 1.000000
vt 0.844262 0.000000
vt 0.852459 1.000000
vt 0.852459 0.000000
vt 0.860656 1.000000
vt 0.860656 0.000000
vt 0.868852 1.000000
vt 0.868852 0.000000
vt 0.877049 1.000000
vt 0.877049 0.000000
vt 0.885246 1.000000
vt 0.885246 0.000000
vt 0.893443 1.000000
vt 0.893443 0.000000
vt 0.901639 1.000000
vt 0.901639 0.000000
vt 0.909836 1.000000
vt 0.909836 0.000000
vt 0.918033 1.000000
vt 0.918033 0.000000
vt 0.926230 1.000000
vt 0.926230 0.000000
vt 0.934426 1.000000
vt 0.934426 0.000000
vt 0.942623 1.000000
vt 0.942623 0.000000
vt 0.950820 1.000000
vt 0.950820 0.000000
vt 0.959016 1.000000
vt 0.959016 0.000000
vt 0.967213 1.000000
vt 0.967213 0.000000
vt 0.975410 1.000000
vt 0.975410 0.000000
vt 0.983607 1.000000
vt 0.983607 0.000000
vt 0.991803 1.000000
vt 0.991803 0.000000
vt 0.025000 1.000000
vt 0.025000 0.000000
vt 0.050000 1.000000
vt 0.050000 0.000000
vt 0.075000 1.000000
vt 0.075000 0.000000
vt 0.100000 1.000000
vt 0.100000 0.000000
vt 0.150000 1.000000
vt 0.150000 0.000000
vt 0.175000 1.000000
vt 0.175000 0.000000
vt 0.225000 1.000000
vt 0.225000 0.000000
vt 0.275000 1.000000
vt 0.275000 0.000000
vt 0.300000 1.000000
vt 0.300000 0.000000
vt 0.325000 1.000000
vt 0.325000 0.000000
vt 0.350000 1.000000
vt 0.350000 0.000000
vt 0.425000 1.000000
vt 0.425000 0.000000
vt 0.450000 1.000000
vt 0.450000 0.000000
vt 0.475000 1.000000
vt 0.475000 0.000000
vt 0.525000 1.000000
vt 0.525000 0.000000
vt 0.550000 1.000000
vt 0.550000 0.000000
vt 0.575000 1.000000
vt 0.575000 0.000000
vt 0.650000 1.000000
vt 0.650000 0.000000
vt 0.675000 1.000000
vt 0.675000 0.000000
vt 0.700000 1.000000
vt 0.700000 0.000000
vt 0.725000 1.000000
vt 0.725000 0.000000
vt 0.775000 1.000000
vt 0.775000 0.000000
vt 0.825000 1.000000
vt 0.825000 0.000000
vt 0.850000 1.000000
vt 0.850000 0.000000
vt 0.900000 1.000000
vt 0.900000 0.000000
vt 0.925000 1.000000
vt 0.925000 0.000000
vt 0.950000 1.000000
vt 0.950000 0.000000
vt 0.975000 1.000000
vt 0.975000 0.000000
vt 0.026316 1.000000
vt 0.026316 0.000000
vt 0.078947 1.000000
vt 0.078947 0.000000
vt 0.131579 1.000000
vt 0.131579 0.000000
vt 0.184211 1.000000
vt 0.184211 0.000000
vt 0.236842 1.000000
vt 0.236842 0.000000
vt 0.289474 1.000000
vt 0.289474 0.000000
vt 0.342105 1.000000
vt 0.342105 0.000000
vt 0.394737 1.000000
vt 0.394737 0.000000
vt 0.447368 1.000000
vt 0.447368 0.000000
vt 0.552632 1.000000
vt 0.552632 0.000000
vt 0.605263 1.000000
vt 0.605263 0.000000
vt 0.657895 1.000000
vt 0.657895 0.000000
vt 0.710526 1.000000
vt 0.710526 0.000000
vt 0.763158 1.000000
vt 0.763158 0.000000
vt 0.815789 1.000000
vt 0.815789 0.000000
vt 0.868421 1.000000
vt 0.868421 0.000000
vt 0.921053 1.000000
vt 0.921053 0.000000
vt 0.973684 1.000000
vt 0.973684 0.000000
vt 0.007299 1.000000
vt 0.007299 0.000000
vt 0.014599 1.000000
vt 0.014599 0.000000
vt 0.021898 1.000000
vt 0.021898 0.000000
vt 0.029197 1.000000
vt 0.029197 0.000000
vt 0.036496 1.000000
vt 0.036496 0.000000
vt 0.043796 1.000000
vt 0.043796 0.000000
vt 0.051095 1.000000
vt 0.051095 0.000000
vt 0.058394 1.000000
vt 0.058394 0.000000
vt 0.065693 1.000000
vt 0.065693 0.000000
vt 0.072993 1.000000
vt 0.072993 0.000000
vt 0.080292 1.000000
vt 0.080292 0.000000
vt 0.087591 1.000000
vt 0.087591 0.000000
vt 0.094891 1.000000
vt 0.094891 0.000000
vt 0.102190 1.000000
vt 0.102190 0.000000
vt 0.109489 1.000000
vt 0.109489 0.000000
vt 0.116788 1.000000
vt 0.116788 0.000000
vt 0.124088 1.000000
vt 0.124088 0.000000
vt 0.131387 1.000000
vt 0.131387 0.000000
vt 0.138686 1.000000
vt 0.138686 0.000000
vt 0.145985 1.000000
vt 0.145985 0.000000
vt 0.153285 1.000000
vt 0.153285 0.000000
vt 0.160584 1.000000
vt 0.160584 0.000000
vt 0.167883 1.000000
vt 0.167883 0.000000
vt 0.175182 1.000000
vt 0.175182 0.000000
vt 0.182482 1.000000
vt 0.182482 0.000000
vt 0.189781 1.000000
vt 0.189781 0.000000
vt 0.197080 1.000000
vt 0.197080 0.000000
vt 0.204380 1.000000
vt 0.204380 0.000000
vt 0.211679 1.000000
vt 0.211679 0.000000
vt 0.218978 1.000000
vt 0.218978 0.000000
vt 0.226277 1.000000
vt 0.226277 0.000000
vt 0.233577 1.000000
vt 0.233577 0.000000
vt 0.240876 1.000000
vt 0.240876 0.000000
vt 0.248175 1.000000
vt 0.248175 0.000000
vt 0.255474 1.000000
vt 0.255474 0.000000
vt 0.262774 1.000000
vt 0.262774 0.000000
vt 0.270073 1.000000
vt 0.270073 0.000000
vt 0.277372 1.000000
vt 0.277372 0.000000
vt 0.284672 1.000000
vt 0.284672 0.000000
vt 0.291971 1.000000
vt 0.291971 0.000000
vt 0.299270 1.000000
vt 0.299270 0.000000
vt 0.306569 1.000000
vt 0.306569 0.000000
vt 0.313869 1.000000
vt 0.313869 0.000000
vt 0.321168 1.000000
vt 0.321168 0.000000
vt 0.328467 1.000000
vt 0.328467 0.000000
vt 0.335766 1.000000
vt 0.335766 0.000000
vt 0.343066 1.000000
vt 0.343066 0.000000
vt 0.350365 1.000000
vt 0.350365 0.000000
vt 0.357664 1.000000
vt 0.357664 0.000000
vt 0.364964 1.000000
vt 0.364964 0.000000
vt 0.372263 1.000000
vt 0.372263 0.000000
vt 0.379562 1.000000
vt 0.379562 0.000000
vt 0.386861 1.000000
vt 0.386861 0.000000
vt 0.394161 1.000000
vt 0.394161 0.000000
vt 0.401460 1.000000
vt 0.401460 0.000000
vt 0.408759 1.000000
vt 0.408759 0.000000
vt 0.416058 1.000000
vt 0.416058 0.000000
vt 0.423358 1.000000
vt 0.423358 0.000000
vt 0.430657 1.000000
vt 0.430657 0.000000
vt 0.437956 1.000000
vt 0.437956 0.000000
vt 0.445255 1.000000
vt 0.445255 0.000000
vt 0.452555 1.000000
vt 0.452555 0.000000
vt 0.459854 1.000000
vt 0.459854 0.000000
vt 0.467153 1.000000
vt 0.467153 0.000000
vt 0.474453 1.000000
vt 0.474453 0.000000
vt 0.481752 1.000000
vt 0.481752 0.000000
vt 0.489051 1.000000
vt 0.489051 0.000000
vt 0.496350 1.000000
vt 0.496350 0.000000
vt 0.503650 1.000000
vt 0.503650 0.000000
vt 0.510949 1.000000
vt 0.510949 0.000000
vt 0.518248 1.000000
vt 0.518248 0.000000
vt 0.525547 1.000000
vt 0.525547 0.000000
vt 0.532847 1.000000
vt 0.532847 0.000000
vt 0.540146 1.000000
vt 0.540146 0.000000
vt 0.547445 1.000000
vt 0.547445 0.000000
vt 0.554745 1.000000
vt 0.554745 0.000000
vt 0.562044 1.000000
vt 0.562044 0.000000
vt 0.569343 1.000000
vt 0.569343 0.000000
vt 0.576642 1.000000
vt 0.576642 0.000000
vt 0.583942 1.000000
vt 0.583942 0.000000
vt 0.591241 1.000000
vt 0.591241 0.000000
vt 0.598540 1.000000
vt 0.598540 0.000000
vt 0.605839 1.000000
vt 0.605839 0.000000
vt 0.613139 1.000000
vt 0.613139 0.000000
vt 0.620438 1.000000
vt 0.620438 0.000000
vt 0.627737 1.000000
vt 0.627737 0.000000
vt 0.635036 1.000000
vt 0.635036 0.000000
vt 0.642336 1.000000
vt 0.642336 0.000000
vt 0.649635 1.000000
vt 0.649635 0.000000
vt 0.656934 1.000000
vt 0.656934 0.000000
vt 0.664234 1.000000
vt 0.664234 0.000000
vt 0.671533 1.000000
vt 0.671533 0.000000
vt 0.678832 1.000000
vt 0.678832 0.000000
vt 0.686131 1.000000
vt 0.686131 0.000000
vt 0.693431 1.000000
vt 0.693431 0.000000
vt 0.700730 1.000000
vt 0.700730 0.000000
vt 0.708029 1.000000
vt 0.708029 0.000000
vt 0.715328 1.000000
vt 0.715328 0.000000
vt 0.722628 1.000000
vt 0.722628 0.000000
vt 0.729927 1.000000
vt 0.729927 0.000000
vt 0.737226 1.000000
vt 0.737226 0.000000
vt 0.744526 1.000000
vt 0.744526 0.000000
vt 0.751825 1.000000
vt 0.751825 0.000000
vt 0.759124 1.000000
vt 0.759124 0.000000
vt 0.766423 1.000000
vt 0.766423 0.000000
vt 0.773723 1.000000
vt 0.773723 0.000000
vt 0.781022 1.000000
vt 0.781022 0.000000
vt 0.788321 1.000000
vt 0.788321 0.000000
vt 0.795620 1.000000
vt 0.795620 0.000000
vt 0.802920 1.000000
vt 0.802920 0.000000
vt 0.810219 1.000000
vt 0.810219 0.000000
vt 0.817518 1.000000
vt 0.817518 0.000000
vt 0.824818 1.000000
vt 0.824818 0.000000
vt 0.832117 1.000000
vt 0.832117 0.000000
vt 0.839416 1.000000
vt 0.839416 0.000000
vt 0.846715 1.000000
vt 0.846715 0.000000
vt 0.854015 1.000000
vt 0.854015 0.000000
vt 0.861314 1.000000
vt 0.861314 0.000000
vt 0.868613 1.000000
vt 0.868613 0.000000
vt 0.875912 1.000000
vt 0.875912 0.000000
vt 0.883212 1.000000
vt 0.883212 0.000000
vt 0.890511 1.000000
vt 0.890511 0.000000
vt 0.897810 1.000000
vt 0.897810 0.000000
vt 0.905109 1.000000
vt 0.905109 0.000000
vt 0.912409 1.000000
vt 0.912409 0.000000
vt 0.919708 1.000000
vt 0.919708 0.000000
vt 0.927007 1.000000
vt 0.927007 0.000000
vt 0.934307 1.000000
vt 0.934307 0.000000
vt 0.941606 1.000000
vt 0.941606 0.000000
vt 0.948905 1.000000
vt 0.948905 0.000000
vt 0.956204 1.000000
vt 0.956204 0.000000
vt 0.963504 1.000000
vt 0.963504 0.000000
vt 0.970803 1.000000
vt 0.970803 0.000000
vt 0.978102 1.000000
vt 0.978102 0.000000
vt 0.985401 1.000000
vt 0.985401 0.000000
vt 0.992701 1.000000
vt 0.992701 0.000000
s 0
f 22/1/1 21/2/1 51/3/1
f 51/3/1 50/4/1 22/1/1
f 23/5/1 22/1/1 50/4/1
f 50/4/1 49/6/1 23/5/1
f 24/7/1 23/5/1 49/6/1
f 49/6/1 98/8/1 24/7/1
f 25/9/1 24/7/1 98/8/1
f 26/10/1 25/9/1 98/8/1
f 98/8/1 97/11/1 26/10/1
f 27/12/1 26/10/1 97/11/1
f 97/11/1 96/13/1 27/12/1
f 28/14/1 27/12/1 96/13/1
f 96/13/1 95/15/1 28/14/1
f 29/16/1 28/14/1 95/15/1
f 58/17/1 13/18/1 59/19/1
f 86/20/1 36/21/1 87/22/1
f 13/18/1 58/17/1 14/23/1
f 57/24/1 14/23/1 58/17/1
f 35/25/1 88/26/1 87/22/1
f 87/22/1 36/21/1 35/25/1
f 14/23/1 57/24/1 15/27/1
f 56/28/1 15/27/1 57/24/1
f 90/29/1 89/30/1 33/31/1
f 34/32/1 33/31/1 89/30/1
f 89/30/1 88/26/1 34/32/1
f 88/26/1 35/25/1 34/32/1
f 15/27/1 56/28/1 16/33/1
f 56/28/1 55/34/1 16/33/1
f 17/35/1 16/33/1 55/34/1
f 55/34/1 54/36/1 17/35/1
f 18/37/1 17/35/1 54/36/1
f 19/38/1 18/37/1 54/36/1
f 54/36/1 53/39/1 19/38/1
f 20/40/1 19/38/1 53/39/1
f 53/39/1 52/41/1 20/40/1
f 21/2/1 20/40/1 52/41/1
f 51/3/1 21/2/1 52/41/1
f 29/16/1 95/15/1 94/42/1
f 30/43/1 29/16/1 94/42/1
f 94/42/1 93/44/1 30/43/1
f 31/45/1 30/43/1 93/44/1
f 93/44/1 92/46/1 31/45/1
f 92/46/1 91/47/1 31/45/1
f 32/48/1 31/45/1 91/47/1
f 91/47/1 90/29/1 32/48/1
f 90/29/1 33/31/1 32/48/1
f 60/49/1 11/50/1 61/51/1
f 84/52/1 37/53/1 85/54/1
f 61/51/1 11/50/1 10/55/1
f 10/55/1 62/56/1 61/51/1
f 83/57/1 38/58/1 84/52/1
f 37/53/1 84/52/1 38/58/1
f 64/59/1 8/60/1 7/61/1
f 7/61/1 65/62/1 64/59/1
f 62/56/1 10/55/1 9/63/1
f 63/64/1 62/56/1 9/63/1
f 9/63/1 8/60/1 63/64/1
f 8/60/1 64/59/1 63/64/1
f 83/57/1 82/65/1 39/66/1
f 38/58/1 83/57/1 39/66/1
f 4/67/1 3/68/1 67/69/1
f 3/68/1 68/70/1 67/69/1
f 72/71/1 74/72/1 73/73/1
f 70/74/1 1/75/1 74/72/1
f 71/76/1 70/74/1 74/72/1
f 74/72/1 72/71/1 71/76/1
f 68/70/1 3/68/1 2/77/1
f 69/78/1 68/70/1 2/77/1
f 2/77/1 1/75/1 69/78/1
f 1/75/1 70/74/1 69/78/1
f 48/79/1 99/80/1 49/6/1
f 48/79/1 47/81/1 99/80/1
f 47/81/1 46/82/1 99/80/1
f 75/83/1 99/80/1 46/82/1
f 46/82/1 45/84/1 75/83/1
f 65/62/1 7/61/1 6/85/1
f 6/85/1 5/86/1 65/62/1
f 66/87/1 65/62/1 5/86/1
f 5/86/1 4/67/1 66/87/1
f 4/67/1 67/69/1 66/87/1
f 75/83/1 45/84/1 76/88/1
f 77/89/1 76/88/1 45/84/1
f 45/84/1 44/90/1 77/89/1
f 78/91/1 77/89/1 44/90/1
f 44/90/1 43/92/1 78/91/1
f 79/93/1 78/91/1 43/92/1
f 43/92/1 42/94/1 79/93/1
f 80/95/1 79/93/1 42/94/1
f 42/94/1 41/96/1 80/95/1
f 81/97/1 80/95/1 41/96/1
f 41/96/1 40/98/1 81/97/1
f 82/65/1 81/97/1 40/98/1
f 39/66/1 82/65/1 40/98/1
f 11/50/1 60/49/1 12/99/1
f 13/18/1 12/99/1 60/49/1
f 59/19/1 13/18/1 60/49/1
f 98/8/1 49/6/1 99/80/1
f 36/21/1 86/20/1 85/54/1
f 85/54/1 37/53/1 36/21/1
f 170/100/1 169/101/1 126/102/1
f 126/102/1 125/103/1 170/100/1
f 171/104/1 170/100/1 125/103/1
f 125/103/1 124/105/1 171/104/1
f 172/106/1 171/104/1 124/105/1
f 124/105/1 123/107/1 172/106/1
f 173/108/1 172/106/1 123/107/1
f 123/107/1 122/109/1 173/108/1
f 174/110/1 173/108/1 122/109/1
f 122/109/1 121/111/1 174/110/1
f 175/112/1 174/110/1 121/111/1
f 121/111/1 120/113/1 175/112/1
f 120/113/1 119/114/1 175/112/1
f 176/115/1 175/112/1 119/114/1
f 177/116/1 176/115/1 119/114/1
f 160/117/1 134/118/1 161/119/1
f 133/120/1 161/119/1 134/118/1
f 111/121/1 184/122/1 112/123/1
f 161/119/1 133/120/1 162/124/1
f 132/125/1 162/124/1 133/120/1
f 183/126/1 113/127/1 112/123/1
f 112/123/1 184/122/1 183/126/1
f 162/124/1 132/125/1 163/128/1
f 132/125/1 131/129/1 163/128/1
f 164/130/1 163/128/1 131/129/1
f 130/131/1 164/130/1 131/129/1
f 181/132/1 115/133/1 114/134/1
f 182/135/1 181/132/1 114/134/1
f 114/134/1 113/127/1 182/135/1
f 113/127/1 183/126/1 182/135/1
f 164/130/1 130/131/1 165/136/1
f 130/131/1 129/137/1 165/136/1
f 166/138/1 165/136/1 129/137/1
f 129/137/1 128/139/1 166/138/1
f 167/140/1 166/138/1 128/139/1
f 128/139/1 127/141/1 167/140/1
f 168/142/1 167/140/1 127/141/1
f 169/101/1 168/142/1 127/141/1
f 126/102/1 169/101/1 127/141/1
f 177/116/1 119/114/1 118/143/1
f 178/144/1 177/116/1 118/143/1
f 118/143/1 117/145/1 178/144/1
f 179/146/1 178/144/1 117/145/1
f 117/145/1 116/147/1 179/146/1
f 180/148/1 179/146/1 116/147/1
f 116/147/1 115/133/1 180/148/1
f 115/133/1 181/132/1 180/148/1
f 109/149/1 186/150/1 110/151/1
f 185/152/1 110/151/1 186/150/1
f 136/153/1 158/154/1 157/155/1
f 157/155/1 137/156/1 136/153/1
f 135/157/1 159/158/1 158/154/1
f 158/154/1 136/153/1 135/157/1
f 108/159/1 187/160/1 109/149/1
f 186/150/1 109/149/1 187/160/1
f 138/161/1 156/162/1 155/163/1
f 155/163/1 139/164/1 138/161/1
f 107/165/1 106/166/1 190/167/1
f 189/168/1 107/165/1 190/167/1
f 137/156/1 157/155/1 156/162/1
f 156/162/1 138/161/1 137/156/1
f 107/165/1 189/168/1 108/159/1
f 189/168/1 188/169/1 108/159/1
f 187/160/1 108/159/1 188/169/1
f 153/170/1 152/171/1 141/172/1
f 142/173/1 141/172/1 152/171/1
f 148/174/1 147/175/1 146/176/1
f 149/177/1 148/174/1 144/178/1
f 145/179/1 144/178/1 148/174/1
f 148/174/1 146/176/1 145/179/1
f 197/80/1 196/180/1 100/75/1
f 142/173/1 152/171/1 151/181/1
f 143/182/1 142/173/1 151/181/1
f 151/181/1 150/183/1 143/182/1
f 150/183/1 149/177/1 143/182/1
f 149/177/1 144/178/1 143/182/1
f 100/75/1 196/180/1 101/184/1
f 102/185/1 101/184/1 196/180/1
f 196/180/1 195/186/1 102/185/1
f 103/187/1 102/185/1 195/186/1
f 195/186/1 194/188/1 103/187/1
f 139/164/1 155/163/1 154/189/1
f 140/190/1 139/164/1 154/189/1
f 154/189/1 153/170/1 140/190/1
f 153/170/1 141/172/1 140/190/1
f 103/187/1 194/188/1 104/191/1
f 194/188/1 193/192/1 104/191/1
f 105/193/1 104/191/1 193/192/1
f 193/192/1 192/194/1 105/193/1
f 192/194/1 191/195/1 105/193/1
f 106/166/1 105/193/1 191/195/1
f 190/167/1 106/166/1 191/195/1
f 159/158/1 135/157/1 160/117/1
f 134/118/1 160/117/1 135/157/1
f 110/151/1 185/152/1 111/121/1
f 184/122/1 111/121/1 185/152/1
f 284/196/1 283/197/1 282/198/1
f 282/198/1 281/199/1 284/196/1
f 281/199/1 280/200/1 284/196/1
f 288/201/1 277/202/1 276/203/1
f 289/204/1 288/201/1 276/203/1
f 242/205/1 241/206/1 349/207/1
f 243/208/1 242/205/1 349/207/1
f 349/207/1 348/209/1 243/208/1
f 244/210/1 243/208/1 348/209/1
f 348/209/1 347/211/1 244/210/1
f 245/212/1 244/210/1 347/211/1
f 246/213/1 245/212/1 347/211/1
f 347/211/1 346/214/1 246/213/1
f 247/215/1 246/213/1 346/214/1
f 346/214/1 345/216/1 247/215/1
f 248/217/1 247/215/1 345/216/1
f 249/218/1 248/217/1 345/216/1
f 345/216/1 344/219/1 249/218/1
f 250/220/1 249/218/1 344/219/1
f 344/219/1 251/221/1 250/220/1
f 284/196/1 280/200/1 279/222/1
f 279/222/1 278/223/1 284/196/1
f 285/224/1 284/196/1 278/223/1
f 286/225/1 285/224/1 278/223/1
f 278/223/1 277/202/1 286/225/1
f 287/226/1 286/225/1 277/202/1
f 277/202/1 288/201/1 287/226/1
f 231/227/1 356/228/1 232/229/1
f 356/228/1 355/230/1 232/229/1
f 232/229/1 355/230/1 233/231/1
f 355/230/1 354/232/1 233/231/1
f 341/233/1 340/234/1 254/235/1
f 340/234/1 255/236/1 254/235/1
f 273/237/1 294/238/1 293/239/1
f 357/240/1 230/241/1 229/242/1
f 229/242/1 358/243/1 357/240/1
f 295/244/1 272/245/1 271/246/1
f 271/246/1 296/247/1 295/244/1
f 269/248/1 297/249/1 270/250/1
f 358/243/1 229/242/1 228/251/1
f 228/251/1 227/252/1 358/243/1
f 359/253/1 358/243/1 227/252/1
f 227/252/1 226/254/1 359/253/1
f 226/254/1 360/255/1 359/253/1
f 338/256/1 337/257/1 257/258/1
f 296/247/1 271/246/1 270/250/1
f 270/250/1 297/249/1 296/247/1
f 356/228/1 231/227/1 230/241/1
f 230/241/1 357/240/1 356/228/1
f 255/236/1 340/234/1 339/259/1
f 256/260/1 255/236/1 339/259/1
f 339/259/1 338/256/1 256/260/1
f 338/256/1 257/258/1 256/260/1
f 294/238/1 273/237/1 272/245/1
f 272/245/1 295/244/1 294/238/1
f 233/231/1 354/232/1 234/261/1
f 354/232/1 353/262/1 234/261/1
f 235/263/1 234/261/1 353/262/1
f 236/264/1 235/263/1 353/262/1
f 353/262/1 352/265/1 236/264/1
f 237/266/1 236/264/1 352/265/1
f 352/265/1 351/267/1 237/266/1
f 238/268/1 237/266/1 351/267/1
f 239/269/1 238/268/1 351/267/1
f 351/267/1 350/270/1 239/269/1
f 240/271/1 239/269/1 350/270/1
f 241/206/1 240/271/1 350/270/1
f 349/207/1 241/206/1 350/270/1
f 251/221/1 344/219/1 343/272/1
f 252/273/1 251/221/1 343/272/1
f 343/272/1 342/274/1 252/273/1
f 253/275/1 252/273/1 342/274/1
f 342/274/1 341/233/1 253/275/1
f 341/233/1 254/235/1 253/275/1
f 289/204/1 276/203/1 275/276/1
f 290/277/1 289/204/1 275/276/1
f 291/278/1 290/277/1 275/276/1
f 275/276/1 274/279/1 291/278/1
f 292/280/1 291/278/1 274/279/1
f 274/279/1 273/237/1 292/280/1
f 273/237/1 293/239/1 292/280/1
f 363/281/1 224/282/1 223/283/1
f 364/284/1 363/281/1 223/283/1
f 223/283/1 222/285/1 364/284/1
f 365/286/1 364/284/1 222/285/1
f 268/287/1 267/288/1 299/289/1
f 298/290/1 268/287/1 299/289/1
f 216/291/1 215/292/1 217/293/1
f 365/286/1 222/285/1 221/294/1
f 366/295/1 365/286/1 221/294/1
f 367/296/1 366/295/1 221/294/1
f 368/297/1 367/296/1 221/294/1
f 369/298/1 368/297/1 221/294/1
f 221/294/1 370/299/1 369/298/1
f 371/80/1 258/300/1 335/301/1
f 265/302/1 264/303/1 303/304/1
f 303/304/1 302/305/1 265/302/1
f 302/305/1 301/306/1 265/302/1
f 266/307/1 265/302/1 301/306/1
f 301/306/1 300/308/1 266/307/1
f 267/288/1 266/307/1 300/308/1
f 299/289/1 267/288/1 300/308/1
f 204/309/1 318/310/1 205/311/1
f 318/310/1 317/312/1 205/311/1
f 205/311/1 317/312/1 206/313/1
f 207/314/1 206/313/1 317/312/1
f 208/315/1 207/314/1 317/312/1
f 317/312/1 316/316/1 208/315/1
f 209/317/1 208/315/1 316/316/1
f 316/316/1 315/318/1 209/317/1
f 210/319/1 209/317/1 315/318/1
f 319/320/1 203/321/1 202/322/1
f 320/323/1 319/320/1 202/322/1
f 202/322/1 201/324/1 320/323/1
f 321/325/1 320/323/1 201/324/1
f 322/326/1 321/325/1 201/324/1
f 332/327/1 334/328/1 333/329/1
f 331/330/1 330/331/1 334/328/1
f 334/328/1 332/327/1 331/330/1
f 198/75/1 334/328/1 327/332/1
f 328/333/1 327/332/1 334/328/1
f 329/334/1 328/333/1 334/328/1
f 334/328/1 330/331/1 329/334/1
f 322/326/1 201/324/1 200/335/1
f 323/336/1 322/326/1 200/335/1
f 200/335/1 199/337/1 323/336/1
f 324/338/1 323/336/1 199/337/1
f 325/339/1 324/338/1 199/337/1
f 199/337/1 198/75/1 325/339/1
f 326/340/1 325/339/1 198/75/1
f 198/75/1 327/332/1 326/340/1
f 203/321/1 319/320/1 204/309/1
f 318/310/1 204/309/1 319/320/1
f 210/319/1 315/318/1 211/341/1
f 315/318/1 314/342/1 211/341/1
f 212/343/1 211/341/1 314/342/1
f 213/344/1 212/343/1 314/342/1
f 214/345/1 213/344/1 314/342/1
f 215/292/1 214/345/1 314/342/1
f 217/293/1 215/292/1 314/342/1
f 218/346/1 217/293/1 314/342/1
f 219/347/1 218/346/1 314/342/1
f 314/342/1 313/348/1 219/347/1
f 220/349/1 219/347/1 313/348/1
f 221/294/1 220/349/1 313/348/1
f 313/348/1 312/350/1 221/294/1
f 312/350/1 311/351/1 221/294/1
f 370/299/1 221/294/1 311/351/1
f 311/351/1 310/352/1 370/299/1
f 310/352/1 309/353/1 370/299/1
f 371/80/1 370/299/1 309/353/1
f 309/353/1 308/354/1 371/80/1
f 258/300/1 371/80/1 308/354/1
f 259/355/1 258/300/1 308/354/1
f 260/356/1 259/355/1 308/354/1
f 308/354/1 307/357/1 260/356/1
f 261/358/1 260/356/1 307/357/1
f 307/357/1 306/359/1 261/358/1
f 262/360/1 261/358/1 306/359/1
f 306/359/1 305/361/1 262/360/1
f 263/362/1 262/360/1 305/361/1
f 305/361/1 304/363/1 263/362/1
f 264/303/1 263/362/1 304/363/1
f 303/304/1 264/303/1 304/363/1
f 360/255/1 226/254/1 225/364/1
f 361/365/1 360/255/1 225/364/1
f 362/366/1 361/365/1 225/364/1
f 225/364/1 224/282/1 362/366/1
f 224/282/1 363/281/1 362/366/1
f 257/258/1 337/257/1 336/367/1
f 336/367/1 335/301/1 257/258/1
f 335/301/1 258/300/1 257/258/1
f 268/287/1 298/290/1 269/248/1
f 297/249/1 269/248/1 298/290/1
f 411/368/1 410/369/1 372/75/1
f 413/370/1 412/371/1 410/369/1
f 412/371/1 449/80/1 410/369/1
f 372/75/1 410/369/1 449/80/1
f 373/372/1 372/75/1 449/80/1
f 449/80/1 448/373/1 373/372/1
f 407/374/1 406/375/1 418/376/1
f 418/376/1 417/377/1 407/374/1
f 408/378/1 407/374/1 417/377/1
f 417/377/1 416/24/1 408/378/1
f 408/378/1 416/24/1 409/379/1
f 416/24/1 415/380/1 409/379/1
f 410/369/1 409/379/1 415/380/1
f 415/380/1 414/381/1 410/369/1
f 413/370/1 410/369/1 414/381/1
f 400/382/1 422/383/1 401/384/1
f 421/385/1 401/384/1 422/383/1
f 401/384/1 421/385/1 402/386/1
f 403/387/1 402/386/1 421/385/1
f 420/388/1 403/387/1 421/385/1
f 423/389/1 399/390/1 398/391/1
f 398/391/1 424/392/1 423/389/1
f 424/392/1 398/391/1 397/393/1
f 397/393/1 425/394/1 424/392/1
f 445/395/1 376/396/1 446/397/1
f 376/396/1 375/398/1 446/397/1
f 399/390/1 423/389/1 400/382/1
f 422/383/1 400/382/1 423/389/1
f 446/397/1 375/398/1 447/399/1
f 374/400/1 447/399/1 375/398/1
f 403/387/1 420/388/1 404/401/1
f 420/388/1 419/402/1 404/401/1
f 405/92/1 404/401/1 419/402/1
f 406/375/1 405/92/1 419/402/1
f 418/376/1 406/375/1 419/402/1
f 447/399/1 374/400/1 448/373/1
f 373/372/1 448/373/1 374/400/1
f 426/403/1 396/404/1 395/405/1
f 427/76/1 426/403/1 395/405/1
f 443/406/1 377/407/1 444/408/1
f 427/76/1 395/405/1 394/16/1
f 428/409/1 427/76/1 394/16/1
f 443/406/1 442/410/1 378/411/1
f 377/407/1 443/406/1 378/411/1
f 388/412/1 387/413/1 433/414/1
f 434/415/1 433/414/1 387/413/1
f 387/413/1 386/416/1 434/415/1
f 435/417/1 434/415/1 386/416/1
f 436/418/1 435/417/1 386/416/1
f 386/416/1 385/419/1 436/418/1
f 437/420/1 436/418/1 385/419/1
f 385/419/1 384/421/1 437/420/1
f 428/409/1 394/16/1 393/422/1
f 429/423/1 428/409/1 393/422/1
f 393/422/1 392/424/1 429/423/1
f 430/425/1 429/423/1 392/424/1
f 392/424/1 391/426/1 430/425/1
f 431/427/1 430/425/1 391/426/1
f 391/426/1 390/428/1 431/427/1
f 390/428/1 389/429/1 431/427/1
f 432/430/1 431/427/1 389/429/1
f 389/429/1 388/412/1 432/430/1
f 388/412/1 433/414/1 432/430/1
f 437/420/1 384/421/1 438/54/1
f 384/421/1 383/27/1 438/54/1
f 439/431/1 438/54/1 383/27/1
f 383/27/1 382/432/1 439/431/1
f 440/433/1 439/431/1 382/432/1
f 382/432/1 381/434/1 440/433/1
f 381/434/1 380/435/1 440/433/1
f 441/436/1 440/433/1 380/435/1
f 380/435/1 379/437/1 441/436/1
f 442/410/1 441/436/1 379/437/1
f 378/411/1 442/410/1 379/437/1
f 425/394/1 397/393/1 396/404/1
f 396/404/1 426/403/1 425/394/1
f 376/396/1 445/395/1 444/408/1
f 444/408/1 377/407/1 376/396/1
f 513/438/1 512/439/1 509/440/1
f 512/439/1 511/441/1 509/440/1
f 510/442/1 509/440/1 511/441/1
f 506/443/1 505/374/1 516/381/1
f 506/443/1 516/381/1 507/444/1
f 516/381/1 515/445/1 507/444/1
f 508/446/1 507/444/1 515/445/1
f 515/445/1 514/447/1 508/446/1
f 509/440/1 508/446/1 514/447/1
f 513/438/1 509/440/1 514/447/1
f 545/448/1 544/449/1 474/450/1
f 546/451/1 545/448/1 474/450/1
f 474/450/1 473/452/1 546/451/1
f 547/453/1 546/451/1 473/452/1
f 473/452/1 472/416/1 547/453/1
f 548/454/1 547/453/1 472/416/1
f 472/416/1 471/455/1 548/454/1
f 549/417/1 548/454/1 471/455/1
f 501/456/1 519/457/1 502/458/1
f 499/459/1 521/460/1 500/461/1
f 521/460/1 520/462/1 500/461/1
f 497/463/1 522/464/1 498/465/1
f 557/466/1 463/467/1 462/468/1
f 521/460/1 499/459/1 498/465/1
f 498/465/1 522/464/1 521/460/1
f 556/469/1 464/470/1 463/467/1
f 463/467/1 557/466/1 556/469/1
f 500/461/1 520/462/1 501/456/1
f 519/457/1 501/456/1 520/462/1
f 540/471/1 477/472/1 541/473/1
f 476/474/1 541/473/1 477/472/1
f 554/475/1 466/476/1 465/477/1
f 555/478/1 554/475/1 465/477/1
f 465/477/1 464/470/1 555/478/1
f 464/470/1 556/469/1 555/478/1
f 502/458/1 519/457/1 503/479/1
f 519/457/1 518/480/1 503/479/1
f 504/481/1 503/479/1 518/480/1
f 518/480/1 517/482/1 504/481/1
f 505/374/1 504/481/1 517/482/1
f 516/381/1 505/374/1 517/482/1
f 541/473/1 476/474/1 542/483/1
f 543/484/1 542/483/1 476/474/1
f 476/474/1 475/485/1 543/484/1
f 544/449/1 543/484/1 475/485/1
f 474/450/1 544/449/1 475/485/1
f 549/417/1 471/455/1 470/486/1
f 550/487/1 549/417/1 470/486/1
f 470/486/1 469/488/1 550/487/1
f 551/489/1 550/487/1 469/488/1
f 469/488/1 468/490/1 551/489/1
f 552/491/1 551/489/1 468/490/1
f 468/490/1 467/492/1 552/491/1
f 553/493/1 552/491/1 467/492/1
f 467/492/1 466/476/1 553/493/1
f 466/476/1 554/475/1 553/493/1
f 460/494/1 558/495/1 461/437/1
f 459/496/1 560/410/1 559/497/1
f 458/498/1 561/499/1 459/496/1
f 560/410/1 459/496/1 561/499/1
f 524/500/1 523/501/1 496/502/1
f 459/496/1 559/497/1 460/494/1
f 558/495/1 460/494/1 559/497/1
f 562/503/1 457/504/1 563/505/1
f 524/500/1 496/502/1 495/506/1
f 525/507/1 524/500/1 495/506/1
f 495/506/1 494/382/1 525/507/1
f 494/382/1 526/508/1 525/507/1
f 479/509/1 538/409/1 480/510/1
f 457/504/1 562/503/1 458/498/1
f 561/499/1 458/498/1 562/503/1
f 450/75/1 571/80/1 570/511/1
f 451/512/1 450/75/1 570/511/1
f 489/513/1 488/514/1 531/515/1
f 532/516/1 531/515/1 488/514/1
f 488/514/1 487/517/1 532/516/1
f 533/518/1 532/516/1 487/517/1
f 487/517/1 486/519/1 533/518/1
f 534/520/1 533/518/1 486/519/1
f 486/519/1 485/521/1 534/520/1
f 535/522/1 534/520/1 485/521/1
f 485/521/1 484/523/1 535/522/1
f 484/523/1 483/422/1 535/522/1
f 451/512/1 570/511/1 452/524/1
f 453/525/1 452/524/1 570/511/1
f 570/511/1 569/526/1 453/525/1
f 569/526/1 568/527/1 453/525/1
f 454/528/1 453/525/1 568/527/1
f 567/529/1 454/528/1 568/527/1
f 526/508/1 494/382/1 493/530/1
f 527/385/1 526/508/1 493/530/1
f 493/530/1 492/531/1 527/385/1
f 528/532/1 527/385/1 492/531/1
f 492/531/1 491/533/1 528/532/1
f 529/534/1 528/532/1 491/533/1
f 491/533/1 490/535/1 529/534/1
f 530/536/1 529/534/1 490/535/1
f 490/535/1 489/513/1 530/536/1
f 489/513/1 531/515/1 530/536/1
f 535/522/1 483/422/1 536/537/1
f 483/422/1 482/538/1 536/537/1
f 537/539/1 536/537/1 482/538/1
f 482/538/1 481/540/1 537/539/1
f 538/409/1 537/539/1 481/540/1
f 480/510/1 538/409/1 481/540/1
f 454/528/1 567/529/1 455/541/1
f 567/529/1 566/542/1 455/541/1
f 566/542/1 565/543/1 455/541/1
f 456/544/1 455/541/1 565/543/1
f 565/543/1 564/545/1 456/544/1
f 457/504/1 456/544/1 564/545/1
f 563/505/1 457/504/1 564/545/1
f 496/502/1 523/501/1 497/463/1
f 522/464/1 497/463/1 523/501/1
f 538/409/1 479/509/1 539/546/1
f 479/509/1 478/547/1 539/546/1
f 540/471/1 539/546/1 478/547/1
f 477/472/1 540/471/1 478/547/1
f 557/466/1 462/468/1 461/437/1
f 461/437/1 558/495/1 557/466/1
f 593/1/1 592/2/1 622/3/1
f 622/3/1 621/4/1 593/1/1
f 594/5/1 593/1/1 621/4/1
f 621/4/1 620/6/1 594/5/1
f 595/7/1 594/5/1 620/6/1
f 620/6/1 669/8/1 595/7/1
f 596/9/1 595/7/1 669/8/1
f 597/10/1 596/9/1 669/8/1
f 669/8/1 668/11/1 597/10/1
f 598/12/1 597/10/1 668/11/1
f 668/11/1 667/13/1 598/12/1
f 599/14/1 598/12/1 667/13/1
f 667/13/1 666/15/1 599/14/1
f 600/16/1 599/14/1 666/15/1
f 629/17/1 584/18/1 630/19/1
f 657/20/1 607/21/1 658/22/1
f 584/18/1 629/17/1 585/23/1
f 628/24/1 585/23/1 629/17/1
f 606/25/1 659/26/1 658/22/1
f 658/22/1 607/21/1 606/25/1
f 585/23/1 628/24/1 586/27/1
f 627/28/1 586/27/1 628/24/1
f 661/29/1 660/30/1 604/31/1
f 605/32/1 604/31/1 660/30/1
f 660/30/1 659/26/1 605/32/1
f 659/26/1 606/25/1 605/32/1
f 586/27/1 627/28/1 587/33/1
f 627/28/1 626/34/1 587/33/1
f 588/35/1 587/33/1 626/34/1
f 626/34/1 625/36/1 588/35/1
f 589/37/1 588/35/1 625/36/1
f 590/38/1 589/37/1 625/36/1
f 625/36/1 624/39/1 590/38/1
f 591/40/1 590/38/1 624/39/1
f 624/39/1 623/41/1 591/40/1
f 592/2/1 591/40/1 623/41/1
f 622/3/1 592/2/1 623/41/1
f 600/16/1 666/15/1 665/42/1
f 601/43/1 600/16/1 665/42/1
f 665/42/1 664/44/1 601/43/1
f 602/45/1 601/43/1 664/44/1
f 664/44/1 663/46/1 602/45/1
f 663/46/1 662/47/1 602/45/1
f 603/48/1 602/45/1 662/47/1
f 662/47/1 661/29/1 603/48/1
f 661/29/1 604/31/1 603/48/1
f 631/49/1 582/50/1 632/51/1
f 655/52/1 608/53/1 656/54/1
f 632/51/1 582/50/1 581/55/1
f 581/55/1 633/56/1 632/51/1
f 654/57/1 609/58/1 655/52/1
f 608/53/1 655/52/1 609/58/1
f 635/59/1 579/60/1 578/61/1
f 578/61/1 636/62/1 635/59/1
f 633/56/1 581/55/1 580/63/1
f 634/64/1 633/56/1 580/63/1
f 580/63/1 579/60/1 634/64/1
f 579/60/1 635/59/1 634/64/1
f 654/57/1 653/65/1 610/66/1
f 609/58/1 654/57/1 610/66/1
f 575/67/1 574/68/1 638/69/1
f 574/68/1 639/70/1 638/69/1
f 643/71/1 645/72/1 644/73/1
f 641/74/1 572/75/1 645/72/1
f 642/76/1 641/74/1 645/72/1
f 645/72/1 643/71/1 642/76/1
f 639/70/1 574/68/1 573/77/1
f 640/78/1 639/70/1 573/77/1
f 573/77/1 572/75/1 640/78/1
f 572/75/1 641/74/1 640/78/1
f 619/79/1 670/80/1 620/6/1
f 619/79/1 618/81/1 670/80/1
f 618/81/1 617/82/1 670/80/1
f 646/83/1 670/80/1 617/82/1
f 617/82/1 616/84/1 646/83/1
f 636/62/1 578/61/1 577/85/1
f 577/85/1 576/86/1 636/62/1
f 637/87/1 636/62/1 576/86/1
f 576/86/1 575/67/1 637/87/1
f 575/67/1 638/69/1 637/87/1
f 646/83/1 616/84/1 647/88/1
f 648/89/1 647/88/1 616/84/1
f 616/84/1 615/90/1 648/89/1
f 649/91/1 648/89/1 615/90/1
f 615/90/1 614/92/1 649/91/1
f 650/93/1 649/91/1 614/92/1
f 614/92/1 613/94/1 650/93/1
f 651/95/1 650/93/1 613/94/1
f 613/94/1 612/96/1 651/95/1
f 652/97/1 651/95/1 612/96/1
f 612/96/1 611/98/1 652/97/1
f 653/65/1 652/97/1 611/98/1
f 610/66/1 653/65/1 611/98/1
f 582/50/1 631/49/1 583/99/1
f 584/18/1 583/99/1 631/49/1
f 630/19/1 584/18/1 631/49/1
f 669/8/1 620/6/1 670/80/1
f 607/21/1 657/20/1 656/54/1
f 656/54/1 608/53/1 607/21/1
f 724/548/1 723/46/1 722/549/1
f 725/550/1 724/548/1 722/549/1
f 722/549/1 727/80/1 725/550/1
f 727/80/1 722/549/1 721/551/1
f 721/551/1 720/552/1 727/80/1
f 671/75/1 727/80/1 720/552/1
f 720/552/1 719/54/1 671/75/1
f 719/54/1 718/553/1 671/75/1
f 718/553/1 672/554/1 671/75/1
f 712/555/1 711/76/1 679/27/1
f 711/76/1 680/556/1 679/27/1
f 675/60/1 715/91/1 714/557/1
f 676/558/1 675/60/1 714/557/1
f 714/557/1 713/559/1 676/558/1
f 677/560/1 676/558/1 713/559/1
f 678/561/1 677/560/1 713/559/1
f 713/559/1 712/555/1 678/561/1
f 712/555/1 679/27/1 678/561/1
f 672/554/1 718/553/1 717/562/1
f 673/563/1 672/554/1 717/562/1
f 717/562/1 716/564/1 673/563/1
f 674/565/1 673/563/1 716/564/1
f 716/564/1 715/91/1 674/565/1
f 715/91/1 675/60/1 674/565/1
f 725/550/1 727/80/1 726/566/1
f 707/59/1 684/567/1 708/568/1
f 683/1/1 708/568/1 684/567/1
f 708/568/1 683/1/1 709/569/1
f 682/570/1 709/569/1 683/1/1
f 706/571/1 685/572/1 707/59/1
f 684/567/1 707/59/1 685/572/1
f 696/573/1 695/92/1 697/574/1
f 698/575/1 697/574/1 695/92/1
f 695/92/1 694/576/1 698/575/1
f 699/4/1 698/575/1 694/576/1
f 700/577/1 699/4/1 694/576/1
f 694/576/1 693/578/1 700/577/1
f 700/577/1 693/578/1 701/579/1
f 693/578/1 692/580/1 701/579/1
f 702/581/1 701/579/1 692/580/1
f 692/580/1 691/21/1 702/581/1
f 703/24/1 702/581/1 691/21/1
f 691/21/1 690/582/1 703/24/1
f 690/582/1 689/583/1 703/24/1
f 704/584/1 703/24/1 689/583/1
f 689/583/1 688/585/1 704/584/1
f 705/586/1 704/584/1 688/585/1
f 688/585/1 687/16/1 705/586/1
f 706/571/1 705/586/1 687/16/1
f 687/16/1 686/587/1 706/571/1
f 685/572/1 706/571/1 686/587/1
f 680/556/1 711/76/1 710/588/1
f 681/589/1 680/556/1 710/588/1
f 710/588/1 709/569/1 681/589/1
f 709/569/1 682/570/1 681/589/1
f 733/76/1 732/24/1 731/92/1
f 735/80/1 734/54/1 728/75/1
f 731/92/1 730/16/1 729/27/1
f 729/27/1 728/75/1 731/92/1
f 733/76/1 731/92/1 728/75/1
f 728/75/1 734/54/1 733/76/1
f 810/590/1 809/591/1 807/592/1
f 808/593/1 807/592/1 809/591/1
f 801/594/1 815/595/1 802/596/1
f 815/595/1 814/597/1 802/596/1
f 803/598/1 802/596/1 814/597/1
f 803/598/1 814/597/1 804/599/1
f 814/597/1 813/600/1 804/599/1
f 805/601/1 804/599/1 813/600/1
f 813/600/1 812/24/1 805/601/1
f 806/602/1 805/601/1 812/24/1
f 812/24/1 811/603/1 806/602/1
f 807/592/1 806/602/1 811/603/1
f 810/590/1 807/592/1 811/603/1
f 845/604/1 844/605/1 759/606/1
f 759/606/1 758/607/1 845/604/1
f 846/608/1 845/604/1 758/607/1
f 747/609/1 856/610/1 748/611/1
f 819/612/1 796/613/1 820/614/1
f 796/613/1 819/612/1 797/615/1
f 818/616/1 797/615/1 819/612/1
f 749/617/1 748/611/1 855/618/1
f 748/611/1 856/610/1 855/618/1
f 797/615/1 818/616/1 798/619/1
f 799/620/1 798/619/1 818/616/1
f 817/621/1 799/620/1 818/616/1
f 768/622/1 767/623/1 838/624/1
f 751/625/1 750/626/1 854/627/1
f 750/626/1 749/617/1 854/627/1
f 749/617/1 855/618/1 854/627/1
f 799/620/1 817/621/1 800/628/1
f 817/621/1 816/629/1 800/628/1
f 801/594/1 800/628/1 816/629/1
f 815/595/1 801/594/1 816/629/1
f 838/624/1 767/623/1 839/630/1
f 767/623/1 766/631/1 839/630/1
f 766/631/1 765/632/1 839/630/1
f 840/633/1 839/630/1 765/632/1
f 765/632/1 764/634/1 840/633/1
f 841/635/1 840/633/1 764/634/1
f 764/634/1 763/636/1 841/635/1
f 763/636/1 762/637/1 841/635/1
f 842/638/1 841/635/1 762/637/1
f 762/637/1 761/639/1 842/638/1
f 843/640/1 842/638/1 761/639/1
f 761/639/1 760/641/1 843/640/1
f 844/605/1 843/640/1 760/641/1
f 759/606/1 844/605/1 760/641/1
f 846/608/1 758/607/1 757/642/1
f 847/643/1 846/608/1 757/642/1
f 757/642/1 756/644/1 847/643/1
f 848/645/1 847/643/1 756/644/1
f 849/646/1 848/645/1 756/644/1
f 756/644/1 755/27/1 849/646/1
f 850/54/1 849/646/1 755/27/1
f 755/27/1 754/647/1 850/54/1
f 851/648/1 850/54/1 754/647/1
f 754/647/1 753/649/1 851/648/1
f 852/650/1 851/648/1 753/649/1
f 753/649/1 752/651/1 852/650/1
f 853/652/1 852/650/1 752/651/1
f 752/651/1 751/625/1 853/652/1
f 751/625/1 854/627/1 853/652/1
f 821/653/1 795/654/1 794/655/1
f 822/656/1 821/653/1 794/655/1
f 794/655/1 823/657/1 822/656/1
f 744/658/1 859/659/1 745/660/1
f 859/659/1 858/661/1 745/660/1
f 746/662/1 745/660/1 858/661/1
f 857/663/1 746/662/1 858/661/1
f 823/657/1 794/655/1 793/92/1
f 824/664/1 823/657/1 793/92/1
f 770/665/1 836/666/1 771/667/1
f 743/668/1 861/669/1 744/658/1
f 861/669/1 860/670/1 744/658/1
f 859/659/1 744/658/1 860/670/1
f 740/671/1 739/672/1 866/673/1
f 866/673/1 865/674/1 740/671/1
f 869/80/1 868/675/1 736/75/1
f 736/75/1 868/675/1 737/676/1
f 738/677/1 737/676/1 868/675/1
f 868/675/1 867/678/1 738/677/1
f 739/672/1 738/677/1 867/678/1
f 866/673/1 739/672/1 867/678/1
f 824/664/1 793/92/1 792/679/1
f 825/680/1 824/664/1 792/679/1
f 792/679/1 791/681/1 825/680/1
f 826/682/1 825/680/1 791/681/1
f 791/681/1 790/683/1 826/682/1
f 827/684/1 826/682/1 790/683/1
f 790/683/1 789/685/1 827/684/1
f 828/686/1 827/684/1 789/685/1
f 789/685/1 788/687/1 828/686/1
f 829/688/1 828/686/1 788/687/1
f 788/687/1 787/689/1 829/688/1
f 787/689/1 786/690/1 829/688/1
f 830/691/1 829/688/1 786/690/1
f 786/690/1 785/692/1 830/691/1
f 831/76/1 830/691/1 785/692/1
f 785/692/1 784/693/1 831/76/1
f 832/694/1 831/76/1 784/693/1
f 784/693/1 783/695/1 832/694/1
f 783/695/1 782/696/1 832/694/1
f 782/696/1 781/697/1 832/694/1
f 781/697/1 780/698/1 832/694/1
f 833/699/1 832/694/1 780/698/1
f 780/698/1 779/700/1 833/699/1
f 779/700/1 778/701/1 833/699/1
f 778/701/1 777/702/1 833/699/1
f 777/702/1 776/703/1 833/699/1
f 776/703/1 775/704/1 833/699/1
f 834/705/1 833/699/1 775/704/1
f 775/704/1 774/16/1 834/705/1
f 774/16/1 773/706/1 834/705/1
f 835/707/1 834/705/1 773/706/1
f 773/706/1 772/708/1 835/707/1
f 836/666/1 835/707/1 772/708/1
f 771/667/1 836/666/1 772/708/1
f 740/671/1 865/674/1 741/709/1
f 865/674/1 864/710/1 741/709/1
f 864/710/1 863/711/1 741/709/1
f 742/712/1 741/709/1 863/711/1
f 863/711/1 862/713/1 742/712/1
f 743/668/1 742/712/1 862/713/1
f 861/669/1 743/668/1 862/713/1
f 820/614/1 796/613/1 795/654/1
f 795/654/1 821/653/1 820/614/1
f 836/666/1 770/665/1 837/714/1
f 770/665/1 769/715/1 837/714/1
f 838/624/1 837/714/1 769/715/1
f 768/622/1 838/624/1 769/715/1
f 746/662/1 857/663/1 747/609/1
f 856/610/1 747/609/1 857/663/1
f 944/590/1 943/591/1 941/592/1
f 942/593/1 941/592/1 943/591/1
f 935/594/1 949/595/1 936/596/1
f 949/595/1 948/597/1 936/596/1
f 937/598/1 936/596/1 948/597/1
f 937/598/1 948/597/1 938/599/1
f 948/597/1 947/600/1 938/599/1
f 939/601/1 938/599/1 947/600/1
f 947/600/1 946/24/1 939/601/1
f 940/602/1 939/601/1 946/24/1
f 946/24/1 945/603/1 940/602/1
f 941/592/1 940/602/1 945/603/1
f 944/590/1 941/592/1 945/603/1
f 979/604/1 978/605/1 893/606/1
f 893/606/1 892/607/1 979/604/1
f 980/608/1 979/604/1 892/607/1
f 881/609/1 990/610/1 882/611/1
f 953/612/1 930/613/1 954/614/1
f 930/613/1 953/612/1 931/615/1
f 952/616/1 931/615/1 953/612/1
f 883/617/1 882/611/1 989/618/1
f 882/611/1 990/610/1 989/618/1
f 931/615/1 952/616/1 932/619/1
f 933/620/1 932/619/1 952/616/1
f 951/621/1 933/620/1 952/616/1
f 902/622/1 901/623/1 972/624/1
f 885/625/1 884/626/1 988/627/1
f 884/626/1 883/617/1 988/627/1
f 883/617/1 989/618/1 988/627/1
f 933/620/1 951/621/1 934/628/1
f 951/621/1 950/629/1 934/628/1
f 935/594/1 934/628/1 950/629/1
f 949/595/1 935/594/1 950/629/1
f 972/624/1 901/623/1 973/630/1
f 901/623/1 900/631/1 973/630/1
f 900/631/1 899/632/1 973/630/1
f 974/633/1 973/630/1 899/632/1
f 899/632/1 898/634/1 974/633/1
f 975/635/1 974/633/1 898/634/1
f 898/634/1 897/636/1 975/635/1
f 897/636/1 896/637/1 975/635/1
f 976/638/1 975/635/1 896/637/1
f 896/637/1 895/639/1 976/638/1
f 977/640/1 976/638/1 895/639/1
f 895/639/1 894/641/1 977/640/1
f 978/605/1 977/640/1 894/641/1
f 893/606/1 978/605/1 894/641/1
f 980/608/1 892/607/1 891/642/1
f 981/643/1 980/608/1 891/642/1
f 891/642/1 890/644/1 981/643/1
f 982/645/1 981/643/1 890/644/1
f 983/646/1 982/645/1 890/644/1
f 890/644/1 889/27/1 983/646/1
f 984/54/1 983/646/1 889/27/1
f 889/27/1 888/647/1 984/54/1
f 985/648/1 984/54/1 888/647/1
f 888/647/1 887/649/1 985/648/1
f 986/650/1 985/648/1 887/649/1
f 887/649/1 886/651/1 986/650/1
f 987/652/1 986/650/1 886/651/1
f 886/651/1 885/625/1 987/652/1
f 885/625/1 988/627/1 987/652/1
f 955/653/1 929/654/1 928/655/1
f 956/656/1 955/653/1 928/655/1
f 928/655/1 957/657/1 956/656/1
f 878/658/1 993/659/1 879/660/1
f 993/659/1 992/661/1 879/660/1
f 880/662/1 879/660/1 992/661/1
f 991/663/1 880/662/1 992/661/1
f 957/657/1 928/655/1 927/92/1
f 958/664/1 957/657/1 927/92/1
f 904/665/1 970/666/1 905/667/1
f 877/668/1 995/669/1 878/658/1
f 995/669/1 994/670/1 878/658/1
f 993/659/1 878/658/1 994/670/1
f 874/671/1 873/672/1 1000/673/1
f 1000/673/1 999/674/1 874/671/1
f 1003/80/1 1002/675/1 870/75/1
f 870/75/1 1002/675/1 871/676/1
f 872/677/1 871/676/1 1002/675/1
f 1002/675/1 1001/678/1 872/677/1
f 873/672/1 872/677/1 1001/678/1
f 1000/673/1 873/672/1 1001/678/1
f 958/664/1 927/92/1 926/679/1
f 959/680/1 958/664/1 926/679/1
f 926/679/1 925/681/1 959/680/1
f 960/682/1 959/680/1 925/681/1
f 925/681/1 924/683/1 960/682/1
f 961/684/1 960/682/1 924/683/1
f 924/683/1 923/685/1 961/684/1
f 962/686/1 961/684/1 923/685/1
f 923/685/1 922/687/1 962/686/1
f 963/688/1 962/686/1 922/687/1
f 922/687/1 921/689/1 963/688/1
f 921/689/1 920/690/1 963/688/1
f 964/691/1 963/688/1 920/690/1
f 920/690/1 919/692/1 964/691/1
f 965/76/1 964/691/1 919/692/1
f 919/692/1 918/693/1 965/76/1
f 966/694/1 965/76/1 918/693/1
f 918/693/1 917/695/1 966/694/1
f 917/695/1 916/696/1 966/694/1
f 916/696/1 915/697/1 966/694/1
f 915/697/1 914/698/1 966/694/1
f 967/699/1 966/694/1 914/698/1
f 914/698/1 913/700/1 967/699/1
f 913/700/1 912/701/1 967/699/1
f 912/701/1 911/702/1 967/699/1
f 911/702/1 910/703/1 967/699/1
f 910/703/1 909/704/1 967/699/1
f 968/705/1 967/699/1 909/704/1
f 909/704/1 908/16/1 968/705/1
f 908/16/1 907/706/1 968/705/1
f 969/707/1 968/705/1 907/706/1
f 907/706/1 906/708/1 969/707/1
f 970/666/1 969/707/1 906/708/1
f 905/667/1 970/666/1 906/708/1
f 874/671/1 999/674/1 875/709/1
f 999/674/1 998/710/1 875/709/1
f 998/710/1 997/711/1 875/709/1
f 876/712/1 875/709/1 997/711/1
f 997/711/1 996/713/1 876/712/1
f 877/668/1 876/712/1 996/713/1
f 995/669/1 877/668/1 996/713/1
f 954/614/1 930/613/1 929/654/1
f 929/654/1 955/653/1 954/614/1
f 970/666/1 904/665/1 971/714/1
f 904/665/1 903/715/1 971/714/1
f 972/624/1 971/714/1 903/715/1
f 902/622/1 972/624/1 903/715/1
f 880/662/1 991/663/1 881/609/1
f 990/610/1 881/609/1 991/663/1
f 1023/716/1 1022/717/1 1055/718/1
f 1055/718/1 1054/602/1 1023/716/1
f 1024/634/1 1023/716/1 1054/602/1
f 1054/602/1 1053/719/1 1024/634/1
f 1025/720/1 1024/634/1 1053/719/1
f 1026/721/1 1025/720/1 1053/719/1
f 1053/719/1 1052/722/1 1026/721/1
f 1027/723/1 1026/721/1 1052/722/1
f 1052/722/1 1099/80/1 1027/723/1
f 1028/724/1 1027/723/1 1099/80/1
f 1099/80/1 1098/725/1 1028/724/1
f 1029/667/1 1028/724/1 1098/725/1
f 1098/725/1 1097/726/1 1029/667/1
f 1030/727/1 1029/667/1 1097/726/1
f 1097/726/1 1096/728/1 1030/727/1
f 1031/729/1 1030/727/1 1096/728/1
f 1096/728/1 1095/730/1 1031/729/1
f 1032/731/1 1031/729/1 1095/730/1
f 1018/732/1 1059/600/1 1019/642/1
f 1059/600/1 1058/733/1 1019/642/1
f 1092/734/1 1091/735/1 1035/736/1
f 1091/735/1 1036/737/1 1035/736/1
f 1060/738/1 1017/739/1 1061/740/1
f 1090/741/1 1089/618/1 1037/742/1
f 1061/740/1 1017/739/1 1016/743/1
f 1016/743/1 1062/744/1 1061/740/1
f 1088/745/1 1038/746/1 1089/618/1
f 1037/742/1 1089/618/1 1038/746/1
f 1017/739/1 1060/738/1 1018/732/1
f 1059/600/1 1018/732/1 1060/738/1
f 1036/737/1 1091/735/1 1090/741/1
f 1090/741/1 1037/742/1 1036/737/1
f 1019/642/1 1058/733/1 1020/747/1
f 1058/733/1 1057/748/1 1020/747/1
f 1021/749/1 1020/747/1 1057/748/1
f 1057/748/1 1056/750/1 1021/749/1
f 1022/717/1 1021/749/1 1056/750/1
f 1055/718/1 1022/717/1 1056/750/1
f 1032/731/1 1095/730/1 1094/713/1
f 1033/751/1 1032/731/1 1094/713/1
f 1094/713/1 1093/752/1 1033/751/1
f 1034/701/1 1033/751/1 1093/752/1
f 1093/752/1 1092/734/1 1034/701/1
f 1092/734/1 1035/736/1 1034/701/1
f 1014/626/1 1064/614/1 1015/753/1
f 1039/692/1 1086/754/1 1040/755/1
f 1013/756/1 1066/757/1 1065/758/1
f 1085/759/1 1084/645/1 1041/760/1
f 1013/756/1 1065/758/1 1014/626/1
f 1064/614/1 1014/626/1 1065/758/1
f 1040/755/1 1086/754/1 1085/759/1
f 1085/759/1 1041/760/1 1040/755/1
f 1067/761/1 1012/762/1 1011/763/1
f 1068/764/1 1067/761/1 1011/763/1
f 1083/765/1 1082/766/1 1043/767/1
f 1042/768/1 1083/765/1 1043/767/1
f 1066/757/1 1013/756/1 1012/762/1
f 1012/762/1 1067/761/1 1066/757/1
f 1083/765/1 1042/768/1 1084/645/1
f 1041/760/1 1084/645/1 1042/768/1
f 1008/769/1 1007/770/1 1071/771/1
f 1072/772/1 1071/771/1 1007/770/1
f 1007/770/1 1006/773/1 1072/772/1
f 1073/774/1 1072/772/1 1006/773/1
f 1006/773/1 1005/775/1 1073/774/1
f 1074/705/1 1073/774/1 1005/775/1
f 1005/775/1 1004/75/1 1074/705/1
f 1075/776/1 1074/705/1 1004/75/1
f 1004/75/1 1051/777/1 1075/776/1
f 1076/778/1 1075/776/1 1051/777/1
f 1051/777/1 1050/779/1 1076/778/1
f 1077/780/1 1076/778/1 1050/779/1
f 1050/779/1 1049/620/1 1077/780/1
f 1049/620/1 1048/781/1 1077/780/1
f 1078/782/1 1077/780/1 1048/781/1
f 1048/781/1 1047/783/1 1078/782/1
f 1079/635/1 1078/782/1 1047/783/1
f 1047/783/1 1046/784/1 1079/635/1
f 1068/764/1 1011/763/1 1010/785/1
f 1069/684/1 1068/764/1 1010/785/1
f 1010/785/1 1009/668/1 1069/684/1
f 1070/786/1 1069/684/1 1009/668/1
f 1009/668/1 1008/769/1 1070/786/1
f 1008/769/1 1071/771/1 1070/786/1
f 1079/635/1 1046/784/1 1080/787/1
f 1046/784/1 1045/788/1 1080/787/1
f 1081/789/1 1080/787/1 1045/788/1
f 1045/788/1 1044/679/1 1081/789/1
f 1082/766/1 1081/789/1 1044/679/1
f 1043/767/1 1082/766/1 1044/679/1
f 1062/744/1 1016/743/1 1015/753/1
f 1063/790/1 1062/744/1 1015/753/1
f 1015/753/1 1064/614/1 1063/790/1
f 1086/754/1 1039/692/1 1087/791/1
f 1088/745/1 1087/791/1 1039/692/1
f 1038/746/1 1088/745/1 1039/692/1
f 1152/792/1 1151/793/1 1150/794/1
f 1153/795/1 1152/792/1 1150/794/1
f 1153/795/1 1150/794/1 1149/796/1
f 1149/796/1 1148/797/1 1153/795/1
f 1100/75/1 1153/795/1 1148/797/1
f 1148/797/1 1147/798/1 1100/75/1
f 1147/798/1 1146/799/1 1100/75/1
f 1146/799/1 1145/800/1 1100/75/1
f 1145/800/1 1101/801/1 1100/75/1
f 1153/795/1 1100/75/1 1154/80/1
f 1143/802/1 1142/803/1 1103/804/1
f 1104/805/1 1103/804/1 1142/803/1
f 1108/806/1 1107/807/1 1139/808/1
f 1104/805/1 1142/803/1 1141/809/1
f 1105/810/1 1104/805/1 1141/809/1
f 1141/809/1 1140/811/1 1105/810/1
f 1106/812/1 1105/810/1 1140/811/1
f 1140/811/1 1139/808/1 1106/812/1
f 1139/808/1 1107/807/1 1106/812/1
f 1101/801/1 1145/800/1 1144/813/1
f 1102/814/1 1101/801/1 1144/813/1
f 1144/813/1 1143/802/1 1102/814/1
f 1143/802/1 1103/804/1 1102/814/1
f 1112/815/1 1136/816/1 1113/817/1
f 1136/816/1 1112/815/1 1137/818/1
f 1111/819/1 1137/818/1 1112/815/1
f 1134/820/1 1116/821/1 1135/822/1
f 1116/821/1 1115/823/1 1135/822/1
f 1115/823/1 1114/824/1 1135/822/1
f 1136/816/1 1135/822/1 1114/824/1
f 1113/817/1 1136/816/1 1114/824/1
f 1126/825/1 1125/826/1 1127/4/1
f 1128/827/1 1127/4/1 1125/826/1
f 1125/826/1 1124/828/1 1128/827/1
f 1129/829/1 1128/827/1 1124/828/1
f 1124/828/1 1123/830/1 1129/829/1
f 1130/831/1 1129/829/1 1123/830/1
f 1123/830/1 1122/832/1 1130/831/1
f 1130/831/1 1122/832/1 1131/833/1
f 1122/832/1 1121/834/1 1131/833/1
f 1121/834/1 1120/835/1 1131/833/1
f 1132/836/1 1131/833/1 1120/835/1
f 1120/835/1 1119/837/1 1132/836/1
f 1133/838/1 1132/836/1 1119/837/1
f 1119/837/1 1118/839/1 1133/838/1
f 1118/839/1 1117/840/1 1133/838/1
f 1134/820/1 1133/838/1 1117/840/1
f 1116/821/1 1134/820/1 1117/840/1
f 1108/806/1 1139/808/1 1138/841/1
f 1109/842/1 1108/806/1 1138/841/1
f 1110/843/1 1109/842/1 1138/841/1
f 1138/841/1 1137/818/1 1110/843/1
f 1137/818/1 1111/819/1 1110/843/1
f 1223/142/1 1222/140/1 1182/141/1
f 1182/141/1 1181/102/1 1223/142/1
f 1224/101/1 1223/142/1 1181/102/1
f 1181/102/1 1180/103/1 1224/101/1
f 1225/100/1 1224/101/1 1180/103/1
f 1180/103/1 1179/105/1 1225/100/1
f 1226/104/1 1225/100/1 1179/105/1
f 1227/106/1 1226/104/1 1179/105/1
f 1179/105/1 1178/107/1 1227/106/1
f 1228/108/1 1227/106/1 1178/107/1
f 1178/107/1 1177/109/1 1228/108/1
f 1229/110/1 1228/108/1 1177/109/1
f 1177/109/1 1176/111/1 1229/110/1
f 1230/112/1 1229/110/1 1176/111/1
f 1176/111/1 1175/113/1 1230/112/1
f 1231/115/1 1230/112/1 1175/113/1
f 1175/113/1 1174/114/1 1231/115/1
f 1232/116/1 1231/115/1 1174/114/1
f 1218/128/1 1186/129/1 1219/130/1
f 1186/129/1 1185/131/1 1219/130/1
f 1171/147/1 1170/133/1 1235/148/1
f 1170/133/1 1236/132/1 1235/148/1
f 1187/125/1 1217/124/1 1188/120/1
f 1168/127/1 1237/135/1 1169/134/1
f 1215/117/1 1189/118/1 1216/119/1
f 1166/121/1 1239/122/1 1167/123/1
f 1238/126/1 1167/123/1 1239/122/1
f 1188/120/1 1217/124/1 1216/119/1
f 1216/119/1 1189/118/1 1188/120/1
f 1167/123/1 1238/126/1 1168/127/1
f 1237/135/1 1168/127/1 1238/126/1
f 1217/124/1 1187/125/1 1218/128/1
f 1186/129/1 1218/128/1 1187/125/1
f 1236/132/1 1170/133/1 1169/134/1
f 1169/134/1 1237/135/1 1236/132/1
f 1219/130/1 1185/131/1 1220/136/1
f 1185/131/1 1184/137/1 1220/136/1
f 1221/138/1 1220/136/1 1184/137/1
f 1184/137/1 1183/139/1 1221/138/1
f 1222/140/1 1221/138/1 1183/139/1
f 1182/141/1 1222/140/1 1183/139/1
f 1232/116/1 1174/114/1 1173/143/1
f 1233/144/1 1232/116/1 1173/143/1
f 1173/143/1 1172/145/1 1233/144/1
f 1234/146/1 1233/144/1 1172/145/1
f 1172/145/1 1171/147/1 1234/146/1
f 1171/147/1 1235/148/1 1234/146/1
f 1214/158/1 1191/153/1 1190/157/1
f 1240/152/1 1165/151/1 1241/150/1
f 1163/159/1 1242/160/1 1164/149/1
f 1191/153/1 1214/158/1 1213/154/1
f 1213/154/1 1192/156/1 1191/153/1
f 1241/150/1 1165/151/1 1164/149/1
f 1164/149/1 1242/160/1 1241/150/1
f 1194/164/1 1211/162/1 1210/163/1
f 1210/163/1 1195/190/1 1194/164/1
f 1161/166/1 1245/167/1 1162/165/1
f 1244/168/1 1162/165/1 1245/167/1
f 1192/156/1 1213/154/1 1212/155/1
f 1193/161/1 1192/156/1 1212/155/1
f 1212/155/1 1211/162/1 1193/161/1
f 1211/162/1 1194/164/1 1193/161/1
f 1162/165/1 1244/168/1 1163/159/1
f 1244/168/1 1243/169/1 1163/159/1
f 1242/160/1 1163/159/1 1243/169/1
f 1158/187/1 1248/192/1 1159/191/1
f 1247/194/1 1159/191/1 1248/192/1
f 1203/174/1 1202/175/1 1201/176/1
f 1252/80/1 1251/180/1 1155/75/1
f 1203/174/1 1201/176/1 1200/179/1
f 1155/75/1 1251/180/1 1156/184/1
f 1250/186/1 1156/184/1 1251/180/1
f 1197/173/1 1207/171/1 1206/181/1
f 1198/182/1 1197/173/1 1206/181/1
f 1206/181/1 1205/183/1 1198/182/1
f 1199/178/1 1198/182/1 1205/183/1
f 1205/183/1 1204/177/1 1199/178/1
f 1204/177/1 1203/174/1 1199/178/1
f 1203/174/1 1200/179/1 1199/178/1
f 1156/184/1 1250/186/1 1157/185/1
f 1250/186/1 1249/188/1 1157/185/1
f 1158/187/1 1157/185/1 1249/188/1
f 1248/192/1 1158/187/1 1249/188/1
f 1195/190/1 1210/163/1 1209/189/1
f 1196/172/1 1195/190/1 1209/189/1
f 1209/189/1 1208/170/1 1196/172/1
f 1208/170/1 1207/171/1 1196/172/1
f 1207/171/1 1197/173/1 1196/172/1
f 1159/191/1 1247/194/1 1160/193/1
f 1247/194/1 1246/195/1 1160/193/1
f 1161/166/1 1160/193/1 1246/195/1
f 1245/167/1 1161/166/1 1246/195/1
f 1214/158/1 1190/157/1 1215/117/1
f 1189/118/1 1215/117/1 1190/157/1
f 1165/151/1 1240/152/1 1166/121/1
f 1239/122/1 1166/121/1 1240/152/1
f 1274/1/2 1303/3/2 1273/2/2
f 1303/3/2 1274/1/2 1302/4/2
f 1275/5/2 1302/4/2 1274/1/2
f 1302/4/2 1275/5/2 1301/6/2
f 1276/7/2 1301/6/2 1275/5/2
f 1301/6/2 1276/7/2 1350/8/2
f 1277/9/2 1350/8/2 1276/7/2
f 1278/10/2 1350/8/2 1277/9/2
f 1350/8/2 1278/10/2 1349/11/2
f 1279/12/2 1349/11/2 1278/10/2
f 1349/11/2 1279/12/2 1348/13/2
f 1280/14/2 1348/13/2 1279/12/2
f 1348/13/2 1280/14/2 1347/15/2
f 1281/16/2 1347/15/2 1280/14/2
f 1310/17/2 1311/19/2 1265/18/2
f 1338/20/2 1339/22/2 1288/21/2
f 1265/18/2 1266/23/2 1310/17/2
f 1309/24/2 1310/17/2 1266/23/2
f 1287/25/2 1339/22/2 1340/26/2
f 1339/22/2 1287/25/2 1288/21/2
f 1266/23/2 1267/27/2 1309/24/2
f 1308/28/2 1309/24/2 1267/27/2
f 1342/29/2 1285/31/2 1341/30/2
f 1286/32/2 1341/30/2 1285/31/2
f 1341/30/2 1286/32/2 1340/26/2
f 1340/26/2 1286/32/2 1287/25/2
f 1267/27/2 1268/33/2 1308/28/2
f 1308/28/2 1268/33/2 1307/34/2
f 1269/35/2 1307/34/2 1268/33/2
f 1307/34/2 1269/35/2 1306/36/2
f 1270/37/2 1306/36/2 1269/35/2
f 1271/38/2 1306/36/2 1270/37/2
f 1306/36/2 1271/38/2 1305/39/2
f 1272/40/2 1305/39/2 1271/38/2
f 1305/39/2 1272/40/2 1304/41/2
f 1273/2/2 1304/41/2 1272/40/2
f 1303/3/2 1304/41/2 1273/2/2
f 1281/16/2 1346/42/2 1347/15/2
f 1282/43/2 1346/42/2 1281/16/2
f 1346/42/2 1282/43/2 1345/44/2
f 1283/45/2 1345/44/2 1282/43/2
f 1345/44/2 1283/45/2 1344/46/2
f 1344/46/2 1283/45/2 1343/47/2
f 1284/48/2 1343/47/2 1283/45/2
f 1343/47/2 1284/48/2 1342/29/2
f 1342/29/2 1284/48/2 1285/31/2
f 1312/49/2 1313/51/2 1263/50/2
f 1336/52/2 1337/54/2 1289/53/2
f 1313/51/2 1262/55/2 1263/50/2
f 1262/55/2 1313/51/2 1314/56/2
f 1335/57/2 1336/52/2 1290/58/2
f 1289/53/2 1290/58/2 1336/52/2
f 1316/59/2 1259/61/2 1260/60/2
f 1259/61/2 1316/59/2 1317/62/2
f 1314/56/2 1261/63/2 1262/55/2
f 1315/64/2 1261/63/2 1314/56/2
f 1261/63/2 1315/64/2 1260/60/2
f 1260/60/2 1315/64/2 1316/59/2
f 1335/57/2 1291/66/2 1334/65/2
f 1290/58/2 1291/66/2 1335/57/2
f 1256/67/2 1319/69/2 1255/68/2
f 1255/68/2 1319/69/2 1320/70/2
f 1324/71/2 1325/73/2 1326/72/2
f 1322/74/2 1326/72/2 1253/75/2
f 1323/76/2 1326/72/2 1322/74/2
f 1326/72/2 1323/76/2 1324/71/2
f 1320/70/2 1254/77/2 1255/68/2
f 1321/78/2 1254/77/2 1320/70/2
f 1254/77/2 1321/78/2 1253/75/2
f 1253/75/2 1321/78/2 1322/74/2
f 1300/79/2 1301/6/2 1351/80/2
f 1300/79/2 1351/80/2 1299/81/2
f 1299/81/2 1351/80/2 1298/82/2
f 1327/83/2 1298/82/2 1351/80/2
f 1298/82/2 1327/83/2 1297/84/2
f 1317/62/2 1258/85/2 1259/61/2
f 1258/85/2 1317/62/2 1257/86/2
f 1318/87/2 1257/86/2 1317/62/2
f 1257/86/2 1318/87/2 1256/67/2
f 1256/67/2 1318/87/2 1319/69/2
f 1327/83/2 1328/88/2 1297/84/2
f 1329/89/2 1297/84/2 1328/88/2
f 1297/84/2 1329/89/2 1296/90/2
f 1330/91/2 1296/90/2 1329/89/2
f 1296/90/2 1330/91/2 1295/92/2
f 1331/93/2 1295/92/2 1330/91/2
f 1295/92/2 1331/93/2 1294/94/2
f 1332/95/2 1294/94/2 1331/93/2
f 1294/94/2 1332/95/2 1293/96/2
f 1333/97/2 1293/96/2 1332/95/2
f 1293/96/2 1333/97/2 1292/98/2
f 1334/65/2 1292/98/2 1333/97/2
f 1291/66/2 1292/98/2 1334/65/2
f 1263/50/2 1264/99/2 1312/49/2
f 1265/18/2 1312/49/2 1264/99/2
f 1311/19/2 1312/49/2 1265/18/2
f 1350/8/2 1351/80/2 1301/6/2
f 1288/21/2 1337/54/2 1338/20/2
f 1337/54/2 1288/21/2 1289/53/2
f 1422/100/2 1378/102/2 1421/101/2
f 1378/102/2 1422/100/2 1377/103/2
f 1423/104/2 1377/103/2 1422/100/2
f 1377/103/2 1423/104/2 1376/105/2
f 1424/106/2 1376/105/2 1423/104/2
f 1376/105/2 1424/106/2 1375/107/2
f 1425/108/2 1375/107/2 1424/106/2
f 1375/107/2 1425/108/2 1374/109/2
f 1426/110/2 1374/109/2 1425/108/2
f 1374/109/2 1426/110/2 1373/111/2
f 1427/112/2 1373/111/2 1426/110/2
f 1373/111/2 1427/112/2 1372/113/2
f 1372/113/2 1427/112/2 1371/114/2
f 1428/115/2 1371/114/2 1427/112/2
f 1429/116/2 1371/114/2 1428/115/2
f 1412/117/2 1413/119/2 1386/118/2
f 1385/120/2 1386/118/2 1413/119/2
f 1363/121/2 1364/123/2 1436/122/2
f 1413/119/2 1414/124/2 1385/120/2
f 1384/125/2 1385/120/2 1414/124/2
f 1435/126/2 1364/123/2 1365/127/2
f 1364/123/2 1435/126/2 1436/122/2
f 1414/124/2 1415/128/2 1384/125/2
f 1384/125/2 1415/128/2 1383/129/2
f 1416/130/2 1383/129/2 1415/128/2
f 1382/131/2 1383/129/2 1416/130/2
f 1433/132/2 1366/134/2 1367/133/2
f 1434/135/2 1366/134/2 1433/132/2
f 1366/134/2 1434/135/2 1365/127/2
f 1365/127/2 1434/135/2 1435/126/2
f 1416/130/2 1417/136/2 1382/131/2
f 1382/131/2 1417/136/2 1381/137/2
f 1418/138/2 1381/137/2 1417/136/2
f 1381/137/2 1418/138/2 1380/139/2
f 1419/140/2 1380/139/2 1418/138/2
f 1380/139/2 1419/140/2 1379/141/2
f 1420/142/2 1379/141/2 1419/140/2
f 1421/101/2 1379/141/2 1420/142/2
f 1378/102/2 1379/141/2 1421/101/2
f 1429/116/2 1370/143/2 1371/114/2
f 1430/144/2 1370/143/2 1429/116/2
f 1370/143/2 1430/144/2 1369/145/2
f 1431/146/2 1369/145/2 1430/144/2
f 1369/145/2 1431/146/2 1368/147/2
f 1432/148/2 1368/147/2 1431/146/2
f 1368/147/2 1432/148/2 1367/133/2
f 1367/133/2 1432/148/2 1433/132/2
f 1361/149/2 1362/151/2 1438/150/2
f 1437/152/2 1438/150/2 1362/151/2
f 1388/153/2 1409/155/2 1410/154/2
f 1409/155/2 1388/153/2 1389/156/2
f 1387/157/2 1410/154/2 1411/158/2
f 1410/154/2 1387/157/2 1388/153/2
f 1360/159/2 1361/149/2 1439/160/2
f 1438/150/2 1439/160/2 1361/149/2
f 1390/161/2 1407/163/2 1408/162/2
f 1407/163/2 1390/161/2 1391/164/2
f 1359/165/2 1442/167/2 1358/166/2
f 1441/168/2 1442/167/2 1359/165/2
f 1389/156/2 1408/162/2 1409/155/2
f 1408/162/2 1389/156/2 1390/161/2
f 1359/165/2 1360/159/2 1441/168/2
f 1441/168/2 1360/159/2 1440/169/2
f 1439/160/2 1440/169/2 1360/159/2
f 1405/170/2 1393/172/2 1404/171/2
f 1394/173/2 1404/171/2 1393/172/2
f 1400/174/2 1398/176/2 1399/175/2
f 1401/177/2 1396/178/2 1400/174/2
f 1397/179/2 1400/174/2 1396/178/2
f 1400/174/2 1397/179/2 1398/176/2
f 1449/80/2 1352/75/2 1448/180/2
f 1394/173/2 1403/181/2 1404/171/2
f 1395/182/2 1403/181/2 1394/173/2
f 1403/181/2 1395/182/2 1402/183/2
f 1402/183/2 1395/182/2 1401/177/2
f 1401/177/2 1395/182/2 1396/178/2
f 1352/75/2 1353/184/2 1448/180/2
f 1354/185/2 1448/180/2 1353/184/2
f 1448/180/2 1354/185/2 1447/186/2
f 1355/187/2 1447/186/2 1354/185/2
f 1447/186/2 1355/187/2 1446/188/2
f 1391/164/2 1406/189/2 1407/163/2
f 1392/190/2 1406/189/2 1391/164/2
f 1406/189/2 1392/190/2 1405/170/2
f 1405/170/2 1392/190/2 1393/172/2
f 1355/187/2 1356/191/2 1446/188/2
f 1446/188/2 1356/191/2 1445/192/2
f 1357/193/2 1445/192/2 1356/191/2
f 1445/192/2 1357/193/2 1444/194/2
f 1444/194/2 1357/193/2 1443/195/2
f 1358/166/2 1443/195/2 1357/193/2
f 1442/167/2 1443/195/2 1358/166/2
f 1411/158/2 1412/117/2 1387/157/2
f 1386/118/2 1387/157/2 1412/117/2
f 1362/151/2 1363/121/2 1437/152/2
f 1436/122/2 1437/152/2 1363/121/2
f 1536/196/2 1534/198/2 1535/197/2
f 1534/198/2 1536/196/2 1533/199/2
f 1533/199/2 1536/196/2 1532/200/2
f 1540/201/2 1528/203/2 1529/202/2
f 1541/204/2 1528/203/2 1540/201/2
f 1494/205/2 1601/207/2 1493/206/2
f 1495/208/2 1601/207/2 1494/205/2
f 1601/207/2 1495/208/2 1600/209/2
f 1496/210/2 1600/209/2 1495/208/2
f 1600/209/2 1496/210/2 1599/211/2
f 1497/212/2 1599/211/2 1496/210/2
f 1498/213/2 1599/211/2 1497/212/2
f 1599/211/2 1498/213/2 1598/214/2
f 1499/215/2 1598/214/2 1498/213/2
f 1598/214/2 1499/215/2 1597/216/2
f 1500/217/2 1597/216/2 1499/215/2
f 1501/218/2 1597/216/2 1500/217/2
f 1597/216/2 1501/218/2 1596/219/2
f 1502/220/2 1596/219/2 1501/218/2
f 1596/219/2 1502/220/2 1503/221/2
f 1536/196/2 1531/222/2 1532/200/2
f 1531/222/2 1536/196/2 1530/223/2
f 1537/224/2 1530/223/2 1536/196/2
f 1538/225/2 1530/223/2 1537/224/2
f 1530/223/2 1538/225/2 1529/202/2
f 1539/226/2 1529/202/2 1538/225/2
f 1529/202/2 1539/226/2 1540/201/2
f 1483/227/2 1484/229/2 1608/228/2
f 1608/228/2 1484/229/2 1607/230/2
f 1484/229/2 1485/231/2 1607/230/2
f 1607/230/2 1485/231/2 1606/232/2
f 1593/233/2 1506/235/2 1592/234/2
f 1592/234/2 1506/235/2 1507/236/2
f 1525/237/2 1545/239/2 1546/238/2
f 1609/240/2 1481/242/2 1482/241/2
f 1481/242/2 1609/240/2 1610/243/2
f 1547/244/2 1523/246/2 1524/245/2
f 1523/246/2 1547/244/2 1548/247/2
f 1521/248/2 1522/250/2 1549/249/2
f 1610/243/2 1480/251/2 1481/242/2
f 1480/251/2 1610/243/2 1479/252/2
f 1611/253/2 1479/252/2 1610/243/2
f 1479/252/2 1611/253/2 1478/254/2
f 1478/254/2 1611/253/2 1612/255/2
f 1590/256/2 1509/258/2 1589/257/2
f 1548/247/2 1522/250/2 1523/246/2
f 1522/250/2 1548/247/2 1549/249/2
f 1608/228/2 1482/241/2 1483/227/2
f 1482/241/2 1608/228/2 1609/240/2
f 1507/236/2 1591/259/2 1592/234/2
f 1508/260/2 1591/259/2 1507/236/2
f 1591/259/2 1508/260/2 1590/256/2
f 1590/256/2 1508/260/2 1509/258/2
f 1546/238/2 1524/245/2 1525/237/2
f 1524/245/2 1546/238/2 1547/244/2
f 1485/231/2 1486/261/2 1606/232/2
f 1606/232/2 1486/261/2 1605/262/2
f 1487/263/2 1605/262/2 1486/261/2
f 1488/264/2 1605/262/2 1487/263/2
f 1605/262/2 1488/264/2 1604/265/2
f 1489/266/2 1604/265/2 1488/264/2
f 1604/265/2 1489/266/2 1603/267/2
f 1490/268/2 1603/267/2 1489/266/2
f 1491/269/2 1603/267/2 1490/268/2
f 1603/267/2 1491/269/2 1602/270/2
f 1492/271/2 1602/270/2 1491/269/2
f 1493/206/2 1602/270/2 1492/271/2
f 1601/207/2 1602/270/2 1493/206/2
f 1503/221/2 1595/272/2 1596/219/2
f 1504/273/2 1595/272/2 1503/221/2
f 1595/272/2 1504/273/2 1594/274/2
f 1505/275/2 1594/274/2 1504/273/2
f 1594/274/2 1505/275/2 1593/233/2
f 1593/233/2 1505/275/2 1506/235/2
f 1541/204/2 1527/276/2 1528/203/2
f 1542/277/2 1527/276/2 1541/204/2
f 1543/278/2 1527/276/2 1542/277/2
f 1527/276/2 1543/278/2 1526/279/2
f 1544/280/2 1526/279/2 1543/278/2
f 1526/279/2 1544/280/2 1525/237/2
f 1525/237/2 1544/280/2 1545/239/2
f 1615/281/2 1475/283/2 1476/282/2
f 1616/284/2 1475/283/2 1615/281/2
f 1475/283/2 1616/284/2 1474/285/2
f 1617/286/2 1474/285/2 1616/284/2
f 1520/287/2 1551/289/2 1519/288/2
f 1550/290/2 1551/289/2 1520/287/2
f 1468/291/2 1469/293/2 1467/292/2
f 1617/286/2 1473/294/2 1474/285/2
f 1618/295/2 1473/294/2 1617/286/2
f 1619/296/2 1473/294/2 1618/295/2
f 1620/297/2 1473/294/2 1619/296/2
f 1621/298/2 1473/294/2 1620/297/2
f 1473/294/2 1621/298/2 1622/299/2
f 1623/80/2 1587/301/2 1510/300/2
f 1517/302/2 1555/304/2 1516/303/2
f 1555/304/2 1517/302/2 1554/305/2
f 1554/305/2 1517/302/2 1553/306/2
f 1518/307/2 1553/306/2 1517/302/2
f 1553/306/2 1518/307/2 1552/308/2
f 1519/288/2 1552/308/2 1518/307/2
f 1551/289/2 1552/308/2 1519/288/2
f 1456/309/2 1457/311/2 1570/310/2
f 1570/310/2 1457/311/2 1569/312/2
f 1457/311/2 1458/313/2 1569/312/2
f 1459/314/2 1569/312/2 1458/313/2
f 1460/315/2 1569/312/2 1459/314/2
f 1569/312/2 1460/315/2 1568/316/2
f 1461/317/2 1568/316/2 1460/315/2
f 1568/316/2 1461/317/2 1567/318/2
f 1462/319/2 1567/318/2 1461/317/2
f 1571/320/2 1454/322/2 1455/321/2
f 1572/323/2 1454/322/2 1571/320/2
f 1454/322/2 1572/323/2 1453/324/2
f 1573/325/2 1453/324/2 1572/323/2
f 1574/326/2 1453/324/2 1573/325/2
f 1584/327/2 1585/329/2 1586/328/2
f 1583/330/2 1586/328/2 1582/331/2
f 1586/328/2 1583/330/2 1584/327/2
f 1450/75/2 1579/332/2 1586/328/2
f 1580/333/2 1586/328/2 1579/332/2
f 1581/334/2 1586/328/2 1580/333/2
f 1586/328/2 1581/334/2 1582/331/2
f 1574/326/2 1452/335/2 1453/324/2
f 1575/336/2 1452/335/2 1574/326/2
f 1452/335/2 1575/336/2 1451/337/2
f 1576/338/2 1451/337/2 1575/336/2
f 1577/339/2 1451/337/2 1576/338/2
f 1451/337/2 1577/339/2 1450/75/2
f 1578/340/2 1450/75/2 1577/339/2
f 1450/75/2 1578/340/2 1579/332/2
f 1455/321/2 1456/309/2 1571/320/2
f 1570/310/2 1571/320/2 1456/309/2
f 1462/319/2 1463/341/2 1567/318/2
f 1567/318/2 1463/341/2 1566/342/2
f 1464/343/2 1566/342/2 1463/341/2
f 1465/344/2 1566/342/2 1464/343/2
f 1466/345/2 1566/342/2 1465/344/2
f 1467/292/2 1566/342/2 1466/345/2
f 1469/293/2 1566/342/2 1467/292/2
f 1470/346/2 1566/342/2 1469/293/2
f 1471/347/2 1566/342/2 1470/346/2
f 1566/342/2 1471/347/2 1565/348/2
f 1472/349/2 1565/348/2 1471/347/2
f 1473/294/2 1565/348/2 1472/349/2
f 1565/348/2 1473/294/2 1564/350/2
f 1564/350/2 1473/294/2 1563/351/2
f 1622/299/2 1563/351/2 1473/294/2
f 1563/351/2 1622/299/2 1562/352/2
f 1562/352/2 1622/299/2 1561/353/2
f 1623/80/2 1561/353/2 1622/299/2
f 1561/353/2 1623/80/2 1560/354/2
f 1510/300/2 1560/354/2 1623/80/2
f 1511/355/2 1560/354/2 1510/300/2
f 1512/356/2 1560/354/2 1511/355/2
f 1560/354/2 1512/356/2 1559/357/2
f 1513/358/2 1559/357/2 1512/356/2
f 1559/357/2 1513/358/2 1558/359/2
f 1514/360/2 1558/359/2 1513/358/2
f 1558/359/2 1514/360/2 1557/361/2
f 1515/362/2 1557/361/2 1514/360/2
f 1557/361/2 1515/362/2 1556/363/2
f 1516/303/2 1556/363/2 1515/362/2
f 1555/304/2 1556/363/2 1516/303/2
f 1612/255/2 1477/364/2 1478/254/2
f 1613/365/2 1477/364/2 1612/255/2
f 1614/366/2 1477/364/2 1613/365/2
f 1477/364/2 1614/366/2 1476/282/2
f 1476/282/2 1614/366/2 1615/281/2
f 1509/258/2 1588/367/2 1589/257/2
f 1588/367/2 1509/258/2 1587/301/2
f 1587/301/2 1509/258/2 1510/300/2
f 1520/287/2 1521/248/2 1550/290/2
f 1549/249/2 1550/290/2 1521/248/2
f 1663/368/2 1624/75/2 1662/369/2
f 1665/370/2 1662/369/2 1664/371/2
f 1664/371/2 1662/369/2 1701/80/2
f 1624/75/2 1701/80/2 1662/369/2
f 1625/372/2 1701/80/2 1624/75/2
f 1701/80/2 1625/372/2 1700/373/2
f 1659/374/2 1670/376/2 1658/375/2
f 1670/376/2 1659/374/2 1669/377/2
f 1660/378/2 1669/377/2 1659/374/2
f 1669/377/2 1660/378/2 1668/24/2
f 1660/378/2 1661/379/2 1668/24/2
f 1668/24/2 1661/379/2 1667/380/2
f 1662/369/2 1667/380/2 1661/379/2
f 1667/380/2 1662/369/2 1666/381/2
f 1665/370/2 1666/381/2 1662/369/2
f 1652/382/2 1653/384/2 1674/383/2
f 1673/385/2 1674/383/2 1653/384/2
f 1653/384/2 1654/386/2 1673/385/2
f 1655/387/2 1673/385/2 1654/386/2
f 1672/388/2 1673/385/2 1655/387/2
f 1675/389/2 1650/391/2 1651/390/2
f 1650/391/2 1675/389/2 1676/392/2
f 1676/392/2 1649/393/2 1650/391/2
f 1649/393/2 1676/392/2 1677/394/2
f 1697/395/2 1698/397/2 1628/396/2
f 1628/396/2 1698/397/2 1627/398/2
f 1651/390/2 1652/382/2 1675/389/2
f 1674/383/2 1675/389/2 1652/382/2
f 1698/397/2 1699/399/2 1627/398/2
f 1626/400/2 1627/398/2 1699/399/2
f 1655/387/2 1656/401/2 1672/388/2
f 1672/388/2 1656/401/2 1671/402/2
f 1657/92/2 1671/402/2 1656/401/2
f 1658/375/2 1671/402/2 1657/92/2
f 1670/376/2 1671/402/2 1658/375/2
f 1699/399/2 1700/373/2 1626/400/2
f 1625/372/2 1626/400/2 1700/373/2
f 1678/403/2 1647/405/2 1648/404/2
f 1679/76/2 1647/405/2 1678/403/2
f 1695/406/2 1696/408/2 1629/407/2
f 1679/76/2 1646/16/2 1647/405/2
f 1680/409/2 1646/16/2 1679/76/2
f 1695/406/2 1630/411/2 1694/410/2
f 1629/407/2 1630/411/2 1695/406/2
f 1640/412/2 1685/414/2 1639/413/2
f 1686/415/2 1639/413/2 1685/414/2
f 1639/413/2 1686/415/2 1638/416/2
f 1687/417/2 1638/416/2 1686/415/2
f 1688/418/2 1638/416/2 1687/417/2
f 1638/416/2 1688/418/2 1637/419/2
f 1689/420/2 1637/419/2 1688/418/2
f 1637/419/2 1689/420/2 1636/421/2
f 1680/409/2 1645/422/2 1646/16/2
f 1681/423/2 1645/422/2 1680/409/2
f 1645/422/2 1681/423/2 1644/424/2
f 1682/425/2 1644/424/2 1681/423/2
f 1644/424/2 1682/425/2 1643/426/2
f 1683/427/2 1643/426/2 1682/425/2
f 1643/426/2 1683/427/2 1642/428/2
f 1642/428/2 1683/427/2 1641/429/2
f 1684/430/2 1641/429/2 1683/427/2
f 1641/429/2 1684/430/2 1640/412/2
f 1640/412/2 1684/430/2 1685/414/2
f 1689/420/2 1690/54/2 1636/421/2
f 1636/421/2 1690/54/2 1635/27/2
f 1691/431/2 1635/27/2 1690/54/2
f 1635/27/2 1691/431/2 1634/432/2
f 1692/433/2 1634/432/2 1691/431/2
f 1634/432/2 1692/433/2 1633/434/2
f 1633/434/2 1692/433/2 1632/435/2
f 1693/436/2 1632/435/2 1692/433/2
f 1632/435/2 1693/436/2 1631/437/2
f 1694/410/2 1631/437/2 1693/436/2
f 1630/411/2 1631/437/2 1694/410/2
f 1677/394/2 1648/404/2 1649/393/2
f 1648/404/2 1677/394/2 1678/403/2
f 1628/396/2 1696/408/2 1697/395/2
f 1696/408/2 1628/396/2 1629/407/2
f 1765/438/2 1761/440/2 1764/439/2
f 1764/439/2 1761/440/2 1763/441/2
f 1762/442/2 1763/441/2 1761/440/2
f 1758/443/2 1768/381/2 1757/374/2
f 1758/443/2 1759/444/2 1768/381/2
f 1768/381/2 1759/444/2 1767/445/2
f 1760/446/2 1767/445/2 1759/444/2
f 1767/445/2 1760/446/2 1766/447/2
f 1761/440/2 1766/447/2 1760/446/2
f 1765/438/2 1766/447/2 1761/440/2
f 1797/448/2 1726/450/2 1796/449/2
f 1798/451/2 1726/450/2 1797/448/2
f 1726/450/2 1798/451/2 1725/452/2
f 1799/453/2 1725/452/2 1798/451/2
f 1725/452/2 1799/453/2 1724/416/2
f 1800/454/2 1724/416/2 1799/453/2
f 1724/416/2 1800/454/2 1723/455/2
f 1801/417/2 1723/455/2 1800/454/2
f 1753/456/2 1754/458/2 1771/457/2
f 1751/459/2 1752/461/2 1773/460/2
f 1773/460/2 1752/461/2 1772/462/2
f 1749/463/2 1750/465/2 1774/464/2
f 1809/466/2 1714/468/2 1715/467/2
f 1773/460/2 1750/465/2 1751/459/2
f 1750/465/2 1773/460/2 1774/464/2
f 1808/469/2 1715/467/2 1716/470/2
f 1715/467/2 1808/469/2 1809/466/2
f 1752/461/2 1753/456/2 1772/462/2
f 1771/457/2 1772/462/2 1753/456/2
f 1792/471/2 1793/473/2 1729/472/2
f 1728/474/2 1729/472/2 1793/473/2
f 1806/475/2 1717/477/2 1718/476/2
f 1807/478/2 1717/477/2 1806/475/2
f 1717/477/2 1807/478/2 1716/470/2
f 1716/470/2 1807/478/2 1808/469/2
f 1754/458/2 1755/479/2 1771/457/2
f 1771/457/2 1755/479/2 1770/480/2
f 1756/481/2 1770/480/2 1755/479/2
f 1770/480/2 1756/481/2 1769/482/2
f 1757/374/2 1769/482/2 1756/481/2
f 1768/381/2 1769/482/2 1757/374/2
f 1793/473/2 1794/483/2 1728/474/2
f 1795/484/2 1728/474/2 1794/483/2
f 1728/474/2 1795/484/2 1727/485/2
f 1796/449/2 1727/485/2 1795/484/2
f 1726/450/2 1727/485/2 1796/449/2
f 1801/417/2 1722/486/2 1723/455/2
f 1802/487/2 1722/486/2 1801/417/2
f 1722/486/2 1802/487/2 1721/488/2
f 1803/489/2 1721/488/2 1802/487/2
f 1721/488/2 1803/489/2 1720/490/2
f 1804/491/2 1720/490/2 1803/489/2
f 1720/490/2 1804/491/2 1719/492/2
f 1805/493/2 1719/492/2 1804/491/2
f 1719/492/2 1805/493/2 1718/476/2
f 1718/476/2 1805/493/2 1806/475/2
f 1712/494/2 1713/437/2 1810/495/2
f 1711/496/2 1811/497/2 1812/410/2
f 1710/498/2 1711/496/2 1813/499/2
f 1812/410/2 1813/499/2 1711/496/2
f 1776/500/2 1748/502/2 1775/501/2
f 1711/496/2 1712/494/2 1811/497/2
f 1810/495/2 1811/497/2 1712/494/2
f 1814/503/2 1815/505/2 1709/504/2
f 1776/500/2 1747/506/2 1748/502/2
f 1777/507/2 1747/506/2 1776/500/2
f 1747/506/2 1777/507/2 1746/382/2
f 1746/382/2 1777/507/2 1778/508/2
f 1731/509/2 1732/510/2 1790/409/2
f 1709/504/2 1710/498/2 1814/503/2
f 1813/499/2 1814/503/2 1710/498/2
f 1702/75/2 1822/511/2 1823/80/2
f 1703/512/2 1822/511/2 1702/75/2
f 1741/513/2 1783/515/2 1740/514/2
f 1784/516/2 1740/514/2 1783/515/2
f 1740/514/2 1784/516/2 1739/517/2
f 1785/518/2 1739/517/2 1784/516/2
f 1739/517/2 1785/518/2 1738/519/2
f 1786/520/2 1738/519/2 1785/518/2
f 1738/519/2 1786/520/2 1737/521/2
f 1787/522/2 1737/521/2 1786/520/2
f 1737/521/2 1787/522/2 1736/523/2
f 1736/523/2 1787/522/2 1735/422/2
f 1703/512/2 1704/524/2 1822/511/2
f 1705/525/2 1822/511/2 1704/524/2
f 1822/511/2 1705/525/2 1821/526/2
f 1821/526/2 1705/525/2 1820/527/2
f 1706/528/2 1820/527/2 1705/525/2
f 1819/529/2 1820/527/2 1706/528/2
f 1778/508/2 1745/530/2 1746/382/2
f 1779/385/2 1745/530/2 1778/508/2
f 1745/530/2 1779/385/2 1744/531/2
f 1780/532/2 1744/531/2 1779/385/2
f 1744/531/2 1780/532/2 1743/533/2
f 1781/534/2 1743/533/2 1780/532/2
f 1743/533/2 1781/534/2 1742/535/2
f 1782/536/2 1742/535/2 1781/534/2
f 1742/535/2 1782/536/2 1741/513/2
f 1741/513/2 1782/536/2 1783/515/2
f 1787/522/2 1788/537/2 1735/422/2
f 1735/422/2 1788/537/2 1734/538/2
f 1789/539/2 1734/538/2 1788/537/2
f 1734/538/2 1789/539/2 1733/540/2
f 1790/409/2 1733/540/2 1789/539/2
f 1732/510/2 1733/540/2 1790/409/2
f 1706/528/2 1707/541/2 1819/529/2
f 1819/529/2 1707/541/2 1818/542/2
f 1818/542/2 1707/541/2 1817/543/2
f 1708/544/2 1817/543/2 1707/541/2
f 1817/543/2 1708/544/2 1816/545/2
f 1709/504/2 1816/545/2 1708/544/2
f 1815/505/2 1816/545/2 1709/504/2
f 1748/502/2 1749/463/2 1775/501/2
f 1774/464/2 1775/501/2 1749/463/2
f 1790/409/2 1791/546/2 1731/509/2
f 1731/509/2 1791/546/2 1730/547/2
f 1792/471/2 1730/547/2 1791/546/2
f 1729/472/2 1730/547/2 1792/471/2
f 1809/466/2 1713/437/2 1714/468/2
f 1713/437/2 1809/466/2 1810/495/2
f 1845/1/2 1874/3/2 1844/2/2
f 1874/3/2 1845/1/2 1873/4/2
f 1846/5/2 1873/4/2 1845/1/2
f 1873/4/2 1846/5/2 1872/6/2
f 1847/7/2 1872/6/2 1846/5/2
f 1872/6/2 1847/7/2 1921/8/2
f 1848/9/2 1921/8/2 1847/7/2
f 1849/10/2 1921/8/2 1848/9/2
f 1921/8/2 1849/10/2 1920/11/2
f 1850/12/2 1920/11/2 1849/10/2
f 1920/11/2 1850/12/2 1919/13/2
f 1851/14/2 1919/13/2 1850/12/2
f 1919/13/2 1851/14/2 1918/15/2
f 1852/16/2 1918/15/2 1851/14/2
f 1881/17/2 1882/19/2 1836/18/2
f 1909/20/2 1910/22/2 1859/21/2
f 1836/18/2 1837/23/2 1881/17/2
f 1880/24/2 1881/17/2 1837/23/2
f 1858/25/2 1910/22/2 1911/26/2
f 1910/22/2 1858/25/2 1859/21/2
f 1837/23/2 1838/27/2 1880/24/2
f 1879/28/2 1880/24/2 1838/27/2
f 1913/29/2 1856/31/2 1912/30/2
f 1857/32/2 1912/30/2 1856/31/2
f 1912/30/2 1857/32/2 1911/26/2
f 1911/26/2 1857/32/2 1858/25/2
f 1838/27/2 1839/33/2 1879/28/2
f 1879/28/2 1839/33/2 1878/34/2
f 1840/35/2 1878/34/2 1839/33/2
f 1878/34/2 1840/35/2 1877/36/2
f 1841/37/2 1877/36/2 1840/35/2
f 1842/38/2 1877/36/2 1841/37/2
f 1877/36/2 1842/38/2 1876/39/2
f 1843/40/2 1876/39/2 1842/38/2
f 1876/39/2 1843/40/2 1875/41/2
f 1844/2/2 1875/41/2 1843/40/2
f 1874/3/2 1875/41/2 1844/2/2
f 1852/16/2 1917/42/2 1918/15/2
f 1853/43/2 1917/42/2 1852/16/2
f 1917/42/2 1853/43/2 1916/44/2
f 1854/45/2 1916/44/2 1853/43/2
f 1916/44/2 1854/45/2 1915/46/2
f 1915/46/2 1854/45/2 1914/47/2
f 1855/48/2 1914/47/2 1854/45/2
f 1914/47/2 1855/48/2 1913/29/2
f 1913/29/2 1855/48/2 1856/31/2
f 1883/49/2 1884/51/2 1834/50/2
f 1907/52/2 1908/54/2 1860/53/2
f 1884/51/2 1833/55/2 1834/50/2
f 1833/55/2 1884/51/2 1885/56/2
f 1906/57/2 1907/52/2 1861/58/2
f 1860/53/2 1861/58/2 1907/52/2
f 1887/59/2 1830/61/2 1831/60/2
f 1830/61/2 1887/59/2 1888/62/2
f 1885/56/2 1832/63/2 1833/55/2
f 1886/64/2 1832/63/2 1885/56/2
f 1832/63/2 1886/64/2 1831/60/2
f 1831/60/2 1886/64/2 1887/59/2
f 1906/57/2 1862/66/2 1905/65/2
f 1861/58/2 1862/66/2 1906/57/2
f 1827/67/2 1890/69/2 1826/68/2
f 1826/68/2 1890/69/2 1891/70/2
f 1895/71/2 1896/73/2 1897/72/2
f 1893/74/2 1897/72/2 1824/75/2
f 1894/76/2 1897/72/2 1893/74/2
f 1897/72/2 1894/76/2 1895/71/2
f 1891/70/2 1825/77/2 1826/68/2
f 1892/78/2 1825/77/2 1891/70/2
f 1825/77/2 1892/78/2 1824/75/2
f 1824/75/2 1892/78/2 1893/74/2
f 1871/79/2 1872/6/2 1922/80/2
f 1871/79/2 1922/80/2 1870/81/2
f 1870/81/2 1922/80/2 1869/82/2
f 1898/83/2 1869/82/2 1922/80/2
f 1869/82/2 1898/83/2 1868/84/2
f 1888/62/2 1829/85/2 1830/61/2
f 1829/85/2 1888/62/2 1828/86/2
f 1889/87/2 1828/86/2 1888/62/2
f 1828/86/2 1889/87/2 1827/67/2
f 1827/67/2 1889/87/2 1890/69/2
f 1898/83/2 1899/88/2 1868/84/2
f 1900/89/2 1868/84/2 1899/88/2
f 1868/84/2 1900/89/2 1867/90/2
f 1901/91/2 1867/90/2 1900/89/2
f 1867/90/2 1901/91/2 1866/92/2
f 1902/93/2 1866/92/2 1901/91/2
f 1866/92/2 1902/93/2 1865/94/2
f 1903/95/2 1865/94/2 1902/93/2
f 1865/94/2 1903/95/2 1864/96/2
f 1904/97/2 1864/96/2 1903/95/2
f 1864/96/2 1904/97/2 1863/98/2
f 1905/65/2 1863/98/2 1904/97/2
f 1862/66/2 1863/98/2 1905/65/2
f 1834/50/2 1835/99/2 1883/49/2
f 1836/18/2 1883/49/2 1835/99/2
f 1882/19/2 1883/49/2 1836/18/2
f 1921/8/2 1922/80/2 1872/6/2
f 1859/21/2 1908/54/2 1909/20/2
f 1908/54/2 1859/21/2 1860/53/2
f 1976/548/2 1974/549/2 1975/46/2
f 1977/550/2 1974/549/2 1976/548/2
f 1974/549/2 1977/550/2 1979/80/2
f 1979/80/2 1973/551/2 1974/549/2
f 1973/551/2 1979/80/2 1972/552/2
f 1923/75/2 1972/552/2 1979/80/2
f 1972/552/2 1923/75/2 1971/54/2
f 1971/54/2 1923/75/2 1970/553/2
f 1970/553/2 1923/75/2 1924/554/2
f 1964/555/2 1931/27/2 1963/76/2
f 1963/76/2 1931/27/2 1932/556/2
f 1927/60/2 1966/557/2 1967/91/2
f 1928/558/2 1966/557/2 1927/60/2
f 1966/557/2 1928/558/2 1965/559/2
f 1929/560/2 1965/559/2 1928/558/2
f 1930/561/2 1965/559/2 1929/560/2
f 1965/559/2 1930/561/2 1964/555/2
f 1964/555/2 1930/561/2 1931/27/2
f 1924/554/2 1969/562/2 1970/553/2
f 1925/563/2 1969/562/2 1924/554/2
f 1969/562/2 1925/563/2 1968/564/2
f 1926/565/2 1968/564/2 1925/563/2
f 1968/564/2 1926/565/2 1967/91/2
f 1967/91/2 1926/565/2 1927/60/2
f 1977/550/2 1978/566/2 1979/80/2
f 1959/59/2 1960/568/2 1936/567/2
f 1935/1/2 1936/567/2 1960/568/2
f 1960/568/2 1961/569/2 1935/1/2
f 1934/570/2 1935/1/2 1961/569/2
f 1958/571/2 1959/59/2 1937/572/2
f 1936/567/2 1937/572/2 1959/59/2
f 1948/573/2 1949/574/2 1947/92/2
f 1950/575/2 1947/92/2 1949/574/2
f 1947/92/2 1950/575/2 1946/576/2
f 1951/4/2 1946/576/2 1950/575/2
f 1952/577/2 1946/576/2 1951/4/2
f 1946/576/2 1952/577/2 1945/578/2
f 1952/577/2 1953/579/2 1945/578/2
f 1945/578/2 1953/579/2 1944/580/2
f 1954/581/2 1944/580/2 1953/579/2
f 1944/580/2 1954/581/2 1943/21/2
f 1955/24/2 1943/21/2 1954/581/2
f 1943/21/2 1955/24/2 1942/582/2
f 1942/582/2 1955/24/2 1941/583/2
f 1956/584/2 1941/583/2 1955/24/2
f 1941/583/2 1956/584/2 1940/585/2
f 1957/586/2 1940/585/2 1956/584/2
f 1940/585/2 1957/586/2 1939/16/2
f 1958/571/2 1939/16/2 1957/586/2
f 1939/16/2 1958/571/2 1938/587/2
f 1937/572/2 1938/587/2 1958/571/2
f 1932/556/2 1962/588/2 1963/76/2
f 1933/589/2 1962/588/2 1932/556/2
f 1962/588/2 1933/589/2 1961/569/2
f 1961/569/2 1933/589/2 1934/570/2
f 1985/76/2 1983/92/2 1984/24/2
f 1987/80/2 1980/75/2 1986/54/2
f 1983/92/2 1981/27/2 1982/16/2
f 1981/27/2 1983/92/2 1980/75/2
f 1985/76/2 1980/75/2 1983/92/2
f 1980/75/2 1985/76/2 1986/54/2
f 2062/590/2 2059/592/2 2061/591/2
f 2060/593/2 2061/591/2 2059/592/2
f 2053/594/2 2054/596/2 2067/595/2
f 2067/595/2 2054/596/2 2066/597/2
f 2055/598/2 2066/597/2 2054/596/2
f 2055/598/2 2056/599/2 2066/597/2
f 2066/597/2 2056/599/2 2065/600/2
f 2057/601/2 2065/600/2 2056/599/2
f 2065/600/2 2057/601/2 2064/24/2
f 2058/602/2 2064/24/2 2057/601/2
f 2064/24/2 2058/602/2 2063/603/2
f 2059/592/2 2063/603/2 2058/602/2
f 2062/590/2 2063/603/2 2059/592/2
f 2097/604/2 2011/606/2 2096/605/2
f 2011/606/2 2097/604/2 2010/607/2
f 2098/608/2 2010/607/2 2097/604/2
f 1999/609/2 2000/611/2 2108/610/2
f 2071/612/2 2072/614/2 2048/613/2
f 2048/613/2 2049/615/2 2071/612/2
f 2070/616/2 2071/612/2 2049/615/2
f 2001/617/2 2107/618/2 2000/611/2
f 2000/611/2 2107/618/2 2108/610/2
f 2049/615/2 2050/619/2 2070/616/2
f 2051/620/2 2070/616/2 2050/619/2
f 2069/621/2 2070/616/2 2051/620/2
f 2020/622/2 2090/624/2 2019/623/2
f 2003/625/2 2106/627/2 2002/626/2
f 2002/626/2 2106/627/2 2001/617/2
f 2001/617/2 2106/627/2 2107/618/2
f 2051/620/2 2052/628/2 2069/621/2
f 2069/621/2 2052/628/2 2068/629/2
f 2053/594/2 2068/629/2 2052/628/2
f 2067/595/2 2068/629/2 2053/594/2
f 2090/624/2 2091/630/2 2019/623/2
f 2019/623/2 2091/630/2 2018/631/2
f 2018/631/2 2091/630/2 2017/632/2
f 2092/633/2 2017/632/2 2091/630/2
f 2017/632/2 2092/633/2 2016/634/2
f 2093/635/2 2016/634/2 2092/633/2
f 2016/634/2 2093/635/2 2015/636/2
f 2015/636/2 2093/635/2 2014/637/2
f 2094/638/2 2014/637/2 2093/635/2
f 2014/637/2 2094/638/2 2013/639/2
f 2095/640/2 2013/639/2 2094/638/2
f 2013/639/2 2095/640/2 2012/641/2
f 2096/605/2 2012/641/2 2095/640/2
f 2011/606/2 2012/641/2 2096/605/2
f 2098/608/2 2009/642/2 2010/607/2
f 2099/643/2 2009/642/2 2098/608/2
f 2009/642/2 2099/643/2 2008/644/2
f 2100/645/2 2008/644/2 2099/643/2
f 2101/646/2 2008/644/2 2100/645/2
f 2008/644/2 2101/646/2 2007/27/2
f 2102/54/2 2007/27/2 2101/646/2
f 2007/27/2 2102/54/2 2006/647/2
f 2103/648/2 2006/647/2 2102/54/2
f 2006/647/2 2103/648/2 2005/649/2
f 2104/650/2 2005/649/2 2103/648/2
f 2005/649/2 2104/650/2 2004/651/2
f 2105/652/2 2004/651/2 2104/650/2
f 2004/651/2 2105/652/2 2003/625/2
f 2003/625/2 2105/652/2 2106/627/2
f 2073/653/2 2046/655/2 2047/654/2
f 2074/656/2 2046/655/2 2073/653/2
f 2046/655/2 2074/656/2 2075/657/2
f 1996/658/2 1997/660/2 2111/659/2
f 2111/659/2 1997/660/2 2110/661/2
f 1998/662/2 2110/661/2 1997/660/2
f 2109/663/2 2110/661/2 1998/662/2
f 2075/657/2 2045/92/2 2046/655/2
f 2076/664/2 2045/92/2 2075/657/2
f 2022/665/2 2023/667/2 2088/666/2
f 1995/668/2 1996/658/2 2113/669/2
f 2113/669/2 1996/658/2 2112/670/2
f 2111/659/2 2112/670/2 1996/658/2
f 1992/671/2 2118/673/2 1991/672/2
f 2118/673/2 1992/671/2 2117/674/2
f 2121/80/2 1988/75/2 2120/675/2
f 1988/75/2 1989/676/2 2120/675/2
f 1990/677/2 2120/675/2 1989/676/2
f 2120/675/2 1990/677/2 2119/678/2
f 1991/672/2 2119/678/2 1990/677/2
f 2118/673/2 2119/678/2 1991/672/2
f 2076/664/2 2044/679/2 2045/92/2
f 2077/680/2 2044/679/2 2076/664/2
f 2044/679/2 2077/680/2 2043/681/2
f 2078/682/2 2043/681/2 2077/680/2
f 2043/681/2 2078/682/2 2042/683/2
f 2079/684/2 2042/683/2 2078/682/2
f 2042/683/2 2079/684/2 2041/685/2
f 2080/686/2 2041/685/2 2079/684/2
f 2041/685/2 2080/686/2 2040/687/2
f 2081/688/2 2040/687/2 2080/686/2
f 2040/687/2 2081/688/2 2039/689/2
f 2039/689/2 2081/688/2 2038/690/2
f 2082/691/2 2038/690/2 2081/688/2
f 2038/690/2 2082/691/2 2037/692/2
f 2083/76/2 2037/692/2 2082/691/2
f 2037/692/2 2083/76/2 2036/693/2
f 2084/694/2 2036/693/2 2083/76/2
f 2036/693/2 2084/694/2 2035/695/2
f 2035/695/2 2084/694/2 2034/696/2
f 2034/696/2 2084/694/2 2033/697/2
f 2033/697/2 2084/694/2 2032/698/2
f 2085/699/2 2032/698/2 2084/694/2
f 2032/698/2 2085/699/2 2031/700/2
f 2031/700/2 2085/699/2 2030/701/2
f 2030/701/2 2085/699/2 2029/702/2
f 2029/702/2 2085/699/2 2028/703/2
f 2028/703/2 2085/699/2 2027/704/2
f 2086/705/2 2027/704/2 2085/699/2
f 2027/704/2 2086/705/2 2026/16/2
f 2026/16/2 2086/705/2 2025/706/2
f 2087/707/2 2025/706/2 2086/705/2
f 2025/706/2 2087/707/2 2024/708/2
f 2088/666/2 2024/708/2 2087/707/2
f 2023/667/2 2024/708/2 2088/666/2
f 1992/671/2 1993/709/2 2117/674/2
f 2117/674/2 1993/709/2 2116/710/2
f 2116/710/2 1993/709/2 2115/711/2
f 1994/712/2 2115/711/2 1993/709/2
f 2115/711/2 1994/712/2 2114/713/2
f 1995/668/2 2114/713/2 1994/712/2
f 2113/669/2 2114/713/2 1995/668/2
f 2072/614/2 2047/654/2 2048/613/2
f 2047/654/2 2072/614/2 2073/653/2
f 2088/666/2 2089/714/2 2022/665/2
f 2022/665/2 2089/714/2 2021/715/2
f 2090/624/2 2021/715/2 2089/714/2
f 2020/622/2 2021/715/2 2090/624/2
f 1998/662/2 1999/609/2 2109/663/2
f 2108/610/2 2109/663/2 1999/609/2
f 2196/590/2 2193/592/2 2195/591/2
f 2194/593/2 2195/591/2 2193/592/2
f 2187/594/2 2188/596/2 2201/595/2
f 2201/595/2 2188/596/2 2200/597/2
f 2189/598/2 2200/597/2 2188/596/2
f 2189/598/2 2190/599/2 2200/597/2
f 2200/597/2 2190/599/2 2199/600/2
f 2191/601/2 2199/600/2 2190/599/2
f 2199/600/2 2191/601/2 2198/24/2
f 2192/602/2 2198/24/2 2191/601/2
f 2198/24/2 2192/602/2 2197/603/2
f 2193/592/2 2197/603/2 2192/602/2
f 2196/590/2 2197/603/2 2193/592/2
f 2231/604/2 2145/606/2 2230/605/2
f 2145/606/2 2231/604/2 2144/607/2
f 2232/608/2 2144/607/2 2231/604/2
f 2133/609/2 2134/611/2 2242/610/2
f 2205/612/2 2206/614/2 2182/613/2
f 2182/613/2 2183/615/2 2205/612/2
f 2204/616/2 2205/612/2 2183/615/2
f 2135/617/2 2241/618/2 2134/611/2
f 2134/611/2 2241/618/2 2242/610/2
f 2183/615/2 2184/619/2 2204/616/2
f 2185/620/2 2204/616/2 2184/619/2
f 2203/621/2 2204/616/2 2185/620/2
f 2154/622/2 2224/624/2 2153/623/2
f 2137/625/2 2240/627/2 2136/626/2
f 2136/626/2 2240/627/2 2135/617/2
f 2135/617/2 2240/627/2 2241/618/2
f 2185/620/2 2186/628/2 2203/621/2
f 2203/621/2 2186/628/2 2202/629/2
f 2187/594/2 2202/629/2 2186/628/2
f 2201/595/2 2202/629/2 2187/594/2
f 2224/624/2 2225/630/2 2153/623/2
f 2153/623/2 2225/630/2 2152/631/2
f 2152/631/2 2225/630/2 2151/632/2
f 2226/633/2 2151/632/2 2225/630/2
f 2151/632/2 2226/633/2 2150/634/2
f 2227/635/2 2150/634/2 2226/633/2
f 2150/634/2 2227/635/2 2149/636/2
f 2149/636/2 2227/635/2 2148/637/2
f 2228/638/2 2148/637/2 2227/635/2
f 2148/637/2 2228/638/2 2147/639/2
f 2229/640/2 2147/639/2 2228/638/2
f 2147/639/2 2229/640/2 2146/641/2
f 2230/605/2 2146/641/2 2229/640/2
f 2145/606/2 2146/641/2 2230/605/2
f 2232/608/2 2143/642/2 2144/607/2
f 2233/643/2 2143/642/2 2232/608/2
f 2143/642/2 2233/643/2 2142/644/2
f 2234/645/2 2142/644/2 2233/643/2
f 2235/646/2 2142/644/2 2234/645/2
f 2142/644/2 2235/646/2 2141/27/2
f 2236/54/2 2141/27/2 2235/646/2
f 2141/27/2 2236/54/2 2140/647/2
f 2237/648/2 2140/647/2 2236/54/2
f 2140/647/2 2237/648/2 2139/649/2
f 2238/650/2 2139/649/2 2237/648/2
f 2139/649/2 2238/650/2 2138/651/2
f 2239/652/2 2138/651/2 2238/650/2
f 2138/651/2 2239/652/2 2137/625/2
f 2137/625/2 2239/652/2 2240/627/2
f 2207/653/2 2180/655/2 2181/654/2
f 2208/656/2 2180/655/2 2207/653/2
f 2180/655/2 2208/656/2 2209/657/2
f 2130/658/2 2131/660/2 2245/659/2
f 2245/659/2 2131/660/2 2244/661/2
f 2132/662/2 2244/661/2 2131/660/2
f 2243/663/2 2244/661/2 2132/662/2
f 2209/657/2 2179/92/2 2180/655/2
f 2210/664/2 2179/92/2 2209/657/2
f 2156/665/2 2157/667/2 2222/666/2
f 2129/668/2 2130/658/2 2247/669/2
f 2247/669/2 2130/658/2 2246/670/2
f 2245/659/2 2246/670/2 2130/658/2
f 2126/671/2 2252/673/2 2125/672/2
f 2252/673/2 2126/671/2 2251/674/2
f 2255/80/2 2122/75/2 2254/675/2
f 2122/75/2 2123/676/2 2254/675/2
f 2124/677/2 2254/675/2 2123/676/2
f 2254/675/2 2124/677/2 2253/678/2
f 2125/672/2 2253/678/2 2124/677/2
f 2252/673/2 2253/678/2 2125/672/2
f 2210/664/2 2178/679/2 2179/92/2
f 2211/680/2 2178/679/2 2210/664/2
f 2178/679/2 2211/680/2 2177/681/2
f 2212/682/2 2177/681/2 2211/680/2
f 2177/681/2 2212/682/2 2176/683/2
f 2213/684/2 2176/683/2 2212/682/2
f 2176/683/2 2213/684/2 2175/685/2
f 2214/686/2 2175/685/2 2213/684/2
f 2175/685/2 2214/686/2 2174/687/2
f 2215/688/2 2174/687/2 2214/686/2
f 2174/687/2 2215/688/2 2173/689/2
f 2173/689/2 2215/688/2 2172/690/2
f 2216/691/2 2172/690/2 2215/688/2
f 2172/690/2 2216/691/2 2171/692/2
f 2217/76/2 2171/692/2 2216/691/2
f 2171/692/2 2217/76/2 2170/693/2
f 2218/694/2 2170/693/2 2217/76/2
f 2170/693/2 2218/694/2 2169/695/2
f 2169/695/2 2218/694/2 2168/696/2
f 2168/696/2 2218/694/2 2167/697/2
f 2167/697/2 2218/694/2 2166/698/2
f 2219/699/2 2166/698/2 2218/694/2
f 2166/698/2 2219/699/2 2165/700/2
f 2165/700/2 2219/699/2 2164/701/2
f 2164/701/2 2219/699/2 2163/702/2
f 2163/702/2 2219/699/2 2162/703/2
f 2162/703/2 2219/699/2 2161/704/2
f 2220/705/2 2161/704/2 2219/699/2
f 2161/704/2 2220/705/2 2160/16/2
f 2160/16/2 2220/705/2 2159/706/2
f 2221/707/2 2159/706/2 2220/705/2
f 2159/706/2 2221/707/2 2158/708/2
f 2222/666/2 2158/708/2 2221/707/2
f 2157/667/2 2158/708/2 2222/666/2
f 2126/671/2 2127/709/2 2251/674/2
f 2251/674/2 2127/709/2 2250/710/2
f 2250/710/2 2127/709/2 2249/711/2
f 2128/712/2 2249/711/2 2127/709/2
f 2249/711/2 2128/712/2 2248/713/2
f 2129/668/2 2248/713/2 2128/712/2
f 2247/669/2 2248/713/2 2129/668/2
f 2206/614/2 2181/654/2 2182/613/2
f 2181/654/2 2206/614/2 2207/653/2
f 2222/666/2 2223/714/2 2156/665/2
f 2156/665/2 2223/714/2 2155/715/2
f 2224/624/2 2155/715/2 2223/714/2
f 2154/622/2 2155/715/2 2224/624/2
f 2132/662/2 2133/609/2 2243/663/2
f 2242/610/2 2243/663/2 2133/609/2
f 2275/716/2 2307/718/2 2274/717/2
f 2307/718/2 2275/716/2 2306/602/2
f 2276/634/2 2306/602/2 2275/716/2
f 2306/602/2 2276/634/2 2305/719/2
f 2277/720/2 2305/719/2 2276/634/2
f 2278/721/2 2305/719/2 2277/720/2
f 2305/719/2 2278/721/2 2304/722/2
f 2279/723/2 2304/722/2 2278/721/2
f 2304/722/2 2279/723/2 2351/80/2
f 2280/724/2 2351/80/2 2279/723/2
f 2351/80/2 2280/724/2 2350/725/2
f 2281/667/2 2350/725/2 2280/724/2
f 2350/725/2 2281/667/2 2349/726/2
f 2282/727/2 2349/726/2 2281/667/2
f 2349/726/2 2282/727/2 2348/728/2
f 2283/729/2 2348/728/2 2282/727/2
f 2348/728/2 2283/729/2 2347/730/2
f 2284/731/2 2347/730/2 2283/729/2
f 2270/732/2 2271/642/2 2311/600/2
f 2311/600/2 2271/642/2 2310/733/2
f 2344/734/2 2287/736/2 2343/735/2
f 2343/735/2 2287/736/2 2288/737/2
f 2312/738/2 2313/740/2 2269/739/2
f 2342/741/2 2289/742/2 2341/618/2
f 2313/740/2 2268/743/2 2269/739/2
f 2268/743/2 2313/740/2 2314/744/2
f 2340/745/2 2341/618/2 2290/746/2
f 2289/742/2 2290/746/2 2341/618/2
f 2269/739/2 2270/732/2 2312/738/2
f 2311/600/2 2312/738/2 2270/732/2
f 2288/737/2 2342/741/2 2343/735/2
f 2342/741/2 2288/737/2 2289/742/2
f 2271/642/2 2272/747/2 2310/733/2
f 2310/733/2 2272/747/2 2309/748/2
f 2273/749/2 2309/748/2 2272/747/2
f 2309/748/2 2273/749/2 2308/750/2
f 2274/717/2 2308/750/2 2273/749/2
f 2307/718/2 2308/750/2 2274/717/2
f 2284/731/2 2346/713/2 2347/730/2
f 2285/751/2 2346/713/2 2284/731/2
f 2346/713/2 2285/751/2 2345/752/2
f 2286/701/2 2345/752/2 2285/751/2
f 2345/752/2 2286/701/2 2344/734/2
f 2344/734/2 2286/701/2 2287/736/2
f 2266/626/2 2267/753/2 2316/614/2
f 2291/692/2 2292/755/2 2338/754/2
f 2265/756/2 2317/758/2 2318/757/2
f 2337/759/2 2293/760/2 2336/645/2
f 2265/756/2 2266/626/2 2317/758/2
f 2316/614/2 2317/758/2 2266/626/2
f 2292/755/2 2337/759/2 2338/754/2
f 2337/759/2 2292/755/2 2293/760/2
f 2319/761/2 2263/763/2 2264/762/2
f 2320/764/2 2263/763/2 2319/761/2
f 2335/765/2 2295/767/2 2334/766/2
f 2294/768/2 2295/767/2 2335/765/2
f 2318/757/2 2264/762/2 2265/756/2
f 2264/762/2 2318/757/2 2319/761/2
f 2335/765/2 2336/645/2 2294/768/2
f 2293/760/2 2294/768/2 2336/645/2
f 2260/769/2 2323/771/2 2259/770/2
f 2324/772/2 2259/770/2 2323/771/2
f 2259/770/2 2324/772/2 2258/773/2
f 2325/774/2 2258/773/2 2324/772/2
f 2258/773/2 2325/774/2 2257/775/2
f 2326/705/2 2257/775/2 2325/774/2
f 2257/775/2 2326/705/2 2256/75/2
f 2327/776/2 2256/75/2 2326/705/2
f 2256/75/2 2327/776/2 2303/777/2
f 2328/778/2 2303/777/2 2327/776/2
f 2303/777/2 2328/778/2 2302/779/2
f 2329/780/2 2302/779/2 2328/778/2
f 2302/779/2 2329/780/2 2301/620/2
f 2301/620/2 2329/780/2 2300/781/2
f 2330/782/2 2300/781/2 2329/780/2
f 2300/781/2 2330/782/2 2299/783/2
f 2331/635/2 2299/783/2 2330/782/2
f 2299/783/2 2331/635/2 2298/784/2
f 2320/764/2 2262/785/2 2263/763/2
f 2321/684/2 2262/785/2 2320/764/2
f 2262/785/2 2321/684/2 2261/668/2
f 2322/786/2 2261/668/2 2321/684/2
f 2261/668/2 2322/786/2 2260/769/2
f 2260/769/2 2322/786/2 2323/771/2
f 2331/635/2 2332/787/2 2298/784/2
f 2298/784/2 2332/787/2 2297/788/2
f 2333/789/2 2297/788/2 2332/787/2
f 2297/788/2 2333/789/2 2296/679/2
f 2334/766/2 2296/679/2 2333/789/2
f 2295/767/2 2296/679/2 2334/766/2
f 2314/744/2 2267/753/2 2268/743/2
f 2315/790/2 2267/753/2 2314/744/2
f 2267/753/2 2315/790/2 2316/614/2
f 2338/754/2 2339/791/2 2291/692/2
f 2340/745/2 2291/692/2 2339/791/2
f 2290/746/2 2291/692/2 2340/745/2
f 2404/792/2 2402/794/2 2403/793/2
f 2405/795/2 2402/794/2 2404/792/2
f 2405/795/2 2401/796/2 2402/794/2
f 2401/796/2 2405/795/2 2400/797/2
f 2352/75/2 2400/797/2 2405/795/2
f 2400/797/2 2352/75/2 2399/798/2
f 2399/798/2 2352/75/2 2398/799/2
f 2398/799/2 2352/75/2 2397/800/2
f 2397/800/2 2352/75/2 2353/801/2
f 2405/795/2 2406/80/2 2352/75/2
f 2395/802/2 2355/804/2 2394/803/2
f 2356/805/2 2394/803/2 2355/804/2
f 2360/806/2 2391/808/2 2359/807/2
f 2356/805/2 2393/809/2 2394/803/2
f 2357/810/2 2393/809/2 2356/805/2
f 2393/809/2 2357/810/2 2392/811/2
f 2358/812/2 2392/811/2 2357/810/2
f 2392/811/2 2358/812/2 2391/808/2
f 2391/808/2 2358/812/2 2359/807/2
f 2353/801/2 2396/813/2 2397/800/2
f 2354/814/2 2396/813/2 2353/801/2
f 2396/813/2 2354/814/2 2395/802/2
f 2395/802/2 2354/814/2 2355/804/2
f 2364/815/2 2365/817/2 2388/816/2
f 2388/816/2 2389/818/2 2364/815/2
f 2363/819/2 2364/815/2 2389/818/2
f 2386/820/2 2387/822/2 2368/821/2
f 2368/821/2 2387/822/2 2367/823/2
f 2367/823/2 2387/822/2 2366/824/2
f 2388/816/2 2366/824/2 2387/822/2
f 2365/817/2 2366/824/2 2388/816/2
f 2378/825/2 2379/4/2 2377/826/2
f 2380/827/2 2377/826/2 2379/4/2
f 2377/826/2 2380/827/2 2376/828/2
f 2381/829/2 2376/828/2 2380/827/2
f 2376/828/2 2381/829/2 2375/830/2
f 2382/831/2 2375/830/2 2381/829/2
f 2375/830/2 2382/831/2 2374/832/2
f 2382/831/2 2383/833/2 2374/832/2
f 2374/832/2 2383/833/2 2373/834/2
f 2373/834/2 2383/833/2 2372/835/2
f 2384/836/2 2372/835/2 2383/833/2
f 2372/835/2 2384/836/2 2371/837/2
f 2385/838/2 2371/837/2 2384/836/2
f 2371/837/2 2385/838/2 2370/839/2
f 2370/839/2 2385/838/2 2369/840/2
f 2386/820/2 2369/840/2 2385/838/2
f 2368/821/2 2369/840/2 2386/820/2
f 2360/806/2 2390/841/2 2391/808/2
f 2361/842/2 2390/841/2 2360/806/2
f 2362/843/2 2390/841/2 2361/842/2
f 2390/841/2 2362/843/2 2389/818/2
f 2389/818/2 2362/843/2 2363/819/2
f 2475/142/2 2434/141/2 2474/140/2
f 2434/141/2 2475/142/2 2433/102/2
f 2476/101/2 2433/102/2 2475/142/2
f 2433/102/2 2476/101/2 2432/103/2
f 2477/100/2 2432/103/2 2476/101/2
f 2432/103/2 2477/100/2 2431/105/2
f 2478/104/2 2431/105/2 2477/100/2
f 2479/106/2 2431/105/2 2478/104/2
f 2431/105/2 2479/106/2 2430/107/2
f 2480/108/2 2430/107/2 2479/106/2
f 2430/107/2 2480/108/2 2429/109/2
f 2481/110/2 2429/109/2 2480/108/2
f 2429/109/2 2481/110/2 2428/111/2
f 2482/112/2 2428/111/2 2481/110/2
f 2428/111/2 2482/112/2 2427/113/2
f 2483/115/2 2427/113/2 2482/112/2
f 2427/113/2 2483/115/2 2426/114/2
f 2484/116/2 2426/114/2 2483/115/2
f 2470/128/2 2471/130/2 2438/129/2
f 2438/129/2 2471/130/2 2437/131/2
f 2423/147/2 2487/148/2 2422/133/2
f 2422/133/2 2487/148/2 2488/132/2
f 2439/125/2 2440/120/2 2469/124/2
f 2420/127/2 2421/134/2 2489/135/2
f 2467/117/2 2468/119/2 2441/118/2
f 2418/121/2 2419/123/2 2491/122/2
f 2490/126/2 2491/122/2 2419/123/2
f 2440/120/2 2468/119/2 2469/124/2
f 2468/119/2 2440/120/2 2441/118/2
f 2419/123/2 2420/127/2 2490/126/2
f 2489/135/2 2490/126/2 2420/127/2
f 2469/124/2 2470/128/2 2439/125/2
f 2438/129/2 2439/125/2 2470/128/2
f 2488/132/2 2421/134/2 2422/133/2
f 2421/134/2 2488/132/2 2489/135/2
f 2471/130/2 2472/136/2 2437/131/2
f 2437/131/2 2472/136/2 2436/137/2
f 2473/138/2 2436/137/2 2472/136/2
f 2436/137/2 2473/138/2 2435/139/2
f 2474/140/2 2435/139/2 2473/138/2
f 2434/141/2 2435/139/2 2474/140/2
f 2484/116/2 2425/143/2 2426/114/2
f 2485/144/2 2425/143/2 2484/116/2
f 2425/143/2 2485/144/2 2424/145/2
f 2486/146/2 2424/145/2 2485/144/2
f 2424/145/2 2486/146/2 2423/147/2
f 2423/147/2 2486/146/2 2487/148/2
f 2466/158/2 2442/157/2 2443/153/2
f 2492/152/2 2493/150/2 2417/151/2
f 2415/159/2 2416/149/2 2494/160/2
f 2443/153/2 2465/154/2 2466/158/2
f 2465/154/2 2443/153/2 2444/156/2
f 2493/150/2 2416/149/2 2417/151/2
f 2416/149/2 2493/150/2 2494/160/2
f 2446/164/2 2462/163/2 2463/162/2
f 2462/163/2 2446/164/2 2447/190/2
f 2413/166/2 2414/165/2 2497/167/2
f 2496/168/2 2497/167/2 2414/165/2
f 2444/156/2 2464/155/2 2465/154/2
f 2445/161/2 2464/155/2 2444/156/2
f 2464/155/2 2445/161/2 2463/162/2
f 2463/162/2 2445/161/2 2446/164/2
f 2414/165/2 2415/159/2 2496/168/2
f 2496/168/2 2415/159/2 2495/169/2
f 2494/160/2 2495/169/2 2415/159/2
f 2410/187/2 2411/191/2 2500/192/2
f 2499/194/2 2500/192/2 2411/191/2
f 2455/174/2 2453/176/2 2454/175/2
f 2504/80/2 2407/75/2 2503/180/2
f 2455/174/2 2452/179/2 2453/176/2
f 2407/75/2 2408/184/2 2503/180/2
f 2502/186/2 2503/180/2 2408/184/2
f 2449/173/2 2458/181/2 2459/171/2
f 2450/182/2 2458/181/2 2449/173/2
f 2458/181/2 2450/182/2 2457/183/2
f 2451/178/2 2457/183/2 2450/182/2
f 2457/183/2 2451/178/2 2456/177/2
f 2456/177/2 2451/178/2 2455/174/2
f 2455/174/2 2451/178/2 2452/179/2
f 2408/184/2 2409/185/2 2502/186/2
f 2502/186/2 2409/185/2 2501/188/2
f 2410/187/2 2501/188/2 2409/185/2
f 2500/192/2 2501/188/2 2410/187/2
f 2447/190/2 2461/189/2 2462/163/2
f 2448/172/2 2461/189/2 2447/190/2
f 2461/189/2 2448/172/2 2460/170/2
f 2460/170/2 2448/172/2 2459/171/2
f 2459/171/2 2448/172/2 2449/173/2
f 2411/191/2 2412/193/2 2499/194/2
f 2499/194/2 2412/193/2 2498/195/2
f 2413/166/2 2498/195/2 2412/193/2
f 2497/167/2 2498/195/2 2413/166/2
f 2466/158/2 2467/117/2 2442/157/2
f 2441/118/2 2442/157/2 2467/117/2
f 2417/151/2 2418/121/2 2492/152/2
f 2491/122/2 2492/152/2 2418/121/2
s 1
f 2506/844/3 2508/845/4 2507/77/4 2505/75/3
f 2508/845/4 2510/846/5 2509/68/5 2507/77/4
f 2510/846/5 2512/847/6 2511/67/6 2509/68/5
f 2512/847/6 2514/848/7 2513/86/7 2511/67/6
f 2514/848/7 2516/849/8 2515/85/8 2513/86/7
f 2516/849/8 2518/850/9 2517/61/9 2515/85/8
f 2518/850/9 2520/851/10 2519/60/10 2517/61/9
f 2520/851/10 2522/852/11 2521/63/11 2519/60/10
f 2522/852/11 2524/853/12 2523/55/12 2521/63/11
f 2524/853/12 2526/854/13 2525/50/13 2523/55/12
f 2526/854/13 2528/855/14 2527/99/14 2525/50/13
f 2528/855/14 2530/856/15 2529/18/15 2527/99/14
f 2530/856/15 2532/857/16 2531/23/16 2529/18/15
f 2532/857/16 2534/858/17 2533/27/17 2531/23/16
f 2534/858/17 2536/859/18 2535/33/18 2533/27/17
f 2536/859/18 2538/860/19 2537/35/19 2535/33/18
f 2538/860/19 2540/861/20 2539/37/20 2537/35/19
f 2540/861/20 2542/862/21 2541/38/21 2539/37/20
f 2542/862/21 2544/863/22 2543/40/22 2541/38/21
f 2544/863/22 2546/864/23 2545/2/23 2543/40/22
f 2546/864/23 2548/865/24 2547/1/24 2545/2/23
f 2548/865/24 2550/866/25 2549/5/25 2547/1/24
f 2550/866/25 2552/867/26 2551/7/26 2549/5/25
f 2552/867/26 2554/868/27 2553/9/27 2551/7/26
f 2554/868/27 2556/869/28 2555/10/28 2553/9/27
f 2556/869/28 2558/870/29 2557/12/29 2555/10/28
f 2558/870/29 2560/871/30 2559/14/30 2557/12/29
f 2560/871/30 2562/872/31 2561/16/31 2559/14/30
f 2562/872/31 2564/873/32 2563/43/32 2561/16/31
f 2564/873/32 2566/874/33 2565/45/33 2563/43/32
f 2566/874/33 2568/875/34 2567/48/34 2565/45/33
f 2568/875/34 2570/876/35 2569/31/35 2567/48/34
f 2570/876/35 2572/877/36 2571/32/36 2569/31/35
f 2572/877/36 2574/878/37 2573/25/37 2571/32/36
f 2574/878/37 2576/879/38 2575/21/38 2573/25/37
f 2576/879/38 2578/880/39 2577/53/39 2575/21/38
f 2578/880/39 2580/881/40 2579/58/40 2577/53/39
f 2580/881/40 2582/882/41 2581/66/41 2579/58/40
f 2582/882/41 2584/883/42 2583/98/42 2581/66/41
f 2584/883/42 2586/884/43 2585/96/43 2583/98/42
f 2586/884/43 2588/885/44 2587/94/44 2585/96/43
f 2588/885/44 2590/886/45 2589/92/45 2587/94/44
f 2590/886/45 2592/887/46 2591/90/46 2589/92/45
f 2592/887/46 2594/888/47 2593/84/47 2591/90/46
f 2594/888/47 2596/889/48 2595/82/48 2593/84/47
f 2596/889/48 2598/890/49 2597/81/49 2595/82/48
f 2598/890/49 2600/891/50 2599/79/50 2597/81/49
f 2600/891/50 2602/892/51 2601/6/51 2599/79/50
f 2602/892/51 2604/893/52 2603/4/52 2601/6/51
f 2604/893/52 2606/894/53 2605/3/53 2603/4/52
f 2606/894/53 2608/895/54 2607/41/54 2605/3/53
f 2608/895/54 2610/896/55 2609/39/55 2607/41/54
f 2610/896/55 2612/897/56 2611/36/56 2609/39/55
f 2612/897/56 2614/898/57 2613/34/57 2611/36/56
f 2614/898/57 2616/899/58 2615/28/58 2613/34/57
f 2616/899/58 2618/900/59 2617/24/59 2615/28/58
f 2618/900/59 2620/901/60 2619/17/60 2617/24/59
f 2620/901/60 2622/902/61 2621/19/61 2619/17/60
f 2622/902/61 2624/903/62 2623/49/62 2621/19/61
f 2624/903/62 2626/904/63 2625/51/63 2623/49/62
f 2626/904/63 2628/905/64 2627/56/64 2625/51/63
f 2628/905/64 2630/906/65 2629/64/65 2627/56/64
f 2630/906/65 2632/907/66 2631/59/66 2629/64/65
f 2632/907/66 2634/908/67 2633/62/67 2631/59/66
f 2634/908/67 2636/909/68 2635/87/68 2633/62/67
f 2636/909/68 2638/910/69 2637/69/69 2635/87/68
f 2638/910/69 2640/911/70 2639/70/70 2637/69/69
f 2640/911/70 2642/912/71 2641/78/71 2639/70/70
f 2642/912/71 2644/913/72 2643/74/72 2641/78/71
f 2644/913/72 2646/914/73 2645/76/73 2643/74/72
f 2646/914/73 2648/915/74 2647/71/74 2645/76/73
f 2648/915/74 2650/916/75 2649/73/75 2647/71/74
f 2650/916/75 2652/917/76 2651/72/76 2649/73/75
f 2652/917/76 2654/918/77 2653/83/77 2651/72/76
f 2654/918/77 2656/919/78 2655/88/78 2653/83/77
f 2656/919/78 2658/920/79 2657/89/79 2655/88/78
f 2658/920/79 2660/921/80 2659/91/80 2657/89/79
f 2660/921/80 2662/922/81 2661/93/81 2659/91/80
f 2662/922/81 2664/923/82 2663/95/82 2661/93/81
f 2664/923/82 2666/924/83 2665/97/83 2663/95/82
f 2666/924/83 2668/925/84 2667/65/84 2665/97/83
f 2668/925/84 2670/926/85 2669/57/85 2667/65/84
f 2670/926/85 2672/927/86 2671/52/86 2669/57/85
f 2672/927/86 2674/928/87 2673/54/87 2671/52/86
f 2674/928/87 2676/929/88 2675/20/88 2673/54/87
f 2676/929/88 2678/930/89 2677/22/89 2675/20/88
f 2678/930/89 2680/931/90 2679/26/90 2677/22/89
f 2680/931/90 2682/932/91 2681/30/91 2679/26/90
f 2682/932/91 2684/933/92 2683/29/92 2681/30/91
f 2684/933/92 2686/934/93 2685/47/93 2683/29/92
f 2686/934/93 2688/935/94 2687/46/94 2685/47/93
f 2688/935/94 2690/936/95 2689/44/95 2687/46/94
f 2690/936/95 2692/937/96 2691/42/96 2689/44/95
f 2692/937/96 2694/938/97 2693/15/97 2691/42/96
f 2694/938/97 2696/939/98 2695/13/98 2693/15/97
f 2696/939/98 2698/940/99 2697/11/99 2695/13/98
f 2698/940/99 2700/941/100 2699/8/100 2697/11/99
f 2700/941/100 2506/942/3 2505/80/3 2699/8/100
f 2702/844/101 2704/943/102 2703/944/102 2701/75/101
f 2704/943/102 2706/945/103 2705/946/103 2703/944/102
f 2706/945/103 2708/947/104 2707/948/104 2705/946/103
f 2708/947/104 2710/949/105 2709/950/105 2707/948/104
f 2710/949/105 2712/951/106 2711/437/106 2709/950/105
f 2712/951/106 2714/952/107 2713/953/107 2711/437/106
f 2714/952/107 2716/954/108 2715/955/108 2713/953/107
f 2716/954/108 2718/956/109 2717/957/109 2715/955/108
f 2718/956/109 2720/958/110 2719/959/110 2717/957/109
f 2720/958/110 2722/960/111 2721/416/111 2719/959/110
f 2722/960/111 2724/961/112 2723/716/112 2721/416/111
f 2724/961/112 2726/962/113 2725/963/113 2723/716/112
f 2726/962/113 2728/964/114 2727/965/114 2725/963/113
f 2728/964/114 2730/966/115 2729/967/115 2727/965/114
f 2730/966/115 2732/968/116 2731/422/116 2729/967/115
f 2732/968/116 2734/969/117 2733/970/117 2731/422/116
f 2734/969/117 2736/971/118 2735/972/118 2733/970/117
f 2736/971/118 2738/973/119 2737/974/119 2735/972/118
f 2738/973/119 2740/975/120 2739/976/120 2737/974/119
f 2740/975/120 2742/977/121 2741/382/121 2739/976/120
f 2742/977/121 2744/978/122 2743/979/122 2741/382/121
f 2744/978/122 2746/980/123 2745/768/123 2743/979/122
f 2746/980/123 2748/981/124 2747/982/124 2745/768/123
f 2748/981/124 2750/983/125 2749/984/125 2747/982/124
f 2750/983/125 2752/985/126 2751/374/126 2749/984/125
f 2752/985/126 2754/986/127 2753/987/127 2751/374/126
f 2754/986/127 2756/988/128 2755/989/128 2753/987/127
f 2756/988/128 2758/990/129 2757/991/129 2755/989/128
f 2758/990/129 2760/992/130 2759/993/130 2757/991/129
f 2760/992/130 2762/994/131 2761/381/131 2759/993/130
f 2762/994/131 2764/995/132 2763/996/132 2761/381/131
f 2764/995/132 2766/997/133 2765/998/133 2763/996/132
f 2766/997/133 2768/999/134 2767/740/134 2765/998/133
f 2768/999/134 2770/1000/135 2769/1001/135 2767/740/134
f 2770/1000/135 2772/1002/136 2771/385/136 2769/1001/135
f 2772/1002/136 2774/1003/137 2773/1004/137 2771/385/136
f 2774/1003/137 2776/1005/138 2775/1006/138 2773/1004/137
f 2776/1005/138 2778/1007/139 2777/1008/139 2775/1006/138
f 2778/1007/139 2780/1009/140 2779/1010/140 2777/1008/139
f 2780/1009/140 2782/1011/141 2781/409/141 2779/1010/140
f 2782/1011/141 2784/1012/142 2783/1013/142 2781/409/141
f 2784/1012/142 2786/1014/143 2785/1015/143 2783/1013/142
f 2786/1014/143 2788/1016/144 2787/1017/144 2785/1015/143
f 2788/1016/144 2790/1018/145 2789/787/145 2787/1017/144
f 2790/1018/145 2792/1019/146 2791/417/146 2789/787/145
f 2792/1019/146 2794/1020/147 2793/1021/147 2791/417/146
f 2794/1020/147 2796/1022/148 2795/1023/148 2793/1021/147
f 2796/1022/148 2798/1024/149 2797/1025/149 2795/1023/148
f 2798/1024/149 2800/1026/150 2799/1027/150 2797/1025/149
f 2800/1026/150 2802/1028/151 2801/410/151 2799/1027/150
f 2802/1028/151 2804/1029/152 2803/1030/152 2801/410/151
f 2804/1029/152 2806/1031/153 2805/1032/153 2803/1030/152
f 2806/1031/153 2808/1033/154 2807/1034/154 2805/1032/153
f 2808/1033/154 2810/1035/101 2809/1036/101 2807/1034/154
f 2810/1035/101 2702/942/101 2701/80/101 2809/1036/101
f 2812/844/155 2814/1037/156 2813/1038/156 2811/75/155
f 2814/1037/156 2816/1039/157 2815/1040/157 2813/1038/156
f 2816/1039/157 2818/1041/158 2817/1042/158 2815/1040/157
f 2818/1041/158 2820/1043/159 2819/1044/159 2817/1042/158
f 2820/1043/159 2822/1045/160 2821/1046/160 2819/1044/159
f 2822/1045/160 2824/1047/161 2823/561/161 2821/1046/160
f 2824/1047/161 2826/1048/162 2825/1049/162 2823/561/161
f 2826/1048/162 2828/1050/163 2827/842/163 2825/1049/162
f 2828/1050/163 2830/1051/164 2829/1052/164 2827/842/163
f 2830/1051/164 2832/1053/165 2831/1054/165 2829/1052/164
f 2832/1053/165 2834/1055/166 2833/1056/166 2831/1054/165
f 2834/1055/166 2836/1057/167 2835/572/167 2833/1056/166
f 2836/1057/167 2838/1058/168 2837/1059/168 2835/572/167
f 2838/1058/168 2840/1060/169 2839/1061/169 2837/1059/168
f 2840/1060/169 2842/1062/170 2841/1063/170 2839/1061/169
f 2842/1062/170 2844/1064/171 2843/839/171 2841/1063/170
f 2844/1064/171 2846/1065/172 2845/1066/172 2843/839/171
f 2846/1065/172 2848/1067/173 2847/580/173 2845/1066/172
f 2848/1067/173 2850/1068/174 2849/1069/174 2847/580/173
f 2850/1068/174 2852/1070/175 2851/1071/175 2849/1069/174
f 2852/1070/175 2854/1072/176 2853/1073/176 2851/1071/175
f 2854/1072/176 2856/1074/177 2855/1075/177 2853/1073/176
f 2856/1074/177 2858/1076/178 2857/1077/178 2855/1075/177
f 2858/1076/178 2860/893/179 2859/4/179 2857/1077/178
f 2860/893/179 2862/1078/180 2861/1079/180 2859/4/179
f 2862/1078/180 2864/1080/181 2863/1081/181 2861/1079/180
f 2864/1080/181 2866/1082/182 2865/1083/182 2863/1081/181
f 2866/1082/182 2868/1084/183 2867/1085/183 2865/1083/182
f 2868/1084/183 2870/1086/184 2869/1087/184 2867/1085/183
f 2870/1086/184 2872/1088/185 2871/571/185 2869/1087/184
f 2872/1088/185 2874/1089/186 2873/1090/186 2871/571/185
f 2874/1089/186 2876/1091/187 2875/816/187 2873/1090/186
f 2876/1091/187 2878/1092/188 2877/1093/188 2875/816/187
f 2878/1092/188 2880/1094/189 2879/1095/189 2877/1093/188
f 2880/1094/189 2882/1096/190 2881/1097/190 2879/1095/189
f 2882/1096/190 2884/1098/191 2883/559/191 2881/1097/190
f 2884/1098/191 2886/1099/192 2885/1100/192 2883/559/191
f 2886/1099/192 2888/1101/193 2887/1102/193 2885/1100/192
f 2888/1101/193 2890/1103/194 2889/1104/194 2887/1102/193
f 2890/1103/194 2892/1105/195 2891/800/195 2889/1104/194
f 2892/1105/195 2894/1106/196 2893/1107/196 2891/800/195
f 2894/1106/196 2896/1108/197 2895/552/197 2893/1107/196
f 2896/1108/197 2898/1109/198 2897/1110/198 2895/552/197
f 2898/1109/198 2900/1111/199 2899/1112/199 2897/1110/198
f 2900/1111/199 2902/1113/200 2901/1114/200 2899/1112/199
f 2902/1113/200 2904/1115/201 2903/1116/201 2901/1114/200
f 2904/1115/201 2906/1117/202 2905/1118/202 2903/1116/201
f 2906/1117/202 2812/942/155 2811/80/155 2905/1118/202
f 2908/844/203 2910/1037/204 2909/1038/204 2907/75/203
f 2910/1037/204 2912/1039/205 2911/1040/205 2909/1038/204
f 2912/1039/205 2914/1041/206 2913/1042/206 2911/1040/205
f 2914/1041/206 2916/1043/207 2915/1044/207 2913/1042/206
f 2916/1043/207 2918/1045/208 2917/1046/208 2915/1044/207
f 2918/1045/208 2920/1047/209 2919/561/209 2917/1046/208
f 2920/1047/209 2922/1048/210 2921/1049/210 2919/561/209
f 2922/1048/210 2924/1050/211 2923/842/211 2921/1049/210
f 2924/1050/211 2926/1051/212 2925/1052/212 2923/842/211
f 2926/1051/212 2928/1053/213 2927/1054/213 2925/1052/212
f 2928/1053/213 2930/1055/214 2929/1056/214 2927/1054/213
f 2930/1055/214 2932/1057/215 2931/572/215 2929/1056/214
f 2932/1057/215 2934/1058/216 2933/1059/216 2931/572/215
f 2934/1058/216 2936/1060/217 2935/1061/217 2933/1059/216
f 2936/1060/217 2938/1062/218 2937/1063/218 2935/1061/217
f 2938/1062/218 2940/1064/219 2939/839/219 2937/1063/218
f 2940/1064/219 2942/1065/220 2941/1066/220 2939/839/219
f 2942/1065/220 2944/1067/221 2943/580/221 2941/1066/220
f 2944/1067/221 2946/1068/222 2945/1069/222 2943/580/221
f 2946/1068/222 2948/1070/223 2947/1071/223 2945/1069/222
f 2948/1070/223 2950/1072/224 2949/1073/224 2947/1071/223
f 2950/1072/224 2952/1074/225 2951/1075/225 2949/1073/224
f 2952/1074/225 2954/1076/226 2953/1077/226 2951/1075/225
f 2954/1076/226 2956/893/227 2955/4/227 2953/1077/226
f 2956/893/227 2958/1078/228 2957/1079/228 2955/4/227
f 2958/1078/228 2960/1080/229 2959/1081/229 2957/1079/228
f 2960/1080/229 2962/1082/230 2961/1083/230 2959/1081/229
f 2962/1082/230 2964/1084/231 2963/1085/231 2961/1083/230
f 2964/1084/231 2966/1086/232 2965/1087/232 2963/1085/231
f 2966/1086/232 2968/1088/233 2967/571/233 2965/1087/232
f 2968/1088/233 2970/1089/234 2969/1090/234 2967/571/233
f 2970/1089/234 2972/1091/235 2971/816/235 2969/1090/234
f 2972/1091/235 2974/1092/236 2973/1093/236 2971/816/235
f 2974/1092/236 2976/1094/237 2975/1095/237 2973/1093/236
f 2976/1094/237 2978/1096/238 2977/1097/238 2975/1095/237
f 2978/1096/238 2980/1098/239 2979/559/239 2977/1097/238
f 2980/1098/239 2982/1099/240 2981/1100/240 2979/559/239
f 2982/1099/240 2984/1101/241 2983/1102/241 2981/1100/240
f 2984/1101/241 2986/1103/242 2985/1104/242 2983/1102/241
f 2986/1103/242 2988/1105/243 2987/800/243 2985/1104/242
f 2988/1105/243 2990/1106/244 2989/1107/244 2987/800/243
f 2990/1106/244 2992/1108/245 2991/552/245 2989/1107/244
f 2992/1108/245 2994/1109/246 2993/1110/246 2991/552/245
f 2994/1109/246 2996/1111/247 2995/1112/247 2993/1110/246
f 2996/1111/247 2998/1113/248 2997/1114/248 2995/1112/247
f 2998/1113/248 3000/1115/249 2999/1116/249 2997/1114/248
f 3000/1115/249 3002/1117/250 3001/1118/250 2999/1116/249
f 3002/1117/250 2908/942/203 2907/80/203 3001/1118/250
f 3004/844/251 3006/1119/252 3005/1120/252 3003/75/251
f 3006/1119/252 3008/1121/253 3007/1122/253 3005/1120/252
f 3008/1121/253 3010/1123/254 3009/1124/254 3007/1122/253
f 3010/1123/254 3012/1125/255 3011/1126/255 3009/1124/254
f 3012/1125/255 3014/1127/256 3013/1128/256 3011/1126/255
f 3014/1127/256 3016/1129/257 3015/1130/257 3013/1128/256
f 3016/1129/257 3018/1131/258 3017/1132/258 3015/1130/257
f 3018/1131/258 3020/1133/259 3019/1134/259 3017/1132/258
f 3020/1133/259 3022/1135/260 3021/1136/260 3019/1134/259
f 3022/1135/260 3024/1137/261 3023/1138/261 3021/1136/260
f 3024/1137/261 3026/1139/262 3025/1140/262 3023/1138/261
f 3026/1139/262 3028/1141/263 3027/1142/263 3025/1140/262
f 3028/1141/263 3030/1143/264 3029/1144/264 3027/1142/263
f 3030/1143/264 3032/1145/265 3031/1146/265 3029/1144/264
f 3032/1145/265 3034/1147/266 3033/1148/266 3031/1146/265
f 3034/1147/266 3036/1149/267 3035/1150/267 3033/1148/266
f 3036/1149/267 3038/1151/268 3037/1152/268 3035/1150/267
f 3038/1151/268 3040/1153/269 3039/1154/269 3037/1152/268
f 3040/1153/269 3042/1155/270 3041/1156/270 3039/1154/269
f 3042/1155/270 3044/1157/271 3043/1158/271 3041/1156/270
f 3044/1157/271 3046/1159/272 3045/1160/272 3043/1158/271
f 3046/1159/272 3048/1161/273 3047/1162/273 3045/1160/272
f 3048/1161/273 3050/1163/274 3049/1164/274 3047/1162/273
f 3050/1163/274 3052/1165/275 3051/1166/275 3049/1164/274
f 3052/1165/275 3054/1167/276 3053/1168/276 3051/1166/275
f 3054/1167/276 3056/1169/277 3055/1170/277 3053/1168/276
f 3056/1169/277 3058/1171/278 3057/1172/278 3055/1170/277
f 3058/1171/278 3060/1173/279 3059/1174/279 3057/1172/278
f 3060/1173/279 3062/1175/280 3061/1176/280 3059/1174/279
f 3062/1175/280 3064/1177/281 3063/1178/281 3061/1176/280
f 3064/1177/281 3066/1179/282 3065/1180/282 3063/1178/281
f 3066/1179/282 3068/1181/283 3067/1182/283 3065/1180/282
f 3068/1181/283 3070/1183/284 3069/1184/284 3067/1182/283
f 3070/1183/284 3072/1185/285 3071/1186/285 3069/1184/284
f 3072/1185/285 3074/1187/286 3073/1188/286 3071/1186/285
f 3074/1187/286 3076/1189/287 3075/1190/287 3073/1188/286
f 3076/1189/287 3078/1191/288 3077/1192/288 3075/1190/287
f 3078/1191/288 3080/1193/289 3079/1194/289 3077/1192/288
f 3080/1193/289 3082/1195/290 3081/1196/290 3079/1194/289
f 3082/1195/290 3084/1197/291 3083/1198/291 3081/1196/290
f 3084/1197/291 3086/1199/292 3085/1200/292 3083/1198/291
f 3086/1199/292 3088/1201/293 3087/1202/293 3085/1200/292
f 3088/1201/293 3090/1203/294 3089/1204/294 3087/1202/293
f 3090/1203/294 3092/1205/295 3091/1206/295 3089/1204/294
f 3092/1205/295 3094/1207/296 3093/1208/296 3091/1206/295
f 3094/1207/296 3096/1209/297 3095/1210/297 3093/1208/296
f 3096/1209/297 3098/1211/298 3097/1212/298 3095/1210/297
f 3098/1211/298 3100/1213/299 3099/1214/299 3097/1212/298
f 3100/1213/299 3102/1215/300 3101/1216/300 3099/1214/299
f 3102/1215/300 3104/1217/301 3103/1218/301 3101/1216/300
f 3104/1217/301 3106/1219/302 3105/1220/302 3103/1218/301
f 3106/1219/302 3108/1221/303 3107/1222/303 3105/1220/302
f 3108/1221/303 3110/1223/304 3109/1224/304 3107/1222/303
f 3110/1223/304 3112/1225/305 3111/1226/305 3109/1224/304
f 3112/1225/305 3114/1227/306 3113/1228/306 3111/1226/305
f 3114/1227/306 3116/1229/307 3115/1230/307 3113/1228/306
f 3116/1229/307 3118/1231/308 3117/1232/308 3115/1230/307
f 3118/1231/308 3120/1233/309 3119/1234/309 3117/1232/308
f 3120/1233/309 3122/1235/310 3121/1236/310 3119/1234/309
f 3122/1235/310 3124/1237/311 3123/1238/311 3121/1236/310
f 3124/1237/311 3126/1239/312 3125/1240/312 3123/1238/311
f 3126/1239/312 3128/1241/313 3127/1242/313 3125/1240/312
f 3128/1241/313 3130/1243/314 3129/1244/314 3127/1242/313
f 3130/1243/314 3132/1245/315 3131/1246/315 3129/1244/314
f 3132/1245/315 3134/1247/316 3133/1248/316 3131/1246/315
f 3134/1247/316 3136/1249/317 3135/1250/317 3133/1248/316
f 3136/1249/317 3138/893/318 3137/4/318 3135/1250/317
f 3138/893/318 3140/1251/319 3139/1252/319 3137/4/318
f 3140/1251/319 3142/1253/320 3141/1254/320 3139/1252/319
f 3142/1253/320 3144/1255/321 3143/1256/321 3141/1254/320
f 3144/1255/321 3146/1257/322 3145/1258/322 3143/1256/321
f 3146/1257/322 3148/1259/323 3147/1260/323 3145/1258/322
f 3148/1259/323 3150/1261/324 3149/1262/324 3147/1260/323
f 3150/1261/324 3152/1263/325 3151/1264/325 3149/1262/324
f 3152/1263/325 3154/1265/326 3153/1266/326 3151/1264/325
f 3154/1265/326 3156/1267/327 3155/1268/327 3153/1266/326
f 3156/1267/327 3158/1269/328 3157/1270/328 3155/1268/327
f 3158/1269/328 3160/1271/329 3159/1272/329 3157/1270/328
f 3160/1271/329 3162/1273/330 3161/1274/330 3159/1272/329
f 3162/1273/330 3164/1275/331 3163/1276/331 3161/1274/330
f 3164/1275/331 3166/1277/332 3165/1278/332 3163/1276/331
f 3166/1277/332 3168/1279/333 3167/1280/333 3165/1278/332
f 3168/1279/333 3170/1281/334 3169/1282/334 3167/1280/333
f 3170/1281/334 3172/1283/335 3171/1284/335 3169/1282/334
f 3172/1283/335 3174/1285/336 3173/1286/336 3171/1284/335
f 3174/1285/336 3176/1287/337 3175/1288/337 3173/1286/336
f 3176/1287/337 3178/1289/338 3177/1290/338 3175/1288/337
f 3178/1289/338 3180/1291/339 3179/1292/339 3177/1290/338
f 3180/1291/339 3182/1293/340 3181/1294/340 3179/1292/339
f 3182/1293/340 3184/1295/341 3183/1296/341 3181/1294/340
f 3184/1295/341 3186/1297/342 3185/1298/342 3183/1296/341
f 3186/1297/342 3188/1299/343 3187/1300/343 3185/1298/342
f 3188/1299/343 3190/1301/344 3189/1302/344 3187/1300/343
f 3190/1301/344 3192/1303/345 3191/1304/345 3189/1302/344
f 3192/1303/345 3194/1305/346 3193/1306/346 3191/1304/345
f 3194/1305/346 3196/1307/347 3195/1308/347 3193/1306/346
f 3196/1307/347 3198/1309/348 3197/1310/348 3195/1308/347
f 3198/1309/348 3200/1311/349 3199/1312/349 3197/1310/348
f 3200/1311/349 3202/1313/350 3201/1314/350 3199/1312/349
f 3202/1313/350 3204/1315/351 3203/1316/351 3201/1314/350
f 3204/1315/351 3206/1317/352 3205/1318/352 3203/1316/351
f 3206/1317/352 3208/1319/353 3207/1320/353 3205/1318/352
f 3208/1319/353 3210/1321/354 3209/1322/354 3207/1320/353
f 3210/1321/354 3212/1323/355 3211/1324/355 3209/1322/354
f 3212/1323/355 3214/1325/356 3213/1326/356 3211/1324/355
f 3214/1325/356 3216/1327/357 3215/1328/357 3213/1326/356
f 3216/1327/357 3218/1329/358 3217/1330/358 3215/1328/357
f 3218/1329/358 3220/1331/359 3219/1332/359 3217/1330/358
f 3220/1331/359 3222/1333/360 3221/1334/360 3219/1332/359
f 3222/1333/360 3224/1335/361 3223/1336/361 3221/1334/360
f 3224/1335/361 3226/1337/362 3225/1338/362 3223/1336/361
f 3226/1337/362 3228/1339/363 3227/1340/363 3225/1338/362
f 3228/1339/363 3230/1341/364 3229/1342/364 3227/1340/363
f 3230/1341/364 3232/1343/365 3231/1344/365 3229/1342/364
f 3232/1343/365 3234/1345/366 3233/1346/366 3231/1344/365
f 3234/1345/366 3236/1347/367 3235/1348/367 3233/1346/366
f 3236/1347/367 3238/1349/368 3237/1350/368 3235/1348/367
f 3238/1349/368 3240/1351/369 3239/1352/369 3237/1350/368
f 3240/1351/369 3242/1353/370 3241/1354/370 3239/1352/369
f 3242/1353/370 3244/1355/371 3243/1356/371 3241/1354/370
f 3244/1355/371 3246/1357/372 3245/1358/372 3243/1356/371
f 3246/1357/372 3248/1359/373 3247/1360/373 3245/1358/372
f 3248/1359/373 3250/1361/374 3249/1362/374 3247/1360/373
f 3250/1361/374 3252/1363/375 3251/1364/375 3249/1362/374
f 3252/1363/375 3254/1365/376 3253/1366/376 3251/1364/375
f 3254/1365/376 3256/1367/377 3255/1368/377 3253/1366/376
f 3256/1367/377 3258/1369/378 3257/1370/378 3255/1368/377
f 3258/1369/378 3260/1371/379 3259/1372/379 3257/1370/378
f 3260/1371/379 3262/1373/380 3261/1374/380 3259/1372/379
f 3262/1373/380 3264/1375/381 3263/1376/381 3261/1374/380
f 3264/1375/381 3266/1377/382 3265/1378/382 3263/1376/381
f 3266/1377/382 3268/1379/383 3267/1380/383 3265/1378/382
f 3268/1379/383 3270/1381/384 3269/1382/384 3267/1380/383
f 3270/1381/384 3004/942/251 3003/80/251 3269/1382/384
f 3272/844/251 3274/1119/252 3273/1120/252 3271/75/251
f 3274/1119/252 3276/1121/253 3275/1122/253 3273/1120/252
f 3276/1121/253 3278/1123/254 3277/1124/254 3275/1122/253
f 3278/1123/254 3280/1125/255 3279/1126/255 3277/1124/254
f 3280/1125/255 3282/1127/256 3281/1128/256 3279/1126/255
f 3282/1127/256 3284/1129/257 3283/1130/257 3281/1128/256
f 3284/1129/257 3286/1131/258 3285/1132/258 3283/1130/257
f 3286/1131/258 3288/1133/259 3287/1134/259 3285/1132/258
f 3288/1133/259 3290/1135/260 3289/1136/260 3287/1134/259
f 3290/1135/260 3292/1137/261 3291/1138/261 3289/1136/260
f 3292/1137/261 3294/1139/262 3293/1140/262 3291/1138/261
f 3294/1139/262 3296/1141/263 3295/1142/263 3293/1140/262
f 3296/1141/263 3298/1143/264 3297/1144/264 3295/1142/263
f 3298/1143/264 3300/1145/265 3299/1146/265 3297/1144/264
f 3300/1145/265 3302/1147/266 3301/1148/266 3299/1146/265
f 3302/1147/266 3304/1149/267 3303/1150/267 3301/1148/266
f 3304/1149/267 3306/1151/268 3305/1152/268 3303/1150/267
f 3306/1151/268 3308/1153/269 3307/1154/269 3305/1152/268
f 3308/1153/269 3310/1155/270 3309/1156/270 3307/1154/269
f 3310/1155/270 3312/1157/271 3311/1158/271 3309/1156/270
f 3312/1157/271 3314/1159/272 3313/1160/272 3311/1158/271
f 3314/1159/272 3316/1161/273 3315/1162/273 3313/1160/272
f 3316/1161/273 3318/1163/274 3317/1164/274 3315/1162/273
f 3318/1163/274 3320/1165/275 3319/1166/275 3317/1164/274
f 3320/1165/275 3322/1167/276 3321/1168/276 3319/1166/275
f 3322/1167/276 3324/1169/277 3323/1170/277 3321/1168/276
f 3324/1169/277 3326/1171/278 3325/1172/278 3323/1170/277
f 3326/1171/278 3328/1173/279 3327/1174/279 3325/1172/278
f 3328/1173/279 3330/1175/280 3329/1176/280 3327/1174/279
f 3330/1175/280 3332/1177/281 3331/1178/281 3329/1176/280
f 3332/1177/281 3334/1179/282 3333/1180/282 3331/1178/281
f 3334/1179/282 3336/1181/283 3335/1182/283 3333/1180/282
f 3336/1181/283 3338/1183/284 3337/1184/284 3335/1182/283
f 3338/1183/284 3340/1185/285 3339/1186/285 3337/1184/284
f 3340/1185/285 3342/1187/286 3341/1188/286 3339/1186/285
f 3342/1187/286 3344/1189/287 3343/1190/287 3341/1188/286
f 3344/1189/287 3346/1191/288 3345/1192/288 3343/1190/287
f 3346/1191/288 3348/1193/289 3347/1194/289 3345/1192/288
f 3348/1193/289 3350/1195/290 3349/1196/290 3347/1194/289
f 3350/1195/290 3352/1197/291 3351/1198/291 3349/1196/290
f 3352/1197/291 3354/1199/292 3353/1200/292 3351/1198/291
f 3354/1199/292 3356/1201/293 3355/1202/293 3353/1200/292
f 3356/1201/293 3358/1203/294 3357/1204/294 3355/1202/293
f 3358/1203/294 3360/1205/295 3359/1206/295 3357/1204/294
f 3360/1205/295 3362/1207/296 3361/1208/296 3359/1206/295
f 3362/1207/296 3364/1209/297 3363/1210/297 3361/1208/296
f 3364/1209/297 3366/1211/298 3365/1212/298 3363/1210/297
f 3366/1211/298 3368/1213/299 3367/1214/299 3365/1212/298
f 3368/1213/299 3370/1215/300 3369/1216/300 3367/1214/299
f 3370/1215/300 3372/1217/301 3371/1218/301 3369/1216/300
f 3372/1217/301 3374/1219/302 3373/1220/302 3371/1218/301
f 3374/1219/302 3376/1221/303 3375/1222/303 3373/1220/302
f 3376/1221/303 3378/1223/304 3377/1224/304 3375/1222/303
f 3378/1223/304 3380/1225/305 3379/1226/305 3377/1224/304
f 3380/1225/305 3382/1227/306 3381/1228/306 3379/1226/305
f 3382/1227/306 3384/1229/307 3383/1230/307 3381/1228/306
f 3384/1229/307 3386/1231/308 3385/1232/308 3383/1230/307
f 3386/1231/308 3388/1233/309 3387/1234/309 3385/1232/308
f 3388/1233/309 3390/1235/310 3389/1236/310 3387/1234/309
f 3390/1235/310 3392/1237/311 3391/1238/311 3389/1236/310
f 3392/1237/311 3394/1239/312 3393/1240/312 3391/1238/311
f 3394/1239/312 3396/1241/313 3395/1242/313 3393/1240/312
f 3396/1241/313 3398/1243/314 3397/1244/314 3395/1242/313
f 3398/1243/314 3400/1245/315 3399/1246/315 3397/1244/314
f 3400/1245/315 3402/1247/316 3401/1248/316 3399/1246/315
f 3402/1247/316 3404/1249/317 3403/1250/317 3401/1248/316
f 3404/1249/317 3406/893/318 3405/4/318 3403/1250/317
f 3406/893/318 3408/1251/319 3407/1252/319 3405/4/318
f 3408/1251/319 3410/1253/320 3409/1254/320 3407/1252/319
f 3410/1253/320 3412/1255/321 3411/1256/321 3409/1254/320
f 3412/1255/321 3414/1257/322 3413/1258/322 3411/1256/321
f 3414/1257/322 3416/1259/323 3415/1260/323 3413/1258/322
f 3416/1259/323 3418/1261/324 3417/1262/324 3415/1260/323
f 3418/1261/324 3420/1263/325 3419/1264/325 3417/1262/324
f 3420/1263/325 3422/1265/326 3421/1266/326 3419/1264/325
f 3422/1265/326 3424/1267/327 3423/1268/327 3421/1266/326
f 3424/1267/327 3426/1269/328 3425/1270/328 3423/1268/327
f 3426/1269/328 3428/1271/329 3427/1272/329 3425/1270/328
f 3428/1271/329 3430/1273/330 3429/1274/330 3427/1272/329
f 3430/1273/330 3432/1275/331 3431/1276/331 3429/1274/330
f 3432/1275/331 3434/1277/332 3433/1278/332 3431/1276/331
f 3434/1277/332 3436/1279/333 3435/1280/333 3433/1278/332
f 3436/1279/333 3438/1281/334 3437/1282/334 3435/1280/333
f 3438/1281/334 3440/1283/335 3439/1284/335 3437/1282/334
f 3440/1283/335 3442/1285/336 3441/1286/336 3439/1284/335
f 3442/1285/336 3444/1287/337 3443/1288/337 3441/1286/336
f 3444/1287/337 3446/1289/338 3445/1290/338 3443/1288/337
f 3446/1289/338 3448/1291/339 3447/1292/339 3445/1290/338
f 3448/1291/339 3450/1293/340 3449/1294/340 3447/1292/339
f 3450/1293/340 3452/1295/341 3451/1296/341 3449/1294/340
f 3452/1295/341 3454/1297/342 3453/1298/342 3451/1296/341
f 3454/1297/342 3456/1299/343 3455/1300/343 3453/1298/342
f 3456/1299/343 3458/1301/344 3457/1302/344 3455/1300/343
f 3458/1301/344 3460/1303/345 3459/1304/345 3457/1302/344
f 3460/1303/345 3462/1305/346 3461/1306/346 3459/1304/345
f 3462/1305/346 3464/1307/347 3463/1308/347 3461/1306/346
f 3464/1307/347 3466/1309/348 3465/1310/348 3463/1308/347
f 3466/1309/348 3468/1311/349 3467/1312/349 3465/1310/348
f 3468/1311/349 3470/1313/350 3469/1314/350 3467/1312/349
f 3470/1313/350 3472/1315/351 3471/1316/351 3469/1314/350
f 3472/1315/351 3474/1317/352 3473/1318/352 3471/1316/351
f 3474/1317/352 3476/1319/353 3475/1320/353 3473/1318/352
f 3476/1319/353 3478/1321/354 3477/1322/354 3475/1320/353
f 3478/1321/354 3480/1323/355 3479/1324/355 3477/1322/354
f 3480/1323/355 3482/1325/385 3481/1326/385 3479/1324/355
f 3482/1325/385 3484/1327/357 3483/1328/357 3481/1326/385
f 3484/1327/357 3486/1329/358 3485/1330/358 3483/1328/357
f 3486/1329/358 3488/1331/359 3487/1332/359 3485/1330/358
f 3488/1331/359 3490/1333/360 3489/1334/360 3487/1332/359
f 3490/1333/360 3492/1335/361 3491/1336/361 3489/1334/360
f 3492/1335/361 3494/1337/362 3493/1338/362 3491/1336/361
f 3494/1337/362 3496/1339/363 3495/1340/363 3493/1338/362
f 3496/1339/363 3498/1341/364 3497/1342/364 3495/1340/363
f 3498/1341/364 3500/1343/365 3499/1344/365 3497/1342/364
f 3500/1343/365 3502/1345/366 3501/1346/366 3499/1344/365
f 3502/1345/366 3504/1347/367 3503/1348/367 3501/1346/366
f 3504/1347/367 3506/1349/368 3505/1350/368 3503/1348/367
f 3506/1349/368 3508/1351/369 3507/1352/369 3505/1350/368
f 3508/1351/369 3510/1353/370 3509/1354/370 3507/1352/369
f 3510/1353/370 3512/1355/371 3511/1356/371 3509/1354/370
f 3512/1355/371 3514/1357/372 3513/1358/372 3511/1356/371
f 3514/1357/372 3516/1359/373 3515/1360/373 3513/1358/372
f 3516/1359/373 3518/1361/374 3517/1362/374 3515/1360/373
f 3518/1361/374 3520/1363/375 3519/1364/375 3517/1362/374
f 3520/1363/375 3522/1365/376 3521/1366/376 3519/1364/375
f 3522/1365/376 3524/1367/377 3523/1368/377 3521/1366/376
f 3524/1367/377 3526/1369/378 3525/1370/378 3523/1368/377
f 3526/1369/378 3528/1371/379 3527/1372/379 3525/1370/378
f 3528/1371/379 3530/1373/380 3529/1374/380 3527/1372/379
f 3530/1373/380 3532/1375/381 3531/1376/381 3529/1374/380
f 3532/1375/381 3534/1377/382 3533/1378/382 3531/1376/381
f 3534/1377/382 3536/1379/383 3535/1380/383 3533/1378/382
f 3536/1379/383 3538/1381/384 3537/1382/384 3535/1380/383
f 3538/1381/384 3272/942/251 3271/80/251 3537/1382/384
f 3540/844/152 3542/1047/152 3541/561/152 3539/75/152
f 3542/1047/152 3544/1057/153 3543/572/153 3541/561/152
f 3544/1057/153 3546/1067/153 3545/580/153 3543/572/153
f 3546/1067/153 3548/893/153 3547/4/153 3545/580/153
f 3548/893/153 3550/1088/154 3549/571/154 3547/4/153
f 3550/1088/154 3552/1098/101 3551/559/101 3549/571/154
f 3552/1098/101 3554/1108/152 3553/552/152 3551/559/101
f 3554/1108/152 3540/942/152 3539/80/152 3553/552/152
f 3556/844/386 3558/1383/387 3557/1384/387 3555/75/386
f 3558/1383/387 3560/1385/388 3559/1386/388 3557/1384/387
f 3560/1385/388 3562/1387/389 3561/668/389 3559/1386/388
f 3562/1387/389 3564/1388/390 3563/1389/390 3561/668/389
f 3564/1388/390 3566/1390/391 3565/1391/391 3563/1389/390
f 3566/1390/391 3568/1392/392 3567/626/392 3565/1391/391
f 3568/1392/392 3570/1393/393 3569/1394/393 3567/626/392
f 3570/1393/393 3572/1395/394 3571/1396/394 3569/1394/393
f 3572/1395/394 3574/1397/395 3573/642/395 3571/1396/394
f 3574/1397/395 3576/1398/396 3575/1399/396 3573/642/395
f 3576/1398/396 3578/1400/397 3577/1401/397 3575/1399/396
f 3578/1400/397 3580/1402/398 3579/634/398 3577/1401/397
f 3580/1402/398 3582/1403/399 3581/1404/399 3579/634/398
f 3582/1403/399 3584/1405/400 3583/1406/400 3581/1404/399
f 3584/1405/400 3586/1407/401 3585/667/401 3583/1406/400
f 3586/1407/401 3588/1408/402 3587/1409/402 3585/667/401
f 3588/1408/402 3590/1410/403 3589/1411/403 3587/1409/402
f 3590/1410/403 3592/1412/404 3591/701/404 3589/1411/403
f 3592/1412/404 3594/1064/405 3593/839/405 3591/701/404
f 3594/1064/405 3596/1413/406 3595/1414/406 3593/839/405
f 3596/1413/406 3598/1415/407 3597/692/407 3595/1414/406
f 3598/1415/407 3600/1416/408 3599/1417/408 3597/692/407
f 3600/1416/408 3602/1418/409 3601/1419/409 3599/1417/408
f 3602/1418/409 3604/1420/410 3603/679/410 3601/1419/409
f 3604/1420/410 3606/1421/152 3605/1422/152 3603/679/410
f 3606/1421/152 3608/1423/153 3607/1424/153 3605/1422/152
f 3608/1423/153 3610/1425/411 3609/620/411 3607/1424/153
f 3610/1425/411 3612/1426/412 3611/1427/412 3609/620/411
f 3612/1426/412 3614/1428/413 3613/1429/413 3611/1427/412
f 3614/1428/413 3616/1430/414 3615/602/414 3613/1429/413
f 3616/1430/414 3618/1431/415 3617/1432/415 3615/602/414
f 3618/1431/415 3620/1433/416 3619/1434/416 3617/1432/415
f 3620/1433/416 3622/1435/417 3621/600/417 3619/1434/416
f 3622/1435/417 3624/1436/418 3623/1437/418 3621/600/417
f 3624/1436/418 3626/1438/419 3625/1439/419 3623/1437/418
f 3626/1438/419 3628/1440/420 3627/614/420 3625/1439/419
f 3628/1440/420 3630/1441/421 3629/1442/421 3627/614/420
f 3630/1441/421 3632/1091/422 3631/816/422 3629/1442/421
f 3632/1091/422 3634/1443/423 3633/684/423 3631/816/422
f 3634/1443/423 3636/1444/424 3635/1445/424 3633/684/423
f 3636/1444/424 3638/1446/425 3637/1447/425 3635/1445/424
f 3638/1446/425 3640/1448/426 3639/705/426 3637/1447/425
f 3640/1448/426 3642/1449/427 3641/1450/427 3639/705/426
f 3642/1449/427 3644/1451/428 3643/1452/428 3641/1450/427
f 3644/1451/428 3646/1453/429 3645/635/429 3643/1452/428
f 3646/1453/429 3648/1454/430 3647/1455/430 3645/635/429
f 3648/1454/430 3650/1456/431 3649/1457/431 3647/1455/430
f 3650/1456/431 3652/1458/432 3651/645/432 3649/1457/431
f 3652/1458/432 3654/1459/433 3653/1460/433 3651/645/432
f 3654/1459/433 3656/1461/434 3655/1462/434 3653/1460/433
f 3656/1461/434 3658/1463/435 3657/618/435 3655/1462/434
f 3658/1463/435 3660/1464/152 3659/1465/152 3657/618/435
f 3660/1464/152 3662/1466/153 3661/1467/153 3659/1465/152
f 3662/1466/153 3664/1468/154 3663/713/154 3661/1467/153
f 3664/1468/154 3666/1469/101 3665/1470/101 3663/713/154
f 3666/1469/101 3668/1471/101 3667/1472/101 3665/1470/101
f 3668/1471/101 3556/942/386 3555/80/386 3667/1472/101
f 3670/844/436 3672/1473/437 3671/1474/437 3669/75/436
f 3672/1473/437 3674/1475/438 3673/1476/438 3671/1474/437
f 3674/1475/438 3676/1477/439 3675/1478/439 3673/1476/438
f 3676/1477/439 3678/1479/440 3677/1480/440 3675/1478/439
f 3678/1479/440 3680/1481/441 3679/1482/441 3677/1480/440
f 3680/1481/441 3682/1483/442 3681/1484/442 3679/1482/441
f 3682/1483/442 3684/1485/443 3683/1486/443 3681/1484/442
f 3684/1485/443 3686/1487/444 3685/1488/444 3683/1486/443
f 3686/1487/444 3688/1489/445 3687/1490/445 3685/1488/444
f 3688/1489/445 3690/1491/446 3689/1492/446 3687/1490/445
f 3690/1491/446 3692/1493/447 3691/1494/447 3689/1492/446
f 3692/1493/447 3694/1495/448 3693/1496/448 3691/1494/447
f 3694/1495/448 3696/1497/449 3695/1498/449 3693/1496/448
f 3696/1497/449 3698/1499/450 3697/1500/450 3695/1498/449
f 3698/1499/450 3700/1501/451 3699/1502/451 3697/1500/450
f 3700/1501/451 3702/1503/452 3701/1504/452 3699/1502/451
f 3702/1503/452 3704/1505/453 3703/1506/453 3701/1504/452
f 3704/1505/453 3706/1507/454 3705/1508/454 3703/1506/453
f 3706/1507/454 3708/1509/455 3707/1510/455 3705/1508/454
f 3708/1509/455 3710/1511/456 3709/1512/456 3707/1510/455
f 3710/1511/456 3712/1513/457 3711/1514/457 3709/1512/456
f 3712/1513/457 3714/1515/458 3713/1516/458 3711/1514/457
f 3714/1515/458 3716/1517/459 3715/1518/459 3713/1516/458
f 3716/1517/459 3718/1519/460 3717/1520/460 3715/1518/459
f 3718/1519/460 3720/1521/461 3719/1522/461 3717/1520/460
f 3720/1521/461 3722/1523/462 3721/1524/462 3719/1522/461
f 3722/1523/462 3724/1525/463 3723/1526/463 3721/1524/462
f 3724/1525/463 3726/1527/464 3725/1528/464 3723/1526/463
f 3726/1527/464 3728/1529/465 3727/1530/465 3725/1528/464
f 3728/1529/465 3730/1531/466 3729/1532/466 3727/1530/465
f 3730/1531/466 3732/1533/467 3731/1534/467 3729/1532/466
f 3732/1533/467 3734/1535/468 3733/1536/468 3731/1534/467
f 3734/1535/468 3736/1537/469 3735/1538/469 3733/1536/468
f 3736/1537/469 3738/1539/470 3737/1540/470 3735/1538/469
f 3738/1539/470 3740/1541/471 3739/1542/471 3737/1540/470
f 3740/1541/471 3742/1543/472 3741/1544/472 3739/1542/471
f 3742/1543/472 3744/893/473 3743/4/473 3741/1544/472
f 3744/893/473 3746/1545/474 3745/1546/474 3743/4/473
f 3746/1545/474 3748/1547/475 3747/1548/475 3745/1546/474
f 3748/1547/475 3750/1549/476 3749/1550/476 3747/1548/475
f 3750/1549/476 3752/1551/477 3751/1552/477 3749/1550/476
f 3752/1551/477 3754/1553/478 3753/1554/478 3751/1552/477
f 3754/1553/478 3756/1555/479 3755/1556/479 3753/1554/478
f 3756/1555/479 3758/1557/480 3757/1558/480 3755/1556/479
f 3758/1557/480 3760/1559/481 3759/1560/481 3757/1558/480
f 3760/1559/481 3762/1561/482 3761/1562/482 3759/1560/481
f 3762/1561/482 3764/1563/483 3763/1564/483 3761/1562/482
f 3764/1563/483 3766/1565/484 3765/1566/484 3763/1564/483
f 3766/1565/484 3768/1567/485 3767/1568/485 3765/1566/484
f 3768/1567/485 3770/1569/486 3769/1570/486 3767/1568/485
f 3770/1569/486 3772/1571/487 3771/1572/487 3769/1570/486
f 3772/1571/487 3774/1573/488 3773/1574/488 3771/1572/487
f 3774/1573/488 3776/1575/489 3775/1576/489 3773/1574/488
f 3776/1575/489 3778/1577/490 3777/1578/490 3775/1576/489
f 3778/1577/490 3780/1579/491 3779/1580/491 3777/1578/490
f 3780/1579/491 3782/1581/492 3781/1582/492 3779/1580/491
f 3782/1581/492 3784/1583/493 3783/1584/493 3781/1582/492
f 3784/1583/493 3786/1585/494 3785/1586/494 3783/1584/493
f 3786/1585/494 3788/1587/495 3787/1588/495 3785/1586/494
f 3788/1587/495 3790/1589/496 3789/1590/496 3787/1588/495
f 3790/1589/496 3792/1591/497 3791/1592/497 3789/1590/496
f 3792/1591/497 3794/1593/498 3793/1594/498 3791/1592/497
f 3794/1593/498 3796/1595/499 3795/1596/499 3793/1594/498
f 3796/1595/499 3798/1597/500 3797/1598/500 3795/1596/499
f 3798/1597/500 3800/1599/501 3799/1600/501 3797/1598/500
f 3800/1599/501 3802/1601/502 3801/1602/502 3799/1600/501
f 3802/1601/502 3804/1603/503 3803/1604/503 3801/1602/502
f 3804/1603/503 3806/1605/504 3805/1606/504 3803/1604/503
f 3806/1605/504 3808/1607/505 3807/1608/505 3805/1606/504
f 3808/1607/505 3810/1609/506 3809/1610/506 3807/1608/505
f 3810/1609/506 3812/1611/507 3811/1612/507 3809/1610/506
f 3812/1611/507 3814/1613/508 3813/1614/508 3811/1612/507
f 3814/1613/508 3816/1615/509 3815/1616/509 3813/1614/508
f 3816/1615/509 3670/942/436 3669/80/436 3815/1616/509
f 3818/844/510 3820/1617/511 3819/1618/511 3817/75/510
f 3820/1617/511 3822/1619/512 3821/1620/512 3819/1618/511
f 3822/1619/512 3824/1621/513 3823/1622/513 3821/1620/512
f 3824/1621/513 3826/1623/514 3825/1624/514 3823/1622/513
f 3826/1623/514 3828/961/515 3827/716/515 3825/1624/514
f 3828/961/515 3830/1625/516 3829/1626/516 3827/716/515
f 3830/1625/516 3832/1627/517 3831/1628/517 3829/1626/516
f 3832/1627/517 3834/1629/518 3833/1630/518 3831/1628/517
f 3834/1629/518 3836/1631/519 3835/1632/519 3833/1630/518
f 3836/1631/519 3838/980/520 3837/768/520 3835/1632/519
f 3838/980/520 3840/1633/521 3839/1634/521 3837/768/520
f 3840/1633/521 3842/1635/522 3841/1636/522 3839/1634/521
f 3842/1635/522 3844/1637/523 3843/1638/523 3841/1636/522
f 3844/1637/523 3846/1639/524 3845/1640/524 3843/1638/523
f 3846/1639/524 3848/999/525 3847/740/525 3845/1640/524
f 3848/999/525 3850/1641/526 3849/1642/526 3847/740/525
f 3850/1641/526 3852/1643/527 3851/1644/527 3849/1642/526
f 3852/1643/527 3854/1645/528 3853/1646/528 3851/1644/527
f 3854/1645/528 3856/1647/529 3855/1648/529 3853/1646/528
f 3856/1647/529 3858/1018/530 3857/787/530 3855/1648/529
f 3858/1018/530 3860/1649/531 3859/1650/531 3857/787/530
f 3860/1649/531 3862/1651/532 3861/1652/532 3859/1650/531
f 3862/1651/532 3864/1653/533 3863/1654/533 3861/1652/532
f 3864/1653/533 3866/1655/534 3865/1656/534 3863/1654/533
f 3866/1655/534 3818/942/510 3817/80/510 3865/1656/534
f 3868/844/535 3870/1657/536 3869/1658/536 3867/75/535
f 3870/1657/536 3872/1659/537 3871/1660/537 3869/1658/536
f 3872/1659/537 3874/1661/538 3873/1662/538 3871/1660/537
f 3874/1661/538 3876/1663/539 3875/1664/539 3873/1662/538
f 3876/1663/539 3878/1665/540 3877/1666/540 3875/1664/539
f 3878/1665/540 3880/1667/541 3879/1668/541 3877/1666/540
f 3880/1667/541 3882/1669/542 3881/1670/542 3879/1668/541
f 3882/1669/542 3884/1671/543 3883/1672/543 3881/1670/542
f 3884/1671/543 3886/1673/544 3885/1674/544 3883/1672/543
f 3886/1673/544 3888/1675/545 3887/1676/545 3885/1674/544
f 3888/1675/545 3890/1677/546 3889/1678/546 3887/1676/545
f 3890/1677/546 3892/1679/547 3891/1680/547 3889/1678/546
f 3892/1679/547 3894/1681/548 3893/1682/548 3891/1680/547
f 3894/1681/548 3896/1683/549 3895/1684/549 3893/1682/548
f 3896/1683/549 3898/1685/550 3897/1686/550 3895/1684/549
f 3898/1685/550 3900/1687/551 3899/1688/551 3897/1686/550
f 3900/1687/551 3902/1689/552 3901/1690/552 3899/1688/551
f 3902/1689/552 3904/1691/553 3903/1692/553 3901/1690/552
f 3904/1691/553 3906/1693/554 3905/1694/554 3903/1692/553
f 3906/1693/554 3908/1695/555 3907/1696/555 3905/1694/554
f 3908/1695/555 3910/1697/556 3909/1698/556 3907/1696/555
f 3910/1697/556 3912/1699/557 3911/1700/557 3909/1698/556
f 3912/1699/557 3914/1701/558 3913/1702/558 3911/1700/557
f 3914/1701/558 3916/1703/559 3915/1704/559 3913/1702/558
f 3916/1703/559 3918/1705/560 3917/1706/560 3915/1704/559
f 3918/1705/560 3920/1707/561 3919/1708/561 3917/1706/560
f 3920/1707/561 3922/1709/562 3921/1710/562 3919/1708/561
f 3922/1709/562 3924/1711/563 3923/1712/563 3921/1710/562
f 3924/1711/563 3926/1713/564 3925/1714/564 3923/1712/563
f 3926/1713/564 3928/1715/565 3927/1716/565 3925/1714/564
f 3928/1715/565 3930/1717/566 3929/1718/566 3927/1716/565
f 3930/1717/566 3932/1719/567 3931/1720/567 3929/1718/566
f 3932/1719/567 3934/1721/568 3933/1722/568 3931/1720/567
f 3934/1721/568 3936/1723/569 3935/1724/569 3933/1722/568
f 3936/1723/569 3938/1725/570 3937/1726/570 3935/1724/569
f 3938/1725/570 3940/1727/571 3939/1728/571 3937/1726/570
f 3940/1727/571 3942/1729/572 3941/1730/572 3939/1728/571
f 3942/1729/572 3944/1731/573 3943/1732/573 3941/1730/572
f 3944/1731/573 3946/1733/574 3945/1734/574 3943/1732/573
f 3946/1733/574 3948/1735/575 3947/1736/575 3945/1734/574
f 3948/1735/575 3950/1737/576 3949/1738/576 3947/1736/575
f 3950/1737/576 3952/1739/577 3951/1740/577 3949/1738/576
f 3952/1739/577 3954/1741/578 3953/1742/578 3951/1740/577
f 3954/1741/578 3956/1743/579 3955/1744/579 3953/1742/578
f 3956/1743/579 3958/1745/580 3957/1746/580 3955/1744/579
f 3958/1745/580 3960/1747/581 3959/1748/581 3957/1746/580
f 3960/1747/581 3962/1749/582 3961/1750/582 3959/1748/581
f 3962/1749/582 3964/1751/583 3963/1752/583 3961/1750/582
f 3964/1751/583 3966/1753/584 3965/1754/584 3963/1752/583
f 3966/1753/584 3968/1755/585 3967/1756/585 3965/1754/584
f 3968/1755/585 3970/1757/586 3969/1758/586 3967/1756/585
f 3970/1757/586 3972/1759/587 3971/1760/587 3969/1758/586
f 3972/1759/587 3974/1761/588 3973/1762/588 3971/1760/587
f 3974/1761/588 3976/1763/589 3975/1764/589 3973/1762/588
f 3976/1763/589 3978/1765/590 3977/1766/590 3975/1764/589
f 3978/1765/590 3980/1767/591 3979/1768/591 3977/1766/590
f 3980/1767/591 3982/1769/592 3981/1770/592 3979/1768/591
f 3982/1769/592 3984/1771/593 3983/1772/593 3981/1770/592
f 3984/1771/593 3986/1773/594 3985/1774/594 3983/1772/593
f 3986/1773/594 3988/1775/595 3987/1776/595 3985/1774/594
f 3988/1775/595 3990/893/596 3989/4/596 3987/1776/595
f 3990/893/596 3992/1777/597 3991/1778/597 3989/4/596
f 3992/1777/597 3994/1779/598 3993/1780/598 3991/1778/597
f 3994/1779/598 3996/1781/599 3995/1782/599 3993/1780/598
f 3996/1781/599 3998/1783/600 3997/1784/600 3995/1782/599
f 3998/1783/600 4000/1785/601 3999/1786/601 3997/1784/600
f 4000/1785/601 4002/1787/602 4001/1788/602 3999/1786/601
f 4002/1787/602 4004/1789/603 4003/1790/603 4001/1788/602
f 4004/1789/603 4006/1791/604 4005/1792/604 4003/1790/603
f 4006/1791/604 4008/1793/605 4007/1794/605 4005/1792/604
f 4008/1793/605 4010/1795/606 4009/1796/606 4007/1794/605
f 4010/1795/606 4012/1797/607 4011/1798/607 4009/1796/606
f 4012/1797/607 4014/1799/608 4013/1800/608 4011/1798/607
f 4014/1799/608 4016/1801/609 4015/1802/609 4013/1800/608
f 4016/1801/609 4018/1803/610 4017/1804/610 4015/1802/609
f 4018/1803/610 4020/1805/611 4019/1806/611 4017/1804/610
f 4020/1805/611 4022/1807/612 4021/1808/612 4019/1806/611
f 4022/1807/612 4024/1809/613 4023/1810/613 4021/1808/612
f 4024/1809/613 4026/1811/614 4025/1812/614 4023/1810/613
f 4026/1811/614 4028/1813/615 4027/1814/615 4025/1812/614
f 4028/1813/615 4030/1815/616 4029/1816/616 4027/1814/615
f 4030/1815/616 4032/1817/617 4031/1818/617 4029/1816/616
f 4032/1817/617 4034/1819/618 4033/1820/618 4031/1818/617
f 4034/1819/618 4036/1821/619 4035/1822/619 4033/1820/618
f 4036/1821/619 4038/1823/620 4037/1824/620 4035/1822/619
f 4038/1823/620 4040/1825/621 4039/1826/621 4037/1824/620
f 4040/1825/621 4042/1827/622 4041/1828/622 4039/1826/621
f 4042/1827/622 4044/1829/623 4043/1830/623 4041/1828/622
f 4044/1829/623 4046/1831/624 4045/1832/624 4043/1830/623
f 4046/1831/624 4048/1833/625 4047/1834/625 4045/1832/624
f 4048/1833/625 4050/1835/626 4049/1836/626 4047/1834/625
f 4050/1835/626 4052/1837/627 4051/1838/627 4049/1836/626
f 4052/1837/627 4054/1839/628 4053/1840/628 4051/1838/627
f 4054/1839/628 4056/1841/629 4055/1842/629 4053/1840/628
f 4056/1841/629 4058/1843/630 4057/1844/630 4055/1842/629
f 4058/1843/630 4060/1845/631 4059/1846/631 4057/1844/630
f 4060/1845/631 4062/1847/632 4061/1848/632 4059/1846/631
f 4062/1847/632 4064/1849/633 4063/1850/633 4061/1848/632
f 4064/1849/633 4066/1851/634 4065/1852/634 4063/1850/633
f 4066/1851/634 4068/1853/635 4067/1854/635 4065/1852/634
f 4068/1853/635 4070/1855/636 4069/1856/636 4067/1854/635
f 4070/1855/636 4072/1857/637 4071/1858/637 4069/1856/636
f 4072/1857/637 4074/1859/638 4073/1860/638 4071/1858/637
f 4074/1859/638 4076/1861/639 4075/1862/639 4073/1860/638
f 4076/1861/639 4078/1863/640 4077/1864/640 4075/1862/639
f 4078/1863/640 4080/1865/641 4079/1866/641 4077/1864/640
f 4080/1865/641 4082/1867/642 4081/1868/642 4079/1866/641
f 4082/1867/642 4084/1869/643 4083/1870/643 4081/1868/642
f 4084/1869/643 4086/1871/644 4085/1872/644 4083/1870/643
f 4086/1871/644 4088/1873/645 4087/1874/645 4085/1872/644
f 4088/1873/645 4090/1875/646 4089/1876/646 4087/1874/645
f 4090/1875/646 4092/1877/494 4091/1878/494 4089/1876/646
f 4092/1877/494 4094/1879/647 4093/1880/647 4091/1878/494
f 4094/1879/647 4096/1881/648 4095/1882/648 4093/1880/647
f 4096/1881/648 4098/1883/649 4097/1884/649 4095/1882/648
f 4098/1883/649 4100/1885/650 4099/1886/650 4097/1884/649
f 4100/1885/650 4102/1887/651 4101/1888/651 4099/1886/650
f 4102/1887/651 4104/1889/652 4103/1890/652 4101/1888/651
f 4104/1889/652 4106/1891/653 4105/1892/653 4103/1890/652
f 4106/1891/653 4108/1893/654 4107/1894/654 4105/1892/653
f 4108/1893/654 4110/1895/655 4109/1896/655 4107/1894/654
f 4110/1895/655 3868/942/535 3867/80/535 4109/1896/655
f 4112/844/153 4114/1897/154 4113/1898/154 4111/75/153
f 4114/1897/154 4116/1899/656 4115/1900/656 4113/1898/154
f 4116/1899/656 4118/1901/657 4117/1902/657 4115/1900/656
f 4118/1901/657 4120/1903/658 4119/1904/658 4117/1902/657
f 4120/1903/658 4122/1047/659 4121/561/659 4119/1904/658
f 4122/1047/659 4124/1905/660 4123/1906/660 4121/561/659
f 4124/1905/660 4126/1907/600 4125/1908/600 4123/1906/660
f 4126/1907/600 4128/961/661 4127/716/661 4125/1908/600
f 4128/961/661 4130/1909/662 4129/1910/662 4127/716/661
f 4130/1909/662 4132/1057/663 4131/572/663 4129/1910/662
f 4132/1057/663 4134/1911/664 4133/1912/664 4131/572/663
f 4134/1911/664 4136/1913/665 4135/1914/665 4133/1912/664
f 4136/1913/665 4138/1915/666 4137/1916/666 4135/1914/665
f 4138/1915/666 4140/1917/667 4139/1918/667 4137/1916/666
f 4140/1917/667 4142/1067/668 4141/580/668 4139/1918/667
f 4142/1067/668 4144/980/669 4143/768/669 4141/580/668
f 4144/980/669 4146/1919/670 4145/1920/670 4143/768/669
f 4146/1919/670 4148/1921/671 4147/1922/671 4145/1920/670
f 4148/1921/671 4150/1923/672 4149/1924/672 4147/1922/671
f 4150/1923/672 4152/893/673 4151/4/673 4149/1924/672
f 4152/893/673 4154/1925/674 4153/1926/674 4151/4/673
f 4154/1925/674 4156/1927/675 4155/1928/675 4153/1926/674
f 4156/1927/675 4158/1929/676 4157/1930/676 4155/1928/675
f 4158/1929/676 4160/999/677 4159/740/677 4157/1930/676
f 4160/999/677 4162/1088/678 4161/571/678 4159/740/677
f 4162/1088/678 4164/1931/679 4163/1932/679 4161/571/678
f 4164/1931/679 4166/1933/680 4165/1934/680 4163/1932/679
f 4166/1933/680 4168/1935/681 4167/1936/681 4165/1934/680
f 4168/1935/681 4170/1937/682 4169/1938/682 4167/1936/681
f 4170/1937/682 4172/1098/683 4171/559/683 4169/1938/682
f 4172/1098/683 4174/1939/684 4173/1940/684 4171/559/683
f 4174/1939/684 4176/1018/685 4175/787/685 4173/1940/684
f 4176/1018/685 4178/1941/686 4177/1942/686 4175/787/685
f 4178/1941/686 4180/1943/687 4179/1944/687 4177/1942/686
f 4180/1943/687 4182/1108/688 4181/552/688 4179/1944/687
f 4182/1108/688 4184/1945/689 4183/1946/689 4181/552/688
f 4184/1945/689 4186/1947/690 4185/1948/690 4183/1946/689
f 4186/1947/690 4188/1949/691 4187/1950/691 4185/1948/690
f 4188/1949/691 4190/1951/152 4189/1952/152 4187/1950/691
f 4190/1951/152 4112/942/153 4111/80/153 4189/1952/152
f 4192/844/692 4194/1953/693 4193/1954/693 4191/75/692
f 4194/1953/693 4196/1387/694 4195/668/694 4193/1954/693
f 4196/1387/694 4198/1955/695 4197/1956/695 4195/668/694
f 4198/1955/695 4200/1392/696 4199/626/696 4197/1956/695
f 4200/1392/696 4202/1957/697 4201/1958/697 4199/626/696
f 4202/1957/697 4204/1397/698 4203/642/698 4201/1958/697
f 4204/1397/698 4206/1959/699 4205/1960/699 4203/642/698
f 4206/1959/699 4208/1402/700 4207/634/700 4205/1960/699
f 4208/1402/700 4210/1961/701 4209/1962/701 4207/634/700
f 4210/1961/701 4212/1407/702 4211/667/702 4209/1962/701
f 4212/1407/702 4214/1963/703 4213/1964/703 4211/667/702
f 4214/1963/703 4216/1412/704 4215/701/704 4213/1964/703
f 4216/1412/704 4218/1965/705 4217/1966/705 4215/701/704
f 4218/1965/705 4220/1415/706 4219/692/706 4217/1966/705
f 4220/1415/706 4222/1967/707 4221/1968/707 4219/692/706
f 4222/1967/707 4224/1420/708 4223/679/708 4221/1968/707
f 4224/1420/708 4226/1969/709 4225/1970/709 4223/679/708
f 4226/1969/709 4228/1425/710 4227/620/710 4225/1970/709
f 4228/1425/710 4230/893/711 4229/4/711 4227/620/710
f 4230/893/711 4232/1430/712 4231/602/712 4229/4/711
f 4232/1430/712 4234/1971/713 4233/1972/713 4231/602/712
f 4234/1971/713 4236/1435/714 4235/600/714 4233/1972/713
f 4236/1435/714 4238/1973/715 4237/1974/715 4235/600/714
f 4238/1973/715 4240/1440/716 4239/614/716 4237/1974/715
f 4240/1440/716 4242/1975/717 4241/1976/717 4239/614/716
f 4242/1975/717 4244/1443/718 4243/684/718 4241/1976/717
f 4244/1443/718 4246/1977/719 4245/1978/719 4243/684/718
f 4246/1977/719 4248/1448/720 4247/705/720 4245/1978/719
f 4248/1448/720 4250/1979/721 4249/1980/721 4247/705/720
f 4250/1979/721 4252/1453/722 4251/635/722 4249/1980/721
f 4252/1453/722 4254/1981/723 4253/1982/723 4251/635/722
f 4254/1981/723 4256/1458/724 4255/645/724 4253/1982/723
f 4256/1458/724 4258/1983/725 4257/1984/725 4255/645/724
f 4258/1983/725 4260/1463/726 4259/618/726 4257/1984/725
f 4260/1463/726 4262/1985/727 4261/1986/727 4259/618/726
f 4262/1985/727 4264/1468/152 4263/713/152 4261/1986/727
f 4264/1468/152 4266/1987/728 4265/1988/728 4263/713/152
f 4266/1987/728 4192/942/692 4191/80/692 4265/1988/728
f 4268/844/729 4270/1989/730 4269/1990/730 4267/75/729
f 4270/1989/730 4272/1991/731 4271/1992/731 4269/1990/730
f 4272/1991/731 4274/1993/732 4273/1994/732 4271/1992/731
f 4274/1993/732 4276/1995/733 4275/1996/733 4273/1994/732
f 4276/1995/733 4278/1997/734 4277/1998/734 4275/1996/733
f 4278/1997/734 4280/1999/735 4279/2000/735 4277/1998/734
f 4280/1999/735 4282/2001/736 4281/2002/736 4279/2000/735
f 4282/2001/736 4284/2003/737 4283/2004/737 4281/2002/736
f 4284/2003/737 4286/2005/738 4285/2006/738 4283/2004/737
f 4286/2005/738 4288/2007/739 4287/2008/739 4285/2006/738
f 4288/2007/739 4290/2009/740 4289/2010/740 4287/2008/739
f 4290/2009/740 4292/2011/741 4291/2012/741 4289/2010/740
f 4292/2011/741 4294/2013/742 4293/2014/742 4291/2012/741
f 4294/2013/742 4296/2015/743 4295/2016/743 4293/2014/742
f 4296/2015/743 4298/2017/318 4297/2018/318 4295/2016/743
f 4298/2017/318 4300/2019/744 4299/2020/744 4297/2018/318
f 4300/2019/744 4302/2021/745 4301/2022/745 4299/2020/744
f 4302/2021/745 4304/2023/746 4303/2024/746 4301/2022/745
f 4304/2023/746 4306/2025/747 4305/2026/747 4303/2024/746
f 4306/2025/747 4308/2027/748 4307/2028/748 4305/2026/747
f 4308/2027/748 4310/2029/749 4309/2030/749 4307/2028/748
f 4310/2029/749 4312/2031/750 4311/2032/750 4309/2030/749
f 4312/2031/750 4314/2033/751 4313/2034/751 4311/2032/750
f 4314/2033/751 4316/2035/752 4315/2036/752 4313/2034/751
f 4316/2035/752 4318/2037/753 4317/2038/753 4315/2036/752
f 4318/2037/753 4320/2039/754 4319/2040/754 4317/2038/753
f 4320/2039/754 4322/2041/755 4321/2042/755 4319/2040/754
f 4322/2041/755 4324/2043/756 4323/2044/756 4321/2042/755
f 4324/2043/756 4326/2045/757 4325/2046/757 4323/2044/756
f 4326/2045/757 4328/2047/758 4327/2048/758 4325/2046/757
f 4328/2047/758 4330/2049/759 4329/2050/759 4327/2048/758
f 4330/2049/759 4332/2051/760 4331/2052/760 4329/2050/759
f 4332/2051/760 4334/2053/678 4333/2054/678 4331/2052/760
f 4334/2053/678 4336/2055/761 4335/2056/761 4333/2054/678
f 4336/2055/761 4338/2057/762 4337/2058/762 4335/2056/761
f 4338/2057/762 4340/2059/64 4339/2060/64 4337/2058/762
f 4340/2059/64 4342/2061/763 4341/2062/763 4339/2060/64
f 4342/2061/763 4344/2063/764 4343/2064/764 4341/2062/763
f 4344/2063/764 4346/2065/765 4345/2066/765 4343/2064/764
f 4346/2065/765 4348/2067/766 4347/2068/766 4345/2066/765
f 4348/2067/766 4350/2069/767 4349/2070/767 4347/2068/766
f 4350/2069/767 4352/2071/768 4351/2072/768 4349/2070/767
f 4352/2071/768 4354/2073/769 4353/2074/769 4351/2072/768
f 4354/2073/769 4356/2075/770 4355/2076/770 4353/2074/769
f 4356/2075/770 4358/2077/771 4357/2078/771 4355/2076/770
f 4358/2077/771 4360/2079/772 4359/2080/772 4357/2078/771
f 4360/2079/772 4362/2081/773 4361/2082/773 4359/2080/772
f 4362/2081/773 4364/2083/774 4363/2084/774 4361/2082/773
f 4364/2083/774 4366/2085/775 4365/2086/775 4363/2084/774
f 4366/2085/775 4368/2087/776 4367/2088/776 4365/2086/775
f 4368/2087/776 4370/2089/777 4369/2090/777 4367/2088/776
f 4370/2089/777 4372/2091/778 4371/2092/778 4369/2090/777
f 4372/2091/778 4374/2093/779 4373/2094/779 4371/2092/778
f 4374/2093/779 4376/2095/780 4375/2096/780 4373/2094/779
f 4376/2095/780 4378/2097/781 4377/2098/781 4375/2096/780
f 4378/2097/781 4380/2099/782 4379/2100/782 4377/2098/781
f 4380/2099/782 4382/2101/783 4381/2102/783 4379/2100/782
f 4382/2101/783 4384/2103/784 4383/2104/784 4381/2102/783
f 4384/2103/784 4386/2105/785 4385/2106/785 4383/2104/784
f 4386/2105/785 4388/2107/786 4387/2108/786 4385/2106/785
f 4388/2107/786 4390/2109/787 4389/2110/787 4387/2108/786
f 4390/2109/787 4392/2111/788 4391/2112/788 4389/2110/787
f 4392/2111/788 4394/2113/789 4393/2114/789 4391/2112/788
f 4394/2113/789 4396/2115/790 4395/2116/790 4393/2114/789
f 4396/2115/790 4398/2117/791 4397/2118/791 4395/2116/790
f 4398/2117/791 4400/2119/792 4399/2120/792 4397/2118/791
f 4400/2119/792 4402/2121/793 4401/2122/793 4399/2120/792
f 4402/2121/793 4404/2123/794 4403/2124/794 4401/2122/793
f 4404/2123/794 4406/2125/795 4405/2126/795 4403/2124/794
f 4406/2125/795 4408/2127/796 4407/2128/796 4405/2126/795
f 4408/2127/796 4410/2129/797 4409/2130/797 4407/2128/796
f 4410/2129/797 4412/2131/798 4411/2132/798 4409/2130/797
f 4412/2131/798 4414/2133/799 4413/2134/799 4411/2132/798
f 4414/2133/799 4416/2135/800 4415/2136/800 4413/2134/799
f 4416/2135/800 4418/2137/801 4417/2138/801 4415/2136/800
f 4418/2137/801 4420/2139/802 4419/2140/802 4417/2138/801
f 4420/2139/802 4422/2141/803 4421/2142/803 4419/2140/802
f 4422/2141/803 4424/2143/804 4423/2144/804 4421/2142/803
f 4424/2143/804 4426/2145/805 4425/2146/805 4423/2144/804
f 4426/2145/805 4428/2147/806 4427/2148/806 4425/2146/805
f 4428/2147/806 4430/2149/807 4429/2150/807 4427/2148/806
f 4430/2149/807 4432/2151/808 4431/2152/808 4429/2150/807
f 4432/2151/808 4434/2153/809 4433/2154/809 4431/2152/808
f 4434/2153/809 4436/2155/810 4435/2156/810 4433/2154/809
f 4436/2155/810 4438/2157/811 4437/2158/811 4435/2156/810
f 4438/2157/811 4440/2159/812 4439/2160/812 4437/2158/811
f 4440/2159/812 4442/2161/813 4441/2162/813 4439/2160/812
f 4442/2161/813 4444/2163/814 4443/2164/814 4441/2162/813
f 4444/2163/814 4446/2165/815 4445/2166/815 4443/2164/814
f 4446/2165/815 4448/2167/816 4447/2168/816 4445/2166/815
f 4448/2167/816 4450/2169/817 4449/2170/817 4447/2168/816
f 4450/2169/817 4452/2171/818 4451/2172/818 4449/2170/817
f 4452/2171/818 4454/2173/819 4453/2174/819 4451/2172/818
f 4454/2173/819 4456/2175/820 4455/2176/820 4453/2174/819
f 4456/2175/820 4458/2177/821 4457/2178/821 4455/2176/820
f 4458/2177/821 4460/2179/822 4459/2180/822 4457/2178/821
f 4460/2179/822 4462/2181/823 4461/2182/823 4459/2180/822
f 4462/2181/823 4464/2183/824 4463/2184/824 4461/2182/823
f 4464/2183/824 4466/2185/825 4465/2186/825 4463/2184/824
f 4466/2185/825 4468/2187/826 4467/2188/826 4465/2186/825
f 4468/2187/826 4470/2189/827 4469/2190/827 4467/2188/826
f 4470/2189/827 4472/2191/828 4471/2192/828 4469/2190/827
f 4472/2191/828 4474/2193/829 4473/2194/829 4471/2192/828
f 4474/2193/829 4476/2195/830 4475/2196/830 4473/2194/829
f 4476/2195/830 4478/2197/831 4477/2198/831 4475/2196/830
f 4478/2197/831 4480/2199/832 4479/2200/832 4477/2198/831
f 4480/2199/832 4482/2201/833 4481/2202/833 4479/2200/832
f 4482/2201/833 4484/2203/834 4483/2204/834 4481/2202/833
f 4484/2203/834 4486/2205/835 4485/2206/835 4483/2204/834
f 4486/2205/835 4488/2207/836 4487/2208/836 4485/2206/835
f 4488/2207/836 4490/2209/837 4489/2210/837 4487/2208/836
f 4490/2209/837 4492/2211/838 4491/2212/838 4489/2210/837
f 4492/2211/838 4494/2213/839 4493/2214/839 4491/2212/838
f 4494/2213/839 4496/2215/840 4495/2216/840 4493/2214/839
f 4496/2215/840 4498/2217/841 4497/2218/841 4495/2216/840
f 4498/2217/841 4500/2219/842 4499/2220/842 4497/2218/841
f 4500/2219/842 4502/2221/843 4501/2222/843 4499/2220/842
f 4502/2221/843 4504/2223/844 4503/2224/844 4501/2222/843
f 4504/2223/844 4506/2225/845 4505/2226/845 4503/2224/844
f 4506/2225/845 4508/2227/846 4507/2228/846 4505/2226/845
f 4508/2227/846 4510/2229/847 4509/2230/847 4507/2228/846
f 4510/2229/847 4512/2231/848 4511/2232/848 4509/2230/847
f 4512/2231/848 4514/2233/849 4513/2234/849 4511/2232/848
f 4514/2233/849 4516/2235/850 4515/2236/850 4513/2234/849
f 4516/2235/850 4518/2237/851 4517/2238/851 4515/2236/850
f 4518/2237/851 4520/2239/852 4519/2240/852 4517/2238/851
f 4520/2239/852 4522/2241/853 4521/2242/853 4519/2240/852
f 4522/2241/853 4524/2243/854 4523/2244/854 4521/2242/853
f 4524/2243/854 4526/2245/855 4525/2246/855 4523/2244/854
f 4526/2245/855 4528/2247/856 4527/2248/856 4525/2246/855
f 4528/2247/856 4530/2249/857 4529/2250/857 4527/2248/856
f 4530/2249/857 4532/2251/858 4531/2252/858 4529/2250/857
f 4532/2251/858 4534/2253/859 4533/2254/859 4531/2252/858
f 4534/2253/859 4536/2255/860 4535/2256/860 4533/2254/859
f 4536/2255/860 4538/2257/861 4537/2258/861 4535/2256/860
f 4538/2257/861 4540/2259/862 4539/2260/862 4537/2258/861
f 4540/2259/862 4268/942/729 4267/80/729 4539/2260/862
f 4542/844/863 4544/1475/864 4543/1476/864 4541/75/863
f 4544/1475/864 4546/1479/865 4545/1480/865 4543/1476/864
f 4546/1479/865 4548/1483/866 4547/1484/866 4545/1480/865
f 4548/1483/866 4550/1487/867 4549/1488/867 4547/1484/866
f 4550/1487/867 4552/1491/868 4551/1492/868 4549/1488/867
f 4552/1491/868 4554/1495/869 4553/1496/869 4551/1492/868
f 4554/1495/869 4556/1499/870 4555/1500/870 4553/1496/869
f 4556/1499/870 4558/1503/871 4557/1504/871 4555/1500/870
f 4558/1503/871 4560/1507/872 4559/1508/872 4557/1504/871
f 4560/1507/872 4562/1511/873 4561/1512/873 4559/1508/872
f 4562/1511/873 4564/1515/874 4563/1516/874 4561/1512/873
f 4564/1515/874 4566/1519/875 4565/1520/875 4563/1516/874
f 4566/1519/875 4568/1523/876 4567/1524/876 4565/1520/875
f 4568/1523/876 4570/1527/877 4569/1528/877 4567/1524/876
f 4570/1527/877 4572/1531/878 4571/1532/878 4569/1528/877
f 4572/1531/878 4574/1535/879 4573/1536/879 4571/1532/878
f 4574/1535/879 4576/1539/880 4575/1540/880 4573/1536/879
f 4576/1539/880 4578/1543/881 4577/1544/881 4575/1540/880
f 4578/1543/881 4580/1545/882 4579/1546/882 4577/1544/881
f 4580/1545/882 4582/1549/883 4581/1550/883 4579/1546/882
f 4582/1549/883 4584/1553/884 4583/1554/884 4581/1550/883
f 4584/1553/884 4586/1557/885 4585/1558/885 4583/1554/884
f 4586/1557/885 4588/1561/886 4587/1562/886 4585/1558/885
f 4588/1561/886 4590/1565/887 4589/1566/887 4587/1562/886
f 4590/1565/887 4592/1569/888 4591/1570/888 4589/1566/887
f 4592/1569/888 4594/1573/889 4593/1574/889 4591/1570/888
f 4594/1573/889 4596/1577/890 4595/1578/890 4593/1574/889
f 4596/1577/890 4598/1581/891 4597/1582/891 4595/1578/890
f 4598/1581/891 4600/1585/892 4599/1586/892 4597/1582/891
f 4600/1585/892 4602/1589/893 4601/1590/893 4599/1586/892
f 4602/1589/893 4604/1593/894 4603/1594/894 4601/1590/893
f 4604/1593/894 4606/1597/895 4605/1598/895 4603/1594/894
f 4606/1597/895 4608/1601/896 4607/1602/896 4605/1598/895
f 4608/1601/896 4610/1605/897 4609/1606/897 4607/1602/896
f 4610/1605/897 4612/1609/898 4611/1610/898 4609/1606/897
f 4612/1609/898 4614/1613/899 4613/1614/899 4611/1610/898
f 4614/1613/899 4542/942/863 4541/80/863 4613/1614/899
f 4616/844/900 4618/845/901 4617/77/901 4615/75/900
f 4618/845/901 4620/846/902 4619/68/902 4617/77/901
f 4620/846/902 4622/847/903 4621/67/903 4619/68/902
f 4622/847/903 4624/848/904 4623/86/904 4621/67/903
f 4624/848/904 4626/849/905 4625/85/905 4623/86/904
f 4626/849/905 4628/850/906 4627/61/906 4625/85/905
f 4628/850/906 4630/851/907 4629/60/907 4627/61/906
f 4630/851/907 4632/852/908 4631/63/908 4629/60/907
f 4632/852/908 4634/853/909 4633/55/909 4631/63/908
f 4634/853/909 4636/854/910 4635/50/910 4633/55/909
f 4636/854/910 4638/855/911 4637/99/911 4635/50/910
f 4638/855/911 4640/856/912 4639/18/912 4637/99/911
f 4640/856/912 4642/857/913 4641/23/913 4639/18/912
f 4642/857/913 4644/858/914 4643/27/914 4641/23/913
f 4644/858/914 4646/859/915 4645/33/915 4643/27/914
f 4646/859/915 4648/860/916 4647/35/916 4645/33/915
f 4648/860/916 4650/861/917 4649/37/917 4647/35/916
f 4650/861/917 4652/862/918 4651/38/918 4649/37/917
f 4652/862/918 4654/863/919 4653/40/919 4651/38/918
f 4654/863/919 4656/864/920 4655/2/920 4653/40/919
f 4656/864/920 4658/865/921 4657/1/921 4655/2/920
f 4658/865/921 4660/866/922 4659/5/922 4657/1/921
f 4660/866/922 4662/867/923 4661/7/923 4659/5/922
f 4662/867/923 4664/868/924 4663/9/924 4661/7/923
f 4664/868/924 4666/869/925 4665/10/925 4663/9/924
f 4666/869/925 4668/870/926 4667/12/926 4665/10/925
f 4668/870/926 4670/871/927 4669/14/927 4667/12/926
f 4670/871/927 4672/872/928 4671/16/928 4669/14/927
f 4672/872/928 4674/873/929 4673/43/929 4671/16/928
f 4674/873/929 4676/874/930 4675/45/930 4673/43/929
f 4676/874/930 4678/875/931 4677/48/931 4675/45/930
f 4678/875/931 4680/876/932 4679/31/932 4677/48/931
f 4680/876/932 4682/877/933 4681/32/933 4679/31/932
f 4682/877/933 4684/878/934 4683/25/934 4681/32/933
f 4684/878/934 4686/879/935 4685/21/935 4683/25/934
f 4686/879/935 4688/880/936 4687/53/936 4685/21/935
f 4688/880/936 4690/881/937 4689/58/937 4687/53/936
f 4690/881/937 4692/882/938 4691/66/938 4689/58/937
f 4692/882/938 4694/883/939 4693/98/939 4691/66/938
f 4694/883/939 4696/884/940 4695/96/940 4693/98/939
f 4696/884/940 4698/885/188 4697/94/188 4695/96/940
f 4698/885/188 4700/886/941 4699/92/941 4697/94/188
f 4700/886/941 4702/887/942 4701/90/942 4699/92/941
f 4702/887/942 4704/888/943 4703/84/943 4701/90/942
f 4704/888/943 4706/889/944 4705/82/944 4703/84/943
f 4706/889/944 4708/890/945 4707/81/945 4705/82/944
f 4708/890/945 4710/891/946 4709/79/946 4707/81/945
f 4710/891/946 4712/892/947 4711/6/947 4709/79/946
f 4712/892/947 4714/893/948 4713/4/948 4711/6/947
f 4714/893/948 4716/894/949 4715/3/949 4713/4/948
f 4716/894/949 4718/895/950 4717/41/950 4715/3/949
f 4718/895/950 4720/896/951 4719/39/951 4717/41/950
f 4720/896/951 4722/897/952 4721/36/952 4719/39/951
f 4722/897/952 4724/898/953 4723/34/953 4721/36/952
f 4724/898/953 4726/899/954 4725/28/954 4723/34/953
f 4726/899/954 4728/900/955 4727/24/955 4725/28/954
f 4728/900/955 4730/901/956 4729/17/956 4727/24/955
f 4730/901/956 4732/902/957 4731/19/957 4729/17/956
f 4732/902/957 4734/903/958 4733/49/958 4731/19/957
f 4734/903/958 4736/904/959 4735/51/959 4733/49/958
f 4736/904/959 4738/905/960 4737/56/960 4735/51/959
f 4738/905/960 4740/906/961 4739/64/961 4737/56/960
f 4740/906/961 4742/907/962 4741/59/962 4739/64/961
f 4742/907/962 4744/908/963 4743/62/963 4741/59/962
f 4744/908/963 4746/909/964 4745/87/964 4743/62/963
f 4746/909/964 4748/910/965 4747/69/965 4745/87/964
f 4748/910/965 4750/911/966 4749/70/966 4747/69/965
f 4750/911/966 4752/912/967 4751/78/967 4749/70/966
f 4752/912/967 4754/913/968 4753/74/968 4751/78/967
f 4754/913/968 4756/914/969 4755/76/969 4753/74/968
f 4756/914/969 4758/915/970 4757/71/970 4755/76/969
f 4758/915/970 4760/916/971 4759/73/971 4757/71/970
f 4760/916/971 4762/917/972 4761/72/972 4759/73/971
f 4762/917/972 4764/918/973 4763/83/973 4761/72/972
f 4764/918/973 4766/919/974 4765/88/974 4763/83/973
f 4766/919/974 4768/920/975 4767/89/975 4765/88/974
f 4768/920/975 4770/921/976 4769/91/976 4767/89/975
f 4770/921/976 4772/922/977 4771/93/977 4769/91/976
f 4772/922/977 4774/923/978 4773/95/978 4771/93/977
f 4774/923/978 4776/924/979 4775/97/979 4773/95/978
f 4776/924/979 4778/925/503 4777/65/503 4775/97/979
f 4778/925/503 4780/926/980 4779/57/980 4777/65/503
f 4780/926/980 4782/927/981 4781/52/981 4779/57/980
f 4782/927/981 4784/928/982 4783/54/982 4781/52/981
f 4784/928/982 4786/929/983 4785/20/983 4783/54/982
f 4786/929/983 4788/930/984 4787/22/984 4785/20/983
f 4788/930/984 4790/931/985 4789/26/985 4787/22/984
f 4790/931/985 4792/932/986 4791/30/986 4789/26/985
f 4792/932/986 4794/933/987 4793/29/987 4791/30/986
f 4794/933/987 4796/934/988 4795/47/988 4793/29/987
f 4796/934/988 4798/935/989 4797/46/989 4795/47/988
f 4798/935/989 4800/936/990 4799/44/990 4797/46/989
f 4800/936/990 4802/937/991 4801/42/991 4799/44/990
f 4802/937/991 4804/938/992 4803/15/992 4801/42/991
f 4804/938/992 4806/939/993 4805/13/993 4803/15/992
f 4806/939/993 4808/940/994 4807/11/994 4805/13/993
f 4808/940/994 4810/941/995 4809/8/995 4807/11/994
f 4810/941/995 4616/942/900 4615/80/900 4809/8/995
f 4812/844/436 4814/1473/437 4813/1474/437 4811/75/436
f 4814/1473/437 4816/1475/438 4815/1476/438 4813/1474/437
f 4816/1475/438 4818/1477/439 4817/1478/439 4815/1476/438
f 4818/1477/439 4820/1479/440 4819/1480/440 4817/1478/439
f 4820/1479/440 4822/1481/441 4821/1482/441 4819/1480/440
f 4822/1481/441 4824/1483/442 4823/1484/442 4821/1482/441
f 4824/1483/442 4826/1485/443 4825/1486/443 4823/1484/442
f 4826/1485/443 4828/1487/444 4827/1488/444 4825/1486/443
f 4828/1487/444 4830/1489/445 4829/1490/445 4827/1488/444
f 4830/1489/445 4832/1491/446 4831/1492/446 4829/1490/445
f 4832/1491/446 4834/1493/447 4833/1494/447 4831/1492/446
f 4834/1493/447 4836/1495/448 4835/1496/448 4833/1494/447
f 4836/1495/448 4838/1497/449 4837/1498/449 4835/1496/448
f 4838/1497/449 4840/1499/450 4839/1500/450 4837/1498/449
f 4840/1499/450 4842/1501/451 4841/1502/451 4839/1500/450
f 4842/1501/451 4844/1503/452 4843/1504/452 4841/1502/451
f 4844/1503/452 4846/1505/453 4845/1506/453 4843/1504/452
f 4846/1505/453 4848/1507/454 4847/1508/454 4845/1506/453
f 4848/1507/454 4850/1509/455 4849/1510/455 4847/1508/454
f 4850/1509/455 4852/1511/456 4851/1512/456 4849/1510/455
f 4852/1511/456 4854/1513/457 4853/1514/457 4851/1512/456
f 4854/1513/457 4856/1515/458 4855/1516/458 4853/1514/457
f 4856/1515/458 4858/1517/459 4857/1518/459 4855/1516/458
f 4858/1517/459 4860/1519/460 4859/1520/460 4857/1518/459
f 4860/1519/460 4862/1521/461 4861/1522/461 4859/1520/460
f 4862/1521/461 4864/1523/462 4863/1524/462 4861/1522/461
f 4864/1523/462 4866/1525/463 4865/1526/463 4863/1524/462
f 4866/1525/463 4868/1527/464 4867/1528/464 4865/1526/463
f 4868/1527/464 4870/1529/465 4869/1530/465 4867/1528/464
f 4870/1529/465 4872/1531/466 4871/1532/466 4869/1530/465
f 4872/1531/466 4874/1533/467 4873/1534/467 4871/1532/466
f 4874/1533/467 4876/1535/468 4875/1536/468 4873/1534/467
f 4876/1535/468 4878/1537/469 4877/1538/469 4875/1536/468
f 4878/1537/469 4880/1539/470 4879/1540/470 4877/1538/469
f 4880/1539/470 4882/1541/471 4881/1542/471 4879/1540/470
f 4882/1541/471 4884/1543/472 4883/1544/472 4881/1542/471
f 4884/1543/472 4886/893/473 4885/4/473 4883/1544/472
f 4886/893/473 4888/1545/474 4887/1546/474 4885/4/473
f 4888/1545/474 4890/1547/475 4889/1548/475 4887/1546/474
f 4890/1547/475 4892/1549/476 4891/1550/476 4889/1548/475
f 4892/1549/476 4894/1551/477 4893/1552/477 4891/1550/476
f 4894/1551/477 4896/1553/478 4895/1554/478 4893/1552/477
f 4896/1553/478 4898/1555/479 4897/1556/479 4895/1554/478
f 4898/1555/479 4900/1557/480 4899/1558/480 4897/1556/479
f 4900/1557/480 4902/1559/481 4901/1560/481 4899/1558/480
f 4902/1559/481 4904/1561/482 4903/1562/482 4901/1560/481
f 4904/1561/482 4906/1563/483 4905/1564/483 4903/1562/482
f 4906/1563/483 4908/1565/484 4907/1566/484 4905/1564/483
f 4908/1565/484 4910/1567/485 4909/1568/485 4907/1566/484
f 4910/1567/485 4912/1569/486 4911/1570/486 4909/1568/485
f 4912/1569/486 4914/1571/487 4913/1572/487 4911/1570/486
f 4914/1571/487 4916/1573/488 4915/1574/488 4913/1572/487
f 4916/1573/488 4918/1575/489 4917/1576/489 4915/1574/488
f 4918/1575/489 4920/1577/490 4919/1578/490 4917/1576/489
f 4920/1577/490 4922/1579/491 4921/1580/491 4919/1578/490
f 4922/1579/491 4924/1581/492 4923/1582/492 4921/1580/491
f 4924/1581/492 4926/1583/493 4925/1584/493 4923/1582/492
f 4926/1583/493 4928/1585/494 4927/1586/494 4925/1584/493
f 4928/1585/494 4930/1587/495 4929/1588/495 4927/1586/494
f 4930/1587/495 4932/1589/496 4931/1590/496 4929/1588/495
f 4932/1589/496 4934/1591/497 4933/1592/497 4931/1590/496
f 4934/1591/497 4936/1593/498 4935/1594/498 4933/1592/497
f 4936/1593/498 4938/1595/499 4937/1596/499 4935/1594/498
f 4938/1595/499 4940/1597/500 4939/1598/500 4937/1596/499
f 4940/1597/500 4942/1599/501 4941/1600/501 4939/1598/500
f 4942/1599/501 4944/1601/502 4943/1602/502 4941/1600/501
f 4944/1601/502 4946/1603/503 4945/1604/503 4943/1602/502
f 4946/1603/503 4948/1605/504 4947/1606/504 4945/1604/503
f 4948/1605/504 4950/1607/505 4949/1608/505 4947/1606/504
f 4950/1607/505 4952/1609/506 4951/1610/506 4949/1608/505
f 4952/1609/506 4954/1611/507 4953/1612/507 4951/1610/506
f 4954/1611/507 4956/1613/508 4955/1614/508 4953/1612/507
f 4956/1613/508 4958/1615/509 4957/1616/509 4955/1614/508
f 4958/1615/509 4812/942/436 4811/80/436 4957/1616/509
f 4960/844/510 4962/1617/511 4961/1618/511 4959/75/510
f 4962/1617/511 4964/1619/512 4963/1620/512 4961/1618/511
f 4964/1619/512 4966/1621/513 4965/1622/513 4963/1620/512
f 4966/1621/513 4968/1623/514 4967/1624/514 4965/1622/513
f 4968/1623/514 4970/961/515 4969/716/515 4967/1624/514
f 4970/961/515 4972/1625/516 4971/1626/516 4969/716/515
f 4972/1625/516 4974/1627/996 4973/1628/996 4971/1626/516
f 4974/1627/996 4976/1629/518 4975/1630/518 4973/1628/996
f 4976/1629/518 4978/1631/519 4977/1632/519 4975/1630/518
f 4978/1631/519 4980/980/520 4979/768/520 4977/1632/519
f 4980/980/520 4982/1633/521 4981/1634/521 4979/768/520
f 4982/1633/521 4984/1635/522 4983/1636/522 4981/1634/521
f 4984/1635/522 4986/1637/523 4985/1638/523 4983/1636/522
f 4986/1637/523 4988/1639/524 4987/1640/524 4985/1638/523
f 4988/1639/524 4990/999/525 4989/740/525 4987/1640/524
f 4990/999/525 4992/1641/526 4991/1642/526 4989/740/525
f 4992/1641/526 4994/1643/527 4993/1644/527 4991/1642/526
f 4994/1643/527 4996/1645/528 4995/1646/528 4993/1644/527
f 4996/1645/528 4998/1647/529 4997/1648/529 4995/1646/528
f 4998/1647/529 5000/1018/530 4999/787/530 4997/1648/529
f 5000/1018/530 5002/1649/531 5001/1650/531 4999/787/530
f 5002/1649/531 5004/1651/532 5003/1652/532 5001/1650/531
f 5004/1651/532 5006/1653/533 5005/1654/533 5003/1652/532
f 5006/1653/533 5008/1655/534 5007/1656/534 5005/1654/533
f 5008/1655/534 4960/942/510 4959/80/510 5007/1656/534
o Text.001
v -6.712224 -7.998477 -0.622790
v -6.735602 -8.007158 -0.622790
v -6.756660 -8.021638 -0.622790
v -6.775417 -8.041927 -0.622790
v -6.791894 -8.068036 -0.622790
v -6.806111 -8.099974 -0.622790
v -6.818087 -8.137750 -0.622790
v -6.827841 -8.181375 -0.622790
v -6.835393 -8.230857 -0.622790
v -6.840764 -8.286208 -0.622790
v -6.843971 -8.347437 -0.622790
v -6.845037 -8.414554 -0.622790
v -6.844917 -8.445220 -0.622790
v -6.844563 -8.474933 -0.622790
v -6.843974 -8.503681 -0.622790
v -6.843148 -8.531458 -0.622790
v -6.842086 -8.558251 -0.622790
v -6.840789 -8.584052 -0.622790
v -6.839256 -8.608850 -0.622790
v -6.837487 -8.632635 -0.622790
v -6.835482 -8.655398 -0.622790
v -6.833241 -8.677130 -0.622790
v -6.830764 -8.697819 -0.622790
v -6.828051 -8.717457 -0.622790
v -6.757280 -9.204366 -0.622790
v -6.753021 -9.234040 -0.622790
v -6.748695 -9.260826 -0.622790
v -6.744231 -9.284780 -0.622790
v -6.739560 -9.305963 -0.622790
v -6.734614 -9.324431 -0.622790
v -6.729324 -9.340247 -0.622790
v -6.723622 -9.353468 -0.622790
v -6.717437 -9.364152 -0.622790
v -6.710703 -9.372360 -0.622790
v -6.703349 -9.378149 -0.622790
v -6.695307 -9.381579 -0.622790
v -6.686508 -9.382710 -0.622790
v -6.677708 -9.381579 -0.622790
v -6.669666 -9.378149 -0.622790
v -6.662312 -9.372360 -0.622790
v -6.655577 -9.364152 -0.622790
v -6.649393 -9.353468 -0.622790
v -6.643690 -9.340247 -0.622790
v -6.638400 -9.324431 -0.622790
v -6.633454 -9.305963 -0.622790
v -6.628784 -9.284780 -0.622790
v -6.624320 -9.260826 -0.622790
v -6.619994 -9.234040 -0.622790
v -6.615736 -9.204366 -0.622790
v -6.544965 -8.717457 -0.622790
v -6.542251 -8.697819 -0.622790
v -6.539774 -8.677130 -0.622790
v -6.537533 -8.655398 -0.622790
v -6.535528 -8.632635 -0.622790
v -6.533759 -8.608850 -0.622790
v -6.532226 -8.584052 -0.622790
v -6.530928 -8.558251 -0.622790
v -6.529867 -8.531458 -0.622790
v -6.529041 -8.503682 -0.622790
v -6.528451 -8.474933 -0.622790
v -6.528098 -8.445220 -0.622790
v -6.527979 -8.414554 -0.622790
v -6.529044 -8.347437 -0.622790
v -6.532252 -8.286207 -0.622790
v -6.537622 -8.230857 -0.622790
v -6.545175 -8.181374 -0.622790
v -6.554929 -8.137750 -0.622790
v -6.566904 -8.099974 -0.622790
v -6.581121 -8.068036 -0.622790
v -6.597598 -8.041927 -0.622790
v -6.616355 -8.021638 -0.622790
v -6.637414 -8.007157 -0.622790
v -6.660791 -7.998477 -0.622790
v -6.686508 -7.995585 -0.622790
v -6.857632 -9.830307 -0.622790
v -6.853096 -9.852359 -0.622790
v -6.845788 -9.873291 -0.622790
v -6.835914 -9.892896 -0.622790
v -6.823682 -9.910967 -0.622790
v -6.809296 -9.927299 -0.622790
v -6.792965 -9.941684 -0.622790
v -6.774894 -9.953917 -0.622790
v -6.755289 -9.963790 -0.622790
v -6.734357 -9.971098 -0.622790
v -6.712305 -9.975635 -0.622790
v -6.689339 -9.977192 -0.622790
v -6.666371 -9.975635 -0.622790
v -6.644320 -9.971098 -0.622790
v -6.623388 -9.963790 -0.622790
v -6.603783 -9.953917 -0.622790
v -6.585711 -9.941684 -0.622790
v -6.569380 -9.927299 -0.622790
v -6.554995 -9.910967 -0.622790
v -6.542762 -9.892896 -0.622790
v -6.532889 -9.873291 -0.622790
v -6.525581 -9.852359 -0.622790
v -6.521044 -9.830307 -0.622790
v -6.519487 -9.807341 -0.622790
v -6.521045 -9.784374 -0.622790
v -6.525581 -9.762321 -0.622790
v -6.532889 -9.741390 -0.622790
v -6.542763 -9.721786 -0.622790
v -6.554996 -9.703713 -0.622790
v -6.569381 -9.687383 -0.622790
v -6.585712 -9.672997 -0.622790
v -6.603784 -9.660765 -0.622790
v -6.623388 -9.650890 -0.622790
v -6.644320 -9.643582 -0.622790
v -6.666372 -9.639047 -0.622790
v -6.689339 -9.637488 -0.622790
v -6.712306 -9.639047 -0.622790
v -6.734358 -9.643582 -0.622790
v -6.755290 -9.650890 -0.622790
v -6.774895 -9.660765 -0.622790
v -6.792966 -9.672997 -0.622790
v -6.809298 -9.687383 -0.622790
v -6.823683 -9.703714 -0.622790
v -6.835916 -9.721786 -0.622790
v -6.845789 -9.741390 -0.622790
v -6.853097 -9.762321 -0.622790
v -6.857634 -9.784374 -0.622790
v -6.859191 -9.807341 -0.622790
v -6.150301 -9.851517 -0.622790
v -6.112602 -9.873656 -0.622790
v -6.074864 -9.893593 -0.622790
v -6.036772 -9.911348 -0.622790
v -5.998011 -9.926941 -0.622790
v -5.958268 -9.940392 -0.622790
v -5.917227 -9.951717 -0.622790
v -5.874574 -9.960941 -0.622790
v -5.829994 -9.968081 -0.622790
v -5.783173 -9.973156 -0.622790
v -5.733797 -9.976187 -0.622790
v -5.681550 -9.977192 -0.622790
v -5.586153 -9.970584 -0.622790
v -5.498226 -9.951452 -0.622790
v -5.417926 -9.920840 -0.622790
v -5.345411 -9.879789 -0.622790
v -5.280838 -9.829342 -0.622790
v -5.224365 -9.770539 -0.622790
v -5.176149 -9.704423 -0.622790
v -5.136346 -9.632036 -0.622790
v -5.105115 -9.554420 -0.622790
v -5.082612 -9.472616 -0.622790
v -5.068995 -9.387668 -0.622790
v -5.064421 -9.300615 -0.622790
v -5.069414 -9.207039 -0.622790
v -5.084080 -9.119125 -0.622790
v -5.107945 -9.037345 -0.622790
v -5.140540 -8.962170 -0.622790
v -5.181391 -8.894072 -0.622790
v -5.230026 -8.833522 -0.622790
v -5.285975 -8.780993 -0.622790
v -5.348766 -8.736958 -0.622790
v -5.417925 -8.701887 -0.622790
v -5.492983 -8.676251 -0.622790
v -5.573466 -8.660524 -0.622790
v -5.658903 -8.655177 -0.622790
v -5.740531 -8.659961 -0.622790
v -5.816763 -8.674338 -0.622790
v -5.887275 -8.698348 -0.622790
v -5.951741 -8.732030 -0.622790
v -6.009837 -8.775424 -0.622790
v -6.061240 -8.828568 -0.622790
v -6.105625 -8.891502 -0.622790
v -6.142667 -8.964266 -0.622790
v -6.172042 -9.046899 -0.622790
v -6.193426 -9.139439 -0.622790
v -6.206494 -9.241927 -0.622790
v -6.210922 -9.354402 -0.622790
v -5.316368 -9.354402 -0.622790
v -5.328455 -9.414847 -0.622790
v -5.344887 -9.470192 -0.622790
v -5.365643 -9.520406 -0.622790
v -5.390705 -9.565458 -0.622790
v -5.420052 -9.605322 -0.622790
v -5.453665 -9.639965 -0.622790
v -5.491525 -9.669360 -0.622790
v -5.533611 -9.693477 -0.622790
v -5.579904 -9.712285 -0.622790
v -5.630384 -9.725757 -0.622790
v -5.685033 -9.733861 -0.622790
v -5.743829 -9.736568 -0.622790
v -5.781875 -9.735399 -0.622790
v -5.819607 -9.731929 -0.622790
v -5.857063 -9.726218 -0.622790
v -5.894284 -9.718326 -0.622790
v -5.931308 -9.708309 -0.622790
v -5.968174 -9.696229 -0.622790
v -6.004923 -9.682143 -0.622790
v -6.041594 -9.666112 -0.622790
v -6.078225 -9.648192 -0.622790
v -6.114856 -9.628446 -0.622790
v -6.151526 -9.606929 -0.622790
v -6.188275 -9.583702 -0.622790
v -6.188275 -9.827156 -0.622790
v -5.957580 -9.140759 -0.622790
v -5.949224 -9.097264 -0.622790
v -5.936859 -9.057072 -0.622790
v -5.920601 -9.020359 -0.622790
v -5.900568 -8.987303 -0.622790
v -5.876880 -8.958080 -0.622790
v -5.849652 -8.932868 -0.622790
v -5.819005 -8.911842 -0.622790
v -5.785054 -8.895182 -0.622790
v -5.747918 -8.883062 -0.622790
v -5.707716 -8.875661 -0.622790
v -5.664565 -8.873154 -0.622790
v -5.618036 -8.875498 -0.622790
v -5.574711 -8.882472 -0.622790
v -5.534610 -8.893988 -0.622790
v -5.497753 -8.909955 -0.622790
v -5.464159 -8.930287 -0.622790
v -5.433849 -8.954895 -0.622790
v -5.406841 -8.983690 -0.622790
v -5.383155 -9.016584 -0.622790
v -5.362812 -9.053490 -0.622790
v -5.345830 -9.094316 -0.622790
v -5.332229 -9.138975 -0.622790
v -5.322030 -9.187381 -0.622790
v -5.961806 -9.187381 -0.622790
v -4.875404 -9.896118 -0.622790
v -4.850233 -9.911991 -0.622790
v -4.827204 -9.925838 -0.622790
v -4.805974 -9.937770 -0.622790
v -4.786199 -9.947892 -0.622790
v -4.767535 -9.956315 -0.622790
v -4.749637 -9.963144 -0.622790
v -4.732162 -9.968490 -0.622790
v -4.714766 -9.972460 -0.622790
v -4.697104 -9.975161 -0.622790
v -4.678833 -9.976703 -0.622790
v -4.659607 -9.977192 -0.622790
v -4.633060 -9.976360 -0.622790
v -4.608586 -9.973837 -0.622790
v -4.586138 -9.969584 -0.622790
v -4.565665 -9.963562 -0.622790
v -4.547118 -9.955731 -0.622790
v -4.530449 -9.946053 -0.622790
v -4.515608 -9.934487 -0.622790
v -4.502547 -9.920995 -0.622790
v -4.491215 -9.905536 -0.622790
v -4.481564 -9.888072 -0.622790
v -4.473545 -9.868565 -0.622790
v -4.467108 -9.846972 -0.622790
v -4.439393 -9.867970 -0.622790
v -4.411461 -9.887090 -0.622790
v -4.383333 -9.904342 -0.622790
v -4.355027 -9.919736 -0.622790
v -4.326565 -9.933283 -0.622790
v -4.297965 -9.944991 -0.622790
v -4.269246 -9.954871 -0.622790
v -4.240430 -9.962934 -0.622790
v -4.211535 -9.969186 -0.622790
v -4.182580 -9.973640 -0.622790
v -4.153587 -9.976306 -0.622790
v -4.124574 -9.977192 -0.622790
v -4.079198 -9.974201 -0.622790
v -4.036633 -9.965528 -0.622790
v -3.997096 -9.951626 -0.622790
v -3.960803 -9.932947 -0.622790
v -3.927969 -9.909943 -0.622790
v -3.898812 -9.883066 -0.622790
v -3.873547 -9.852769 -0.622790
v -3.852391 -9.819503 -0.622790
v -3.835560 -9.783720 -0.622790
v -3.823270 -9.745873 -0.622790
v -3.815737 -9.706415 -0.622790
v -3.813178 -9.665797 -0.622790
v -3.817808 -9.606367 -0.622790
v -3.831107 -9.553650 -0.622790
v -3.852191 -9.507048 -0.622790
v -3.880176 -9.465959 -0.622790
v -3.914176 -9.429785 -0.622790
v -3.953306 -9.397926 -0.622790
v -3.996684 -9.369783 -0.622790
v -4.043422 -9.344755 -0.622790
v -4.092638 -9.322245 -0.622790
v -4.143446 -9.301650 -0.622790
v -4.194962 -9.282373 -0.622790
v -4.246301 -9.263814 -0.622790
v -4.469939 -9.184549 -0.622790
v -4.469939 -9.116609 -0.622790
v -4.468347 -9.078906 -0.622790
v -4.463570 -9.044998 -0.622790
v -4.455608 -9.014786 -0.622790
v -4.444461 -8.988171 -0.622790
v -4.430130 -8.965055 -0.622790
v -4.412614 -8.945341 -0.622790
v -4.391913 -8.928929 -0.622790
v -4.368028 -8.915722 -0.622790
v -4.340958 -8.905621 -0.622790
v -4.310703 -8.898527 -0.622790
v -4.277263 -8.894343 -0.622790
v -4.240639 -8.892970 -0.622790
v -4.205915 -8.894335 -0.622790
v -4.171152 -8.898461 -0.622790
v -4.136428 -8.905399 -0.622790
v -4.101822 -8.915197 -0.622790
v -4.067412 -8.927905 -0.622790
v -4.033278 -8.943572 -0.622790
v -3.999498 -8.962246 -0.622790
v -3.966150 -8.983977 -0.622790
v -3.933313 -9.008815 -0.622790
v -3.901066 -9.036807 -0.622790
v -3.869488 -9.068004 -0.622790
v -3.838656 -9.102454 -0.622790
v -3.838656 -8.827860 -0.622790
v -3.864256 -8.800081 -0.622790
v -3.891526 -8.774769 -0.622790
v -3.920486 -8.751913 -0.622790
v -3.951157 -8.731506 -0.622790
v -3.983558 -8.713536 -0.622790
v -4.017709 -8.697994 -0.622790
v -4.053628 -8.684871 -0.622790
v -4.091337 -8.674154 -0.622790
v -4.130855 -8.665837 -0.622790
v -4.172201 -8.659908 -0.622790
v -4.215394 -8.656359 -0.622790
v -4.260455 -8.655177 -0.622790
v -4.323649 -8.657907 -0.622790
v -4.384082 -8.666160 -0.622790
v -4.441232 -8.680036 -0.622790
v -4.494578 -8.699633 -0.622790
v -4.543599 -8.725048 -0.622790
v -4.587774 -8.756381 -0.622790
v -4.626582 -8.793729 -0.622790
v -4.659503 -8.837192 -0.622790
v -4.686014 -8.886866 -0.622790
v -4.705595 -8.942851 -0.622790
v -4.717727 -9.005245 -0.622790
v -4.721887 -9.074145 -0.622790
v -4.721887 -9.728076 -0.622790
v -4.722239 -9.739467 -0.622790
v -4.723289 -9.749609 -0.622790
v -4.725028 -9.758553 -0.622790
v -4.727444 -9.766345 -0.622790
v -4.730529 -9.773037 -0.622790
v -4.734272 -9.778678 -0.622790
v -4.738664 -9.783316 -0.622790
v -4.743695 -9.787000 -0.622790
v -4.749355 -9.789780 -0.622790
v -4.755634 -9.791705 -0.622790
v -4.762523 -9.792824 -0.622790
v -4.770011 -9.793186 -0.622790
v -4.776900 -9.792660 -0.622790
v -4.784781 -9.791102 -0.622790
v -4.793587 -9.788542 -0.622790
v -4.803247 -9.785007 -0.622790
v -4.813694 -9.780531 -0.622790
v -4.824859 -9.775139 -0.622790
v -4.836672 -9.768863 -0.622790
v -4.849065 -9.761732 -0.622790
v -4.861970 -9.753775 -0.622790
v -4.875317 -9.745022 -0.622790
v -4.889037 -9.735502 -0.622790
v -4.903062 -9.725245 -0.622790
v -4.903062 -9.878112 -0.622790
v -4.416834 -9.341707 -0.622790
v -4.365459 -9.360417 -0.622790
v -4.316365 -9.379658 -0.622790
v -4.270101 -9.399695 -0.622790
v -4.227219 -9.420794 -0.622790
v -4.188268 -9.443220 -0.622790
v -4.153800 -9.467238 -0.622790
v -4.124364 -9.493114 -0.622790
v -4.100511 -9.521113 -0.622790
v -4.082792 -9.551500 -0.622790
v -4.071757 -9.584542 -0.622790
v -4.067956 -9.620503 -0.622790
v -4.069520 -9.646015 -0.622790
v -4.074102 -9.670082 -0.622790
v -4.081535 -9.692557 -0.622790
v -4.091651 -9.713293 -0.622790
v -4.104283 -9.732141 -0.622790
v -4.119266 -9.748954 -0.622790
v -4.136429 -9.763585 -0.622790
v -4.155608 -9.775887 -0.622790
v -4.176635 -9.785710 -0.622790
v -4.199343 -9.792911 -0.622790
v -4.223564 -9.797338 -0.622790
v -4.249132 -9.798848 -0.622790
v -4.268831 -9.798030 -0.622790
v -4.288293 -9.795610 -0.622790
v -4.307519 -9.791637 -0.622790
v -4.326510 -9.786161 -0.622790
v -4.345264 -9.779230 -0.622790
v -4.363782 -9.770893 -0.622790
v -4.382065 -9.761200 -0.622790
v -4.400112 -9.750198 -0.622790
v -4.417922 -9.737940 -0.622790
v -4.435497 -9.724472 -0.622790
v -4.452837 -9.709845 -0.622790
v -4.469939 -9.694105 -0.622790
v -4.469939 -9.323262 -0.622790
v -3.577060 -8.989197 -0.622790
v -3.543722 -8.969220 -0.622791
v -3.511956 -8.951799 -0.622791
v -3.481548 -8.936796 -0.622791
v -3.452279 -8.924074 -0.622791
v -3.423934 -8.913494 -0.622791
v -3.396297 -8.904920 -0.622791
v -3.369152 -8.898212 -0.622791
v -3.342281 -8.893235 -0.622791
v -3.315470 -8.889851 -0.622791
v -3.288502 -8.887921 -0.622791
v -3.261159 -8.887308 -0.622791
v -3.205360 -8.890856 -0.622791
v -3.152813 -8.901293 -0.622791
v -3.103825 -8.918315 -0.622791
v -3.058700 -8.941619 -0.622791
v -3.017742 -8.970900 -0.622791
v -2.981257 -9.005851 -0.622791
v -2.949549 -9.046169 -0.622791
v -2.922923 -9.091550 -0.622791
v -2.901683 -9.141688 -0.622791
v -2.886135 -9.196280 -0.622791
v -2.876582 -9.255018 -0.622791
v -2.873330 -9.317600 -0.622791
v -2.876823 -9.381205 -0.622791
v -2.887118 -9.440258 -0.622791
v -2.903939 -9.494574 -0.622791
v -2.927012 -9.543964 -0.622791
v -2.956061 -9.588244 -0.622791
v -2.990812 -9.627227 -0.622791
v -3.030988 -9.660724 -0.622791
v -3.076314 -9.688549 -0.622791
v -3.126516 -9.710516 -0.622791
v -3.181318 -9.726438 -0.622790
v -3.240445 -9.736128 -0.622790
v -3.303622 -9.739400 -0.622790
v -3.330416 -9.738810 -0.622790
v -3.357081 -9.737041 -0.622790
v -3.383727 -9.734092 -0.622790
v -3.410462 -9.729963 -0.622790
v -3.437392 -9.724655 -0.622790
v -3.464628 -9.718168 -0.622790
v -3.492276 -9.710501 -0.622790
v -3.520446 -9.701654 -0.622790
v -3.549244 -9.691628 -0.622790
v -3.578780 -9.680423 -0.622790
v -3.609161 -9.668038 -0.622790
v -3.640495 -9.654473 -0.622790
v -3.640495 -9.903590 -0.622790
v -3.617732 -9.913363 -0.622790
v -3.592148 -9.922803 -0.622790
v -3.564106 -9.931810 -0.622790
v -3.533971 -9.940287 -0.622790
v -3.502106 -9.948133 -0.622790
v -3.468874 -9.955254 -0.622790
v -3.434640 -9.961547 -0.622790
v -3.399767 -9.966917 -0.622790
v -3.364619 -9.971265 -0.622790
v -3.329559 -9.974492 -0.622790
v -3.294951 -9.976501 -0.622790
v -3.261159 -9.977192 -0.622790
v -3.168773 -9.971796 -0.622790
v -3.081635 -9.955960 -0.622790
v -3.000277 -9.930218 -0.622791
v -2.925230 -9.895097 -0.622791
v -2.857023 -9.851130 -0.622791
v -2.796189 -9.798847 -0.622791
v -2.743258 -9.738780 -0.622791
v -2.698760 -9.671458 -0.622791
v -2.663227 -9.597414 -0.622791
v -2.637189 -9.517177 -0.622791
v -2.621177 -9.431277 -0.622791
v -2.615721 -9.340247 -0.622791
v -2.620734 -9.238755 -0.622791
v -2.635537 -9.144026 -0.622791
v -2.659776 -9.056453 -0.622791
v -2.693098 -8.976428 -0.622791
v -2.735148 -8.904346 -0.622791
v -2.785573 -8.840599 -0.622791
v -2.844019 -8.785581 -0.622791
v -2.910131 -8.739684 -0.622791
v -2.983557 -8.703302 -0.622791
v -3.063942 -8.676828 -0.622791
v -3.150932 -8.660656 -0.622791
v -3.244174 -8.655177 -0.622791
v -3.280014 -8.655877 -0.622791
v -3.314094 -8.657943 -0.622791
v -3.346660 -8.661325 -0.622791
v -3.377959 -8.665977 -0.622791
v -3.408235 -8.671846 -0.622791
v -3.437735 -8.678885 -0.622791
v -3.466703 -8.687046 -0.622791
v -3.495387 -8.696278 -0.622791
v -3.524032 -8.706532 -0.622791
v -3.552883 -8.717758 -0.622791
v -3.582186 -8.729909 -0.622791
v -3.612187 -8.742934 -0.622791
v -3.612187 -9.011867 -0.622790
v -1.245582 -10.602814 -0.622791
v -1.245582 -8.680655 -0.622791
v -1.681535 -8.680655 -0.622791
v -1.793155 -8.685353 -0.622791
v -1.895790 -8.699370 -0.622791
v -1.989304 -8.722588 -0.622791
v -2.073558 -8.754887 -0.622791
v -2.148416 -8.796150 -0.622791
v -2.213738 -8.846261 -0.622791
v -2.269389 -8.905100 -0.622791
v -2.315230 -8.972549 -0.622791
v -2.351124 -9.048491 -0.622791
v -2.376933 -9.132808 -0.622791
v -2.392519 -9.225381 -0.622791
v -2.397745 -9.326093 -0.622791
v -2.392236 -9.419186 -0.622791
v -2.376081 -9.507019 -0.622791
v -2.349841 -9.589054 -0.622791
v -2.314077 -9.664748 -0.622791
v -2.269348 -9.733562 -0.622791
v -2.216215 -9.794955 -0.622791
v -2.155239 -9.848386 -0.622791
v -2.086978 -9.893314 -0.622791
v -2.011995 -9.929200 -0.622791
v -1.930848 -9.955503 -0.622791
v -1.844099 -9.971680 -0.622791
v -1.752307 -9.977192 -0.622791
v -1.731887 -9.976835 -0.622791
v -1.711614 -9.975751 -0.622791
v -1.691399 -9.973919 -0.622791
v -1.671156 -9.971321 -0.622791
v -1.650794 -9.967937 -0.622791
v -1.630226 -9.963746 -0.622791
v -1.609363 -9.958730 -0.622791
v -1.588117 -9.952868 -0.622791
v -1.566399 -9.946141 -0.622791
v -1.544120 -9.938530 -0.622791
v -1.521193 -9.930015 -0.622791
v -1.497529 -9.920575 -0.622791
v -1.497529 -10.602814 -0.622791
v -1.516750 -9.702950 -0.622791
v -1.536178 -9.711078 -0.622791
v -1.555783 -9.718477 -0.622791
v -1.575535 -9.725141 -0.622791
v -1.595405 -9.731056 -0.622791
v -1.615364 -9.736215 -0.622791
v -1.635381 -9.740607 -0.622791
v -1.655428 -9.744223 -0.622791
v -1.675476 -9.747051 -0.622791
v -1.695493 -9.749084 -0.622791
v -1.715452 -9.750312 -0.622791
v -1.735322 -9.750723 -0.622791
v -1.792646 -9.747016 -0.622791
v -1.846892 -9.736162 -0.622791
v -1.897699 -9.718566 -0.622791
v -1.944701 -9.694630 -0.622791
v -1.987536 -9.664757 -0.622791
v -2.025840 -9.629350 -0.622791
v -2.059248 -9.588812 -0.622791
v -2.087398 -9.543546 -0.622791
v -2.109925 -9.493955 -0.622791
v -2.126467 -9.440441 -0.622791
v -2.136658 -9.383410 -0.622791
v -2.140136 -9.323262 -0.622791
v -2.137248 -9.259768 -0.622791
v -2.128590 -9.201023 -0.622791
v -2.114172 -9.147173 -0.622791
v -2.094003 -9.098365 -0.622791
v -2.068095 -9.054748 -0.622791
v -2.036456 -9.016467 -0.622791
v -1.999096 -8.983671 -0.622791
v -1.956025 -8.956508 -0.622791
v -1.907253 -8.935123 -0.622791
v -1.852790 -8.919666 -0.622791
v -1.792645 -8.910285 -0.622791
v -1.726829 -8.907125 -0.622791
v -1.497529 -8.907125 -0.622791
v -1.497529 -9.694105 -0.622791
v -0.876285 -8.409031 -0.622791
v -0.835683 -8.376743 -0.622791
v -0.795474 -8.348603 -0.622791
v -0.755737 -8.324385 -0.622791
v -0.716551 -8.303864 -0.622791
v -0.677993 -8.286811 -0.622791
v -0.640144 -8.273002 -0.622791
v -0.603080 -8.262211 -0.622791
v -0.566882 -8.254211 -0.622791
v -0.531627 -8.248777 -0.622791
v -0.497394 -8.245683 -0.622791
v -0.464263 -8.244701 -0.622791
v -0.420782 -8.246618 -0.622791
v -0.379691 -8.252251 -0.622791
v -0.341253 -8.261421 -0.622791
v -0.305734 -8.273953 -0.622791
v -0.273400 -8.289671 -0.622791
v -0.244517 -8.308396 -0.622791
v -0.219349 -8.329952 -0.622791
v -0.198161 -8.354162 -0.622791
v -0.181220 -8.380849 -0.622791
v -0.168791 -8.409836 -0.622791
v -0.161139 -8.440946 -0.622791
v -0.158529 -8.474002 -0.622791
v -0.174961 -8.559445 -0.622791
v -0.220389 -8.632662 -0.622791
v -0.289015 -8.697109 -0.622791
v -0.375038 -8.756250 -0.622791
v -0.472661 -8.813542 -0.622791
v -0.576082 -8.872446 -0.622791
v -0.679504 -8.936422 -0.622791
v -0.777126 -9.008931 -0.622791
v -0.863150 -9.093431 -0.622791
v -0.931775 -9.193383 -0.622791
v -0.977204 -9.312246 -0.622791
v -0.993635 -9.453482 -0.622791
v -0.988943 -9.527417 -0.622791
v -0.975208 -9.597450 -0.622791
v -0.952941 -9.663098 -0.622791
v -0.922654 -9.723882 -0.622791
v -0.884856 -9.779318 -0.622791
v -0.840061 -9.828926 -0.622791
v -0.788777 -9.872223 -0.622791
v -0.731518 -9.908728 -0.622791
v -0.668793 -9.937959 -0.622791
v -0.601114 -9.959434 -0.622791
v -0.528993 -9.972672 -0.622791
v -0.452939 -9.977192 -0.622791
v -0.401376 -9.976007 -0.622791
v -0.351356 -9.972435 -0.622791
v -0.302771 -9.966444 -0.622791
v -0.255513 -9.958005 -0.622791
v -0.209473 -9.947090 -0.622791
v -0.164545 -9.933668 -0.622791
v -0.120619 -9.917709 -0.622791
v -0.077587 -9.899186 -0.622791
v -0.035342 -9.878068 -0.622791
v 0.006225 -9.854325 -0.622791
v 0.047221 -9.827928 -0.622791
v 0.087756 -9.798848 -0.622791
v 0.087756 -9.447821 -0.622791
v 0.051619 -9.491394 -0.622791
v 0.014036 -9.531488 -0.622791
v -0.024903 -9.568044 -0.622791
v -0.065111 -9.601002 -0.622791
v -0.106497 -9.630303 -0.622791
v -0.148975 -9.655889 -0.622791
v -0.192455 -9.677700 -0.622791
v -0.236850 -9.695679 -0.622791
v -0.282070 -9.709764 -0.622791
v -0.328027 -9.719898 -0.622791
v -0.374633 -9.726022 -0.622791
v -0.421800 -9.728076 -0.622791
v -0.473178 -9.725340 -0.622791
v -0.519779 -9.717513 -0.622791
v -0.561662 -9.705164 -0.622791
v -0.598886 -9.688864 -0.622791
v -0.631510 -9.669182 -0.622791
v -0.659593 -9.646688 -0.622791
v -0.683193 -9.621955 -0.622791
v -0.702370 -9.595550 -0.622791
v -0.717183 -9.568044 -0.622791
v -0.727691 -9.540007 -0.622791
v -0.733952 -9.512010 -0.622791
v -0.736026 -9.484621 -0.622791
v -0.719595 -9.391721 -0.622791
v -0.674166 -9.310655 -0.622791
v -0.605541 -9.238513 -0.622791
v -0.519517 -9.172387 -0.622791
v -0.421895 -9.109368 -0.622791
v -0.318473 -9.046545 -0.622791
v -0.215052 -8.981009 -0.622791
v -0.117429 -8.909851 -0.622791
v -0.031406 -8.830160 -0.622791
v 0.037220 -8.739029 -0.622791
v 0.082648 -8.633546 -0.622791
v 0.099080 -8.510803 -0.622791
v 0.094308 -8.434656 -0.622791
v 0.080247 -8.363532 -0.622791
v 0.057280 -8.297736 -0.622791
v 0.025792 -8.237572 -0.622791
v -0.013836 -8.183345 -0.622791
v -0.061218 -8.135359 -0.622791
v -0.115973 -8.093920 -0.622791
v -0.177716 -8.059332 -0.622791
v -0.246065 -8.031900 -0.622791
v -0.320636 -8.011929 -0.622791
v -0.401045 -7.999722 -0.622791
v -0.486910 -7.995585 -0.622791
v -0.523704 -7.996529 -0.622791
v -0.560460 -7.999360 -0.622791
v -0.597137 -8.004078 -0.622791
v -0.633695 -8.010683 -0.622791
v -0.670097 -8.019176 -0.622791
v -0.706302 -8.029555 -0.622791
v -0.742271 -8.041822 -0.622791
v -0.777965 -8.055977 -0.622791
v -0.813344 -8.072019 -0.622791
v -0.848370 -8.089948 -0.622791
v -0.883002 -8.109764 -0.622791
v -0.917202 -8.131467 -0.622791
v -0.917202 -8.445693 -0.622791
v 1.207170 -8.986794 -0.622791
v 1.241899 -8.966743 -0.622791
v 1.276057 -8.948835 -0.622791
v 1.309538 -8.933022 -0.622791
v 1.342232 -8.919252 -0.622791
v 1.374032 -8.907478 -0.622791
v 1.404829 -8.897651 -0.622791
v 1.434515 -8.889720 -0.622791
v 1.462983 -8.883637 -0.622791
v 1.490124 -8.879354 -0.622791
v 1.515829 -8.876819 -0.622791
v 1.539991 -8.875985 -0.622791
v 1.564686 -8.876971 -0.622791
v 1.587749 -8.879865 -0.622791
v 1.609082 -8.884566 -0.622791
v 1.628587 -8.890978 -0.622791
v 1.646165 -8.899002 -0.622791
v 1.661719 -8.908540 -0.622791
v 1.675149 -8.919494 -0.622791
v 1.686358 -8.931764 -0.622791
v 1.695247 -8.945252 -0.622791
v 1.701718 -8.959863 -0.622791
v 1.705673 -8.975494 -0.622791
v 1.707013 -8.992050 -0.622791
v 1.705212 -9.006471 -0.622791
v 1.699686 -9.021539 -0.622791
v 1.690248 -9.037433 -0.622791
v 1.676712 -9.054330 -0.622791
v 1.658889 -9.072406 -0.622791
v 1.636595 -9.091839 -0.622791
v 1.609641 -9.112804 -0.622791
v 1.577841 -9.135481 -0.622791
v 1.541009 -9.160045 -0.622791
v 1.498957 -9.186672 -0.622791
v 1.451499 -9.215542 -0.622791
v 1.398448 -9.246828 -0.622791
v 1.348816 -9.280499 -0.622791
v 1.304531 -9.312371 -0.622791
v 1.265397 -9.342769 -0.622791
v 1.231217 -9.372016 -0.622791
v 1.201795 -9.400437 -0.622791
v 1.176933 -9.428358 -0.622791
v 1.156435 -9.456101 -0.622791
v 1.140105 -9.483993 -0.622791
v 1.127746 -9.512355 -0.622791
v 1.119162 -9.541514 -0.622791
v 1.114156 -9.571794 -0.622791
v 1.112530 -9.603518 -0.622791
v 1.116179 -9.657850 -0.622791
v 1.126855 -9.708850 -0.622791
v 1.144157 -9.756252 -0.622791
v 1.167680 -9.799791 -0.622791
v 1.197022 -9.839202 -0.622791
v 1.231781 -9.874220 -0.622791
v 1.271552 -9.904577 -0.622791
v 1.315933 -9.930011 -0.622791
v 1.364522 -9.950254 -0.622791
v 1.416914 -9.965043 -0.622791
v 1.472708 -9.974111 -0.622791
v 1.531499 -9.977192 -0.622791
v 1.569759 -9.976530 -0.622791
v 1.606870 -9.974492 -0.622791
v 1.643097 -9.971000 -0.622791
v 1.678704 -9.965974 -0.622791
v 1.713957 -9.959335 -0.622791
v 1.749122 -9.951007 -0.622791
v 1.784463 -9.940908 -0.622791
v 1.820247 -9.928963 -0.622791
v 1.856739 -9.915091 -0.622791
v 1.894204 -9.899213 -0.622791
v 1.932907 -9.881250 -0.622791
v 1.973114 -9.861127 -0.622791
v 1.973114 -9.589363 -0.622791
v 1.932381 -9.616437 -0.622791
v 1.892356 -9.641053 -0.622791
v 1.853156 -9.663232 -0.622791
v 1.814900 -9.682992 -0.622791
v 1.777706 -9.700354 -0.622791
v 1.741691 -9.715337 -0.622791
v 1.706973 -9.727962 -0.622791
v 1.673671 -9.738246 -0.622791
v 1.641902 -9.746211 -0.622791
v 1.611785 -9.751876 -0.622791
v 1.583437 -9.755260 -0.622791
v 1.556977 -9.756385 -0.622791
v 1.531892 -9.754085 -0.622791
v 1.507751 -9.750015 -0.622791
v 1.484790 -9.744177 -0.622791
v 1.463244 -9.736568 -0.622791
v 1.443349 -9.727191 -0.622791
v 1.425341 -9.716044 -0.622791
v 1.409457 -9.703129 -0.622791
v 1.395932 -9.688444 -0.622791
v 1.385001 -9.671989 -0.622791
v 1.376902 -9.653766 -0.622791
v 1.371869 -9.633773 -0.622791
v 1.370139 -9.612011 -0.622791
v 1.381836 -9.569651 -0.622791
v 1.414175 -9.529561 -0.622791
v 1.463027 -9.490593 -0.622791
v 1.524264 -9.451594 -0.622791
v 1.593758 -9.411417 -0.622791
v 1.667380 -9.368910 -0.622791
v 1.741003 -9.322923 -0.622791
v 1.810496 -9.272306 -0.622791
v 1.871734 -9.215910 -0.622791
v 1.920586 -9.152584 -0.622791
v 1.952924 -9.081179 -0.622791
v 1.964621 -9.000544 -0.622791
v 1.961244 -8.948552 -0.622791
v 1.951280 -8.900257 -0.622791
v 1.934986 -8.855815 -0.622791
v 1.912618 -8.815384 -0.622791
v 1.884430 -8.779119 -0.622791
v 1.850679 -8.747181 -0.622791
v 1.811620 -8.719724 -0.622791
v 1.767509 -8.696906 -0.622791
v 1.718601 -8.678885 -0.622791
v 1.665152 -8.665819 -0.622791
v 1.607418 -8.657864 -0.622791
v 1.545653 -8.655177 -0.622791
v 1.515865 -8.655887 -0.622791
v 1.485930 -8.658021 -0.622791
v 1.455817 -8.661591 -0.622791
v 1.425498 -8.666606 -0.622791
v 1.394944 -8.673075 -0.622791
v 1.364124 -8.681009 -0.622791
v 1.333009 -8.690417 -0.622791
v 1.301569 -8.701310 -0.622791
v 1.269776 -8.713696 -0.622791
v 1.237600 -8.727587 -0.622791
v 1.205010 -8.742991 -0.622791
v 1.171979 -8.759919 -0.622791
v 1.171979 -9.009036 -0.622791
v 2.297053 -8.986794 -0.622791
v 2.331782 -8.966743 -0.622791
v 2.365941 -8.948835 -0.622791
v 2.399421 -8.933022 -0.622791
v 2.432116 -8.919252 -0.622791
v 2.463915 -8.907478 -0.622791
v 2.494712 -8.897651 -0.622791
v 2.524399 -8.889720 -0.622791
v 2.552866 -8.883637 -0.622791
v 2.580007 -8.879354 -0.622791
v 2.605713 -8.876819 -0.622791
v 2.629875 -8.875985 -0.622791
v 2.654570 -8.876971 -0.622791
v 2.677633 -8.879865 -0.622791
v 2.698966 -8.884566 -0.622791
v 2.718471 -8.890978 -0.622791
v 2.736049 -8.899002 -0.622791
v 2.751602 -8.908540 -0.622791
v 2.765033 -8.919494 -0.622791
v 2.776242 -8.931764 -0.622791
v 2.785131 -8.945252 -0.622791
v 2.791602 -8.959863 -0.622791
v 2.795556 -8.975494 -0.622791
v 2.796896 -8.992050 -0.622791
v 2.795095 -9.006471 -0.622791
v 2.789570 -9.021539 -0.622791
v 2.780132 -9.037433 -0.622791
v 2.766595 -9.054330 -0.622791
v 2.748773 -9.072406 -0.622791
v 2.726479 -9.091839 -0.622791
v 2.699525 -9.112804 -0.622791
v 2.667725 -9.135481 -0.622791
v 2.630893 -9.160045 -0.622791
v 2.588841 -9.186672 -0.622791
v 2.541383 -9.215542 -0.622791
v 2.488332 -9.246828 -0.622791
v 2.438700 -9.280499 -0.622791
v 2.394415 -9.312371 -0.622791
v 2.355281 -9.342769 -0.622791
v 2.321101 -9.372016 -0.622791
v 2.291678 -9.400437 -0.622791
v 2.266817 -9.428358 -0.622791
v 2.246319 -9.456101 -0.622791
v 2.229989 -9.483993 -0.622791
v 2.217630 -9.512355 -0.622791
v 2.209046 -9.541514 -0.622791
v 2.204039 -9.571794 -0.622791
v 2.202414 -9.603518 -0.622791
v 2.206062 -9.657850 -0.622791
v 2.216739 -9.708850 -0.622791
v 2.234040 -9.756252 -0.622791
v 2.257564 -9.799791 -0.622791
v 2.286906 -9.839202 -0.622791
v 2.321665 -9.874220 -0.622791
v 2.361436 -9.904577 -0.622791
v 2.405817 -9.930011 -0.622791
v 2.454406 -9.950254 -0.622791
v 2.506798 -9.965043 -0.622791
v 2.562591 -9.974111 -0.622791
v 2.621382 -9.977192 -0.622791
v 2.659644 -9.976530 -0.622791
v 2.696754 -9.974492 -0.622791
v 2.732981 -9.971000 -0.622791
v 2.768588 -9.965974 -0.622791
v 2.803841 -9.959335 -0.622791
v 2.839006 -9.951007 -0.622791
v 2.874347 -9.940908 -0.622791
v 2.910131 -9.928963 -0.622791
v 2.946623 -9.915091 -0.622791
v 2.984088 -9.899213 -0.622791
v 3.022791 -9.881250 -0.622791
v 3.062998 -9.861127 -0.622791
v 3.062998 -9.589363 -0.622791
v 3.022265 -9.616437 -0.622791
v 2.982240 -9.641053 -0.622791
v 2.943040 -9.663232 -0.622791
v 2.904784 -9.682992 -0.622791
v 2.867589 -9.700354 -0.622791
v 2.831574 -9.715337 -0.622791
v 2.796857 -9.727962 -0.622791
v 2.763555 -9.738246 -0.622791
v 2.731786 -9.746211 -0.622791
v 2.701669 -9.751876 -0.622791
v 2.673321 -9.755260 -0.622791
v 2.646860 -9.756385 -0.622791
v 2.621776 -9.754085 -0.622791
v 2.597635 -9.750015 -0.622791
v 2.574674 -9.744177 -0.622791
v 2.553128 -9.736568 -0.622791
v 2.533233 -9.727191 -0.622791
v 2.515225 -9.716044 -0.622791
v 2.499341 -9.703129 -0.622791
v 2.485816 -9.688444 -0.622791
v 2.474885 -9.671989 -0.622791
v 2.466786 -9.653766 -0.622791
v 2.461753 -9.633773 -0.622791
v 2.460023 -9.612011 -0.622791
v 2.471720 -9.569651 -0.622791
v 2.504059 -9.529561 -0.622791
v 2.552911 -9.490593 -0.622791
v 2.614148 -9.451594 -0.622791
v 2.683642 -9.411417 -0.622791
v 2.757264 -9.368910 -0.622791
v 2.830886 -9.322923 -0.622791
v 2.900380 -9.272306 -0.622791
v 2.961617 -9.215910 -0.622791
v 3.010470 -9.152584 -0.622791
v 3.042808 -9.081179 -0.622791
v 3.054505 -9.000544 -0.622791
v 3.051127 -8.948552 -0.622791
v 3.041163 -8.900257 -0.622791
v 3.024870 -8.855815 -0.622791
v 3.002501 -8.815384 -0.622791
v 2.974313 -8.779119 -0.622791
v 2.940563 -8.747181 -0.622791
v 2.901504 -8.719724 -0.622791
v 2.857393 -8.696906 -0.622791
v 2.808485 -8.678885 -0.622791
v 2.755036 -8.665819 -0.622791
v 2.697302 -8.657864 -0.622791
v 2.635537 -8.655177 -0.622791
v 2.605749 -8.655887 -0.622791
v 2.575813 -8.658021 -0.622791
v 2.545701 -8.661591 -0.622791
v 2.515382 -8.666606 -0.622791
v 2.484828 -8.673075 -0.622791
v 2.454008 -8.681009 -0.622791
v 2.422893 -8.690417 -0.622791
v 2.391453 -8.701310 -0.622791
v 2.359660 -8.713696 -0.622791
v 2.327484 -8.727587 -0.622791
v 2.294894 -8.742991 -0.622791
v 2.261863 -8.759919 -0.622791
v 2.261863 -9.009036 -0.622791
v 3.333104 -9.851517 -0.622791
v 3.370803 -9.873656 -0.622791
v 3.408541 -9.893593 -0.622791
v 3.446633 -9.911348 -0.622791
v 3.485394 -9.926941 -0.622791
v 3.525137 -9.940392 -0.622791
v 3.566178 -9.951717 -0.622791
v 3.608831 -9.960941 -0.622791
v 3.653411 -9.968081 -0.622791
v 3.700232 -9.973156 -0.622791
v 3.749608 -9.976187 -0.622791
v 3.801854 -9.977192 -0.622791
v 3.897251 -9.970584 -0.622791
v 3.985179 -9.951452 -0.622791
v 4.065478 -9.920840 -0.622791
v 4.137993 -9.879789 -0.622791
v 4.202566 -9.829342 -0.622791
v 4.259039 -9.770539 -0.622791
v 4.307255 -9.704423 -0.622791
v 4.347058 -9.632036 -0.622791
v 4.378289 -9.554420 -0.622791
v 4.400792 -9.472616 -0.622791
v 4.414409 -9.387668 -0.622791
v 4.418983 -9.300615 -0.622791
v 4.413990 -9.207039 -0.622791
v 4.399324 -9.119125 -0.622791
v 4.375458 -9.037345 -0.622791
v 4.342865 -8.962170 -0.622791
v 4.302013 -8.894072 -0.622791
v 4.253377 -8.833522 -0.622791
v 4.197429 -8.780993 -0.622791
v 4.134638 -8.736958 -0.622791
v 4.065479 -8.701887 -0.622791
v 3.990421 -8.676251 -0.622791
v 3.909938 -8.660524 -0.622791
v 3.824501 -8.655177 -0.622791
v 3.742872 -8.659961 -0.622791
v 3.666640 -8.674338 -0.622791
v 3.596129 -8.698348 -0.622791
v 3.531663 -8.732030 -0.622791
v 3.473566 -8.775424 -0.622791
v 3.422163 -8.828568 -0.622791
v 3.377779 -8.891502 -0.622791
v 3.340737 -8.964266 -0.622791
v 3.311362 -9.046899 -0.622791
v 3.289978 -9.139439 -0.622791
v 3.276910 -9.241927 -0.622791
v 3.272482 -9.354402 -0.622791
v 4.167036 -9.354402 -0.622791
v 4.154949 -9.414847 -0.622791
v 4.138518 -9.470192 -0.622791
v 4.117761 -9.520406 -0.622791
v 4.092700 -9.565458 -0.622791
v 4.063353 -9.605322 -0.622791
v 4.029739 -9.639965 -0.622791
v 3.991879 -9.669360 -0.622791
v 3.949793 -9.693477 -0.622791
v 3.903500 -9.712285 -0.622791
v 3.853019 -9.725757 -0.622791
v 3.798371 -9.733861 -0.622791
v 3.739575 -9.736568 -0.622791
v 3.701529 -9.735399 -0.622791
v 3.663797 -9.731929 -0.622791
v 3.626341 -9.726218 -0.622791
v 3.589120 -9.718326 -0.622791
v 3.552096 -9.708309 -0.622791
v 3.515229 -9.696229 -0.622791
v 3.478480 -9.682143 -0.622791
v 3.441810 -9.666112 -0.622791
v 3.405179 -9.648192 -0.622791
v 3.368548 -9.628446 -0.622791
v 3.331878 -9.606929 -0.622791
v 3.295129 -9.583702 -0.622791
v 3.295129 -9.827156 -0.622791
v 3.525825 -9.140759 -0.622791
v 3.534180 -9.097264 -0.622791
v 3.546546 -9.057072 -0.622791
v 3.562803 -9.020359 -0.622791
v 3.582836 -8.987303 -0.622791
v 3.606524 -8.958080 -0.622791
v 3.633752 -8.932868 -0.622791
v 3.664400 -8.911842 -0.622791
v 3.698350 -8.895182 -0.622791
v 3.735486 -8.883062 -0.622791
v 3.775688 -8.875661 -0.622791
v 3.818839 -8.873154 -0.622791
v 3.865368 -8.875498 -0.622791
v 3.908693 -8.882472 -0.622791
v 3.948794 -8.893988 -0.622791
v 3.985651 -8.909955 -0.622791
v 4.019245 -8.930287 -0.622791
v 4.049555 -8.954895 -0.622791
v 4.076563 -8.983690 -0.622791
v 4.100249 -9.016584 -0.622791
v 4.120592 -9.053490 -0.622791
v 4.137574 -9.094316 -0.622791
v 4.151175 -9.138975 -0.622791
v 4.161374 -9.187381 -0.622791
v 3.521598 -9.187381 -0.622791
v 5.208795 -8.972235 -0.622791
v 5.203134 -8.972235 -0.622791
v 5.171402 -8.919017 -0.622791
v 5.139898 -8.871097 -0.622791
v 5.108609 -8.828347 -0.622791
v 5.077527 -8.790640 -0.622791
v 5.046641 -8.757847 -0.622791
v 5.015942 -8.729841 -0.622791
v 4.985420 -8.706495 -0.622791
v 4.955066 -8.687680 -0.622791
v 4.924868 -8.673268 -0.622791
v 4.894818 -8.663133 -0.622791
v 4.864905 -8.657145 -0.622791
v 4.835121 -8.655177 -0.622791
v 4.809753 -8.656181 -0.622791
v 4.784572 -8.659201 -0.622791
v 4.759528 -8.664245 -0.622791
v 4.734572 -8.671324 -0.622791
v 4.709657 -8.680447 -0.622791
v 4.684731 -8.691625 -0.622791
v 4.659746 -8.704866 -0.622791
v 4.634654 -8.720182 -0.622791
v 4.609403 -8.737582 -0.622791
v 4.583947 -8.757075 -0.622791
v 4.558235 -8.778672 -0.622791
v 4.532218 -8.802382 -0.622791
v 4.665268 -9.020359 -0.622791
v 4.684813 -9.002447 -0.622791
v 4.705085 -8.985577 -0.622791
v 4.725867 -8.969846 -0.622791
v 4.746945 -8.955354 -0.622791
v 4.768101 -8.942199 -0.622791
v 4.789119 -8.930479 -0.622791
v 4.809784 -8.920293 -0.622791
v 4.829879 -8.911737 -0.622791
v 4.849187 -8.904913 -0.622791
v 4.867492 -8.899917 -0.622791
v 4.884579 -8.896847 -0.622791
v 4.900231 -8.895802 -0.622791
v 4.942577 -8.899324 -0.622791
v 4.983047 -8.909601 -0.622791
v 5.021294 -8.926188 -0.622791
v 5.056976 -8.948644 -0.622791
v 5.089749 -8.976525 -0.622791
v 5.119269 -9.009390 -0.622791
v 5.145191 -9.046795 -0.622791
v 5.167171 -9.088300 -0.622791
v 5.184865 -9.133461 -0.622791
v 5.197930 -9.181837 -0.622791
v 5.206021 -9.232984 -0.622791
v 5.208795 -9.286461 -0.622791
v 5.208795 -9.951715 -0.622791
v 5.460742 -9.951715 -0.622791
v 5.460742 -8.680655 -0.622791
v 5.208795 -8.680655 -0.622791
v 6.910146 -10.602814 -0.622791
v 6.910146 -8.680655 -0.622791
v 6.474193 -8.680655 -0.622791
v 6.362574 -8.685353 -0.622791
v 6.259939 -8.699370 -0.622791
v 6.166425 -8.722588 -0.622791
v 6.082170 -8.754887 -0.622791
v 6.007313 -8.796150 -0.622791
v 5.941990 -8.846261 -0.622791
v 5.886339 -8.905100 -0.622791
v 5.840498 -8.972549 -0.622791
v 5.804604 -9.048491 -0.622791
v 5.778796 -9.132808 -0.622791
v 5.763209 -9.225381 -0.622791
v 5.757983 -9.326093 -0.622791
v 5.763494 -9.419186 -0.622791
v 5.779648 -9.507019 -0.622791
v 5.805887 -9.589054 -0.622791
v 5.841651 -9.664748 -0.622791
v 5.886380 -9.733562 -0.622791
v 5.939512 -9.794955 -0.622791
v 6.000489 -9.848386 -0.622791
v 6.068749 -9.893314 -0.622791
v 6.143733 -9.929200 -0.622791
v 6.224879 -9.955503 -0.622791
v 6.311629 -9.971680 -0.622791
v 6.403421 -9.977192 -0.622791
v 6.423842 -9.976835 -0.622791
v 6.444115 -9.975751 -0.622791
v 6.464329 -9.973919 -0.622791
v 6.484573 -9.971321 -0.622791
v 6.504935 -9.967937 -0.622791
v 6.525502 -9.963746 -0.622791
v 6.546365 -9.958730 -0.622791
v 6.567611 -9.952868 -0.622791
v 6.589329 -9.946141 -0.622791
v 6.611608 -9.938530 -0.622791
v 6.634535 -9.930015 -0.622791
v 6.658199 -9.920575 -0.622791
v 6.658199 -10.602814 -0.622791
v 6.638977 -9.702950 -0.622791
v 6.619549 -9.711078 -0.622791
v 6.599944 -9.718477 -0.622791
v 6.580192 -9.725141 -0.622791
v 6.560322 -9.731056 -0.622791
v 6.540364 -9.736215 -0.622791
v 6.520346 -9.740607 -0.622791
v 6.500299 -9.744223 -0.622791
v 6.480252 -9.747051 -0.622791
v 6.460235 -9.749084 -0.622791
v 6.440276 -9.750312 -0.622791
v 6.420406 -9.750723 -0.622791
v 6.363083 -9.747016 -0.622791
v 6.308836 -9.736162 -0.622791
v 6.258029 -9.718566 -0.622791
v 6.211027 -9.694630 -0.622791
v 6.168192 -9.664757 -0.622791
v 6.129889 -9.629350 -0.622791
v 6.096480 -9.588812 -0.622791
v 6.068330 -9.543546 -0.622791
v 6.045803 -9.493955 -0.622791
v 6.029262 -9.440441 -0.622791
v 6.019071 -9.383410 -0.622791
v 6.015593 -9.323262 -0.622791
v 6.018480 -9.259768 -0.622791
v 6.027139 -9.201023 -0.622791
v 6.041556 -9.147173 -0.622791
v 6.061725 -9.098365 -0.622791
v 6.087633 -9.054748 -0.622791
v 6.119273 -9.016467 -0.622791
v 6.156633 -8.983671 -0.622791
v 6.199704 -8.956508 -0.622791
v 6.248476 -8.935123 -0.622791
v 6.302938 -8.919666 -0.622791
v 6.363083 -8.910285 -0.622791
v 6.428899 -8.907125 -0.622791
v 6.658199 -8.907125 -0.622791
v 6.658199 -9.694105 -0.622791
v -6.712224 -7.998477 0.622791
v -6.735602 -8.007158 0.622791
v -6.756660 -8.021638 0.622791
v -6.775417 -8.041927 0.622791
v -6.791894 -8.068036 0.622791
v -6.806111 -8.099974 0.622791
v -6.818087 -8.137750 0.622791
v -6.827841 -8.181375 0.622791
v -6.835393 -8.230857 0.622791
v -6.840764 -8.286208 0.622791
v -6.843971 -8.347437 0.622791
v -6.845037 -8.414554 0.622791
v -6.844917 -8.445220 0.622791
v -6.844563 -8.474933 0.622791
v -6.843974 -8.503681 0.622791
v -6.843148 -8.531458 0.622791
v -6.842086 -8.558251 0.622791
v -6.840789 -8.584052 0.622791
v -6.839256 -8.608850 0.622791
v -6.837487 -8.632635 0.622791
v -6.835482 -8.655398 0.622791
v -6.833241 -8.677130 0.622791
v -6.830764 -8.697819 0.622791
v -6.828051 -8.717457 0.622791
v -6.757280 -9.204366 0.622791
v -6.753021 -9.234040 0.622791
v -6.748695 -9.260826 0.622791
v -6.744231 -9.284780 0.622791
v -6.739560 -9.305963 0.622791
v -6.734614 -9.324431 0.622791
v -6.729324 -9.340247 0.622791
v -6.723622 -9.353468 0.622791
v -6.717437 -9.364152 0.622791
v -6.710703 -9.372360 0.622791
v -6.703349 -9.378149 0.622791
v -6.695307 -9.381579 0.622791
v -6.686508 -9.382710 0.622791
v -6.677708 -9.381579 0.622791
v -6.669666 -9.378149 0.622791
v -6.662312 -9.372360 0.622791
v -6.655577 -9.364152 0.622791
v -6.649393 -9.353468 0.622791
v -6.643690 -9.340247 0.622791
v -6.638400 -9.324431 0.622791
v -6.633454 -9.305963 0.622791
v -6.628784 -9.284780 0.622791
v -6.624320 -9.260826 0.622791
v -6.619994 -9.234040 0.622791
v -6.615736 -9.204366 0.622791
v -6.544965 -8.717457 0.622791
v -6.542251 -8.697819 0.622791
v -6.539774 -8.677130 0.622791
v -6.537533 -8.655398 0.622791
v -6.535528 -8.632635 0.622791
v -6.533759 -8.608850 0.622791
v -6.532226 -8.584052 0.622791
v -6.530928 -8.558251 0.622791
v -6.529867 -8.531458 0.622791
v -6.529041 -8.503682 0.622791
v -6.528451 -8.474933 0.622791
v -6.528098 -8.445220 0.622791
v -6.527979 -8.414554 0.622791
v -6.529044 -8.347437 0.622791
v -6.532252 -8.286207 0.622791
v -6.537622 -8.230857 0.622791
v -6.545175 -8.181374 0.622791
v -6.554929 -8.137750 0.622791
v -6.566904 -8.099974 0.622791
v -6.581121 -8.068036 0.622791
v -6.597598 -8.041927 0.622791
v -6.616355 -8.021638 0.622791
v -6.637414 -8.007157 0.622791
v -6.660791 -7.998477 0.622791
v -6.686508 -7.995585 0.622791
v -6.857632 -9.830307 0.622791
v -6.853096 -9.852359 0.622791
v -6.845788 -9.873291 0.622791
v -6.835914 -9.892896 0.622791
v -6.823682 -9.910967 0.622791
v -6.809296 -9.927299 0.622791
v -6.792965 -9.941684 0.622791
v -6.774894 -9.953917 0.622791
v -6.755289 -9.963790 0.622791
v -6.734357 -9.971098 0.622791
v -6.712305 -9.975635 0.622791
v -6.689339 -9.977192 0.622791
v -6.666371 -9.975635 0.622791
v -6.644320 -9.971098 0.622791
v -6.623388 -9.963790 0.622791
v -6.603783 -9.953917 0.622791
v -6.585711 -9.941684 0.622791
v -6.569380 -9.927299 0.622791
v -6.554995 -9.910967 0.622791
v -6.542762 -9.892896 0.622791
v -6.532889 -9.873291 0.622791
v -6.525581 -9.852359 0.622791
v -6.521044 -9.830307 0.622791
v -6.519487 -9.807341 0.622791
v -6.521045 -9.784374 0.622791
v -6.525581 -9.762321 0.622791
v -6.532889 -9.741390 0.622791
v -6.542763 -9.721786 0.622791
v -6.554996 -9.703713 0.622791
v -6.569381 -9.687383 0.622791
v -6.585712 -9.672997 0.622791
v -6.603784 -9.660765 0.622791
v -6.623388 -9.650890 0.622791
v -6.644320 -9.643582 0.622791
v -6.666372 -9.639046 0.622791
v -6.689339 -9.637488 0.622791
v -6.712306 -9.639047 0.622791
v -6.734358 -9.643582 0.622791
v -6.755290 -9.650890 0.622791
v -6.774895 -9.660765 0.622791
v -6.792966 -9.672997 0.622791
v -6.809298 -9.687383 0.622791
v -6.823683 -9.703713 0.622791
v -6.835916 -9.721786 0.622791
v -6.845789 -9.741390 0.622791
v -6.853097 -9.762321 0.622791
v -6.857634 -9.784374 0.622791
v -6.859191 -9.807341 0.622791
v -6.150301 -9.851517 0.622791
v -6.112602 -9.873656 0.622791
v -6.074864 -9.893593 0.622791
v -6.036772 -9.911348 0.622791
v -5.998011 -9.926941 0.622791
v -5.958268 -9.940391 0.622791
v -5.917227 -9.951717 0.622791
v -5.874574 -9.960941 0.622791
v -5.829994 -9.968081 0.622791
v -5.783173 -9.973156 0.622791
v -5.733797 -9.976187 0.622791
v -5.681550 -9.977192 0.622791
v -5.586153 -9.970584 0.622791
v -5.498226 -9.951452 0.622791
v -5.417926 -9.920840 0.622791
v -5.345411 -9.879789 0.622791
v -5.280838 -9.829342 0.622791
v -5.224365 -9.770539 0.622791
v -5.176149 -9.704423 0.622791
v -5.136346 -9.632036 0.622791
v -5.105115 -9.554420 0.622791
v -5.082612 -9.472616 0.622791
v -5.068995 -9.387668 0.622791
v -5.064421 -9.300615 0.622791
v -5.069414 -9.207039 0.622791
v -5.084080 -9.119125 0.622791
v -5.107945 -9.037345 0.622791
v -5.140540 -8.962170 0.622791
v -5.181391 -8.894072 0.622791
v -5.230026 -8.833522 0.622791
v -5.285975 -8.780993 0.622791
v -5.348766 -8.736958 0.622791
v -5.417925 -8.701887 0.622791
v -5.492983 -8.676251 0.622791
v -5.573466 -8.660524 0.622791
v -5.658903 -8.655177 0.622791
v -5.740531 -8.659961 0.622791
v -5.816763 -8.674338 0.622791
v -5.887275 -8.698348 0.622791
v -5.951741 -8.732030 0.622791
v -6.009837 -8.775424 0.622791
v -6.061240 -8.828568 0.622791
v -6.105625 -8.891502 0.622791
v -6.142667 -8.964266 0.622791
v -6.172042 -9.046899 0.622791
v -6.193426 -9.139439 0.622791
v -6.206494 -9.241927 0.622791
v -6.210922 -9.354402 0.622791
v -5.316368 -9.354402 0.622791
v -5.328455 -9.414847 0.622791
v -5.344887 -9.470192 0.622791
v -5.365643 -9.520406 0.622791
v -5.390705 -9.565458 0.622791
v -5.420052 -9.605322 0.622791
v -5.453665 -9.639965 0.622791
v -5.491525 -9.669360 0.622791
v -5.533611 -9.693477 0.622791
v -5.579904 -9.712285 0.622791
v -5.630384 -9.725757 0.622791
v -5.685033 -9.733861 0.622791
v -5.743829 -9.736568 0.622791
v -5.781875 -9.735399 0.622791
v -5.819607 -9.731929 0.622791
v -5.857063 -9.726218 0.622791
v -5.894284 -9.718326 0.622791
v -5.931308 -9.708309 0.622791
v -5.968174 -9.696229 0.622791
v -6.004923 -9.682143 0.622791
v -6.041594 -9.666111 0.622791
v -6.078225 -9.648192 0.622791
v -6.114856 -9.628446 0.622791
v -6.151526 -9.606929 0.622791
v -6.188275 -9.583702 0.622791
v -6.188275 -9.827156 0.622791
v -5.957580 -9.140759 0.622791
v -5.949224 -9.097264 0.622791
v -5.936859 -9.057072 0.622791
v -5.920601 -9.020359 0.622791
v -5.900568 -8.987303 0.622791
v -5.876880 -8.958080 0.622791
v -5.849652 -8.932868 0.622791
v -5.819005 -8.911842 0.622791
v -5.785054 -8.895182 0.622791
v -5.747918 -8.883062 0.622791
v -5.707716 -8.875661 0.622791
v -5.664565 -8.873154 0.622791
v -5.618036 -8.875498 0.622791
v -5.574711 -8.882472 0.622791
v -5.534610 -8.893988 0.622791
v -5.497753 -8.909955 0.622791
v -5.464159 -8.930287 0.622791
v -5.433849 -8.954895 0.622791
v -5.406841 -8.983690 0.622791
v -5.383155 -9.016584 0.622791
v -5.362812 -9.053490 0.622791
v -5.345830 -9.094316 0.622791
v -5.332229 -9.138975 0.622791
v -5.322030 -9.187381 0.622791
v -5.961806 -9.187381 0.622791
v -4.875404 -9.896118 0.622791
v -4.850233 -9.911990 0.622791
v -4.827204 -9.925838 0.622791
v -4.805974 -9.937770 0.622791
v -4.786199 -9.947892 0.622791
v -4.767535 -9.956315 0.622791
v -4.749637 -9.963144 0.622791
v -4.732162 -9.968490 0.622791
v -4.714766 -9.972460 0.622791
v -4.697104 -9.975161 0.622791
v -4.678833 -9.976703 0.622791
v -4.659607 -9.977192 0.622791
v -4.633060 -9.976360 0.622791
v -4.608586 -9.973837 0.622791
v -4.586138 -9.969584 0.622791
v -4.565665 -9.963562 0.622791
v -4.547118 -9.955731 0.622791
v -4.530449 -9.946053 0.622791
v -4.515608 -9.934486 0.622791
v -4.502547 -9.920995 0.622791
v -4.491215 -9.905536 0.622791
v -4.481564 -9.888072 0.622791
v -4.473545 -9.868565 0.622791
v -4.467108 -9.846972 0.622791
v -4.439393 -9.867970 0.622791
v -4.411461 -9.887090 0.622791
v -4.383333 -9.904342 0.622791
v -4.355027 -9.919736 0.622791
v -4.326565 -9.933283 0.622791
v -4.297965 -9.944991 0.622791
v -4.269246 -9.954871 0.622791
v -4.240430 -9.962934 0.622791
v -4.211535 -9.969186 0.622791
v -4.182580 -9.973640 0.622791
v -4.153587 -9.976306 0.622791
v -4.124574 -9.977192 0.622791
v -4.079198 -9.974201 0.622791
v -4.036633 -9.965528 0.622791
v -3.997096 -9.951626 0.622791
v -3.960803 -9.932947 0.622791
v -3.927969 -9.909943 0.622791
v -3.898812 -9.883066 0.622791
v -3.873547 -9.852769 0.622791
v -3.852391 -9.819503 0.622791
v -3.835560 -9.783720 0.622791
v -3.823270 -9.745873 0.622791
v -3.815737 -9.706415 0.622791
v -3.813178 -9.665797 0.622791
v -3.817808 -9.606367 0.622791
v -3.831107 -9.553650 0.622791
v -3.852191 -9.507048 0.622791
v -3.880176 -9.465959 0.622791
v -3.914176 -9.429785 0.622791
v -3.953306 -9.397926 0.622791
v -3.996684 -9.369783 0.622791
v -4.043422 -9.344755 0.622791
v -4.092638 -9.322245 0.622791
v -4.143446 -9.301650 0.622791
v -4.194962 -9.282373 0.622791
v -4.246301 -9.263814 0.622791
v -4.469939 -9.184549 0.622791
v -4.469939 -9.116609 0.622791
v -4.468347 -9.078906 0.622791
v -4.463570 -9.044998 0.622791
v -4.455608 -9.014786 0.622791
v -4.444461 -8.988171 0.622791
v -4.430130 -8.965055 0.622791
v -4.412614 -8.945341 0.622791
v -4.391913 -8.928929 0.622791
v -4.368028 -8.915722 0.622791
v -4.340958 -8.905621 0.622791
v -4.310703 -8.898527 0.622791
v -4.277263 -8.894343 0.622791
v -4.240639 -8.892970 0.622791
v -4.205915 -8.894335 0.622791
v -4.171152 -8.898461 0.622791
v -4.136428 -8.905399 0.622791
v -4.101822 -8.915197 0.622791
v -4.067412 -8.927905 0.622791
v -4.033278 -8.943572 0.622791
v -3.999498 -8.962246 0.622791
v -3.966150 -8.983977 0.622791
v -3.933313 -9.008815 0.622791
v -3.901066 -9.036807 0.622791
v -3.869488 -9.068004 0.622791
v -3.838656 -9.102454 0.622791
v -3.838656 -8.827860 0.622791
v -3.864256 -8.800081 0.622791
v -3.891526 -8.774769 0.622791
v -3.920486 -8.751913 0.622791
v -3.951157 -8.731506 0.622791
v -3.983558 -8.713536 0.622791
v -4.017709 -8.697994 0.622791
v -4.053628 -8.684871 0.622791
v -4.091337 -8.674154 0.622791
v -4.130855 -8.665837 0.622791
v -4.172201 -8.659908 0.622791
v -4.215394 -8.656359 0.622791
v -4.260455 -8.655177 0.622791
v -4.323649 -8.657907 0.622791
v -4.384082 -8.666160 0.622791
v -4.441232 -8.680036 0.622791
v -4.494578 -8.699633 0.622791
v -4.543599 -8.725048 0.622791
v -4.587774 -8.756381 0.622791
v -4.626582 -8.793729 0.622791
v -4.659503 -8.837192 0.622791
v -4.686014 -8.886866 0.622791
v -4.705595 -8.942851 0.622791
v -4.717727 -9.005245 0.622791
v -4.721887 -9.074145 0.622791
v -4.721887 -9.728076 0.622791
v -4.722239 -9.739467 0.622791
v -4.723289 -9.749609 0.622791
v -4.725028 -9.758552 0.622791
v -4.727444 -9.766345 0.622791
v -4.730529 -9.773037 0.622791
v -4.734272 -9.778678 0.622791
v -4.738664 -9.783316 0.622791
v -4.743695 -9.787000 0.622791
v -4.749355 -9.789780 0.622791
v -4.755634 -9.791705 0.622791
v -4.762523 -9.792824 0.622791
v -4.770011 -9.793186 0.622791
v -4.776900 -9.792660 0.622791
v -4.784781 -9.791102 0.622791
v -4.793587 -9.788542 0.622791
v -4.803247 -9.785007 0.622791
v -4.813694 -9.780531 0.622791
v -4.824859 -9.775139 0.622791
v -4.836672 -9.768863 0.622791
v -4.849065 -9.761732 0.622791
v -4.861970 -9.753775 0.622791
v -4.875317 -9.745022 0.622791
v -4.889037 -9.735502 0.622791
v -4.903062 -9.725245 0.622791
v -4.903062 -9.878112 0.622791
v -4.416834 -9.341707 0.622791
v -4.365459 -9.360417 0.622791
v -4.316365 -9.379658 0.622791
v -4.270101 -9.399695 0.622791
v -4.227219 -9.420794 0.622791
v -4.188268 -9.443220 0.622791
v -4.153800 -9.467238 0.622791
v -4.124364 -9.493114 0.622791
v -4.100511 -9.521113 0.622791
v -4.082792 -9.551500 0.622791
v -4.071757 -9.584542 0.622791
v -4.067956 -9.620503 0.622791
v -4.069520 -9.646015 0.622791
v -4.074102 -9.670082 0.622791
v -4.081535 -9.692557 0.622791
v -4.091651 -9.713292 0.622791
v -4.104283 -9.732141 0.622791
v -4.119266 -9.748954 0.622791
v -4.136429 -9.763585 0.622791
v -4.155608 -9.775887 0.622791
v -4.176635 -9.785710 0.622791
v -4.199343 -9.792911 0.622791
v -4.223564 -9.797338 0.622791
v -4.249132 -9.798847 0.622791
v -4.268831 -9.798030 0.622791
v -4.288293 -9.795610 0.622791
v -4.307519 -9.791637 0.622791
v -4.326510 -9.786161 0.622791
v -4.345264 -9.779230 0.622791
v -4.363782 -9.770893 0.622791
v -4.382065 -9.761199 0.622791
v -4.400112 -9.750198 0.622791
v -4.417922 -9.737940 0.622791
v -4.435497 -9.724472 0.622791
v -4.452837 -9.709844 0.622791
v -4.469939 -9.694105 0.622791
v -4.469939 -9.323262 0.622791
v -3.577060 -8.989197 0.622791
v -3.543722 -8.969220 0.622791
v -3.511956 -8.951799 0.622791
v -3.481548 -8.936796 0.622791
v -3.452279 -8.924074 0.622791
v -3.423934 -8.913494 0.622791
v -3.396297 -8.904920 0.622791
v -3.369152 -8.898212 0.622791
v -3.342281 -8.893235 0.622791
v -3.315470 -8.889851 0.622791
v -3.288502 -8.887921 0.622791
v -3.261159 -8.887308 0.622791
v -3.205360 -8.890856 0.622791
v -3.152813 -8.901293 0.622791
v -3.103825 -8.918315 0.622791
v -3.058700 -8.941619 0.622791
v -3.017742 -8.970900 0.622791
v -2.981257 -9.005851 0.622791
v -2.949549 -9.046169 0.622791
v -2.922923 -9.091550 0.622791
v -2.901683 -9.141688 0.622791
v -2.886135 -9.196280 0.622791
v -2.876582 -9.255018 0.622791
v -2.873330 -9.317600 0.622791
v -2.876823 -9.381205 0.622791
v -2.887118 -9.440258 0.622791
v -2.903939 -9.494574 0.622791
v -2.927012 -9.543964 0.622791
v -2.956061 -9.588244 0.622791
v -2.990812 -9.627226 0.622791
v -3.030988 -9.660724 0.622791
v -3.076314 -9.688549 0.622791
v -3.126516 -9.710516 0.622791
v -3.181318 -9.726438 0.622791
v -3.240445 -9.736128 0.622791
v -3.303622 -9.739400 0.622791
v -3.330416 -9.738810 0.622791
v -3.357081 -9.737041 0.622791
v -3.383727 -9.734092 0.622791
v -3.410462 -9.729963 0.622791
v -3.437392 -9.724655 0.622791
v -3.464628 -9.718168 0.622791
v -3.492276 -9.710501 0.622791
v -3.520446 -9.701654 0.622791
v -3.549244 -9.691628 0.622791
v -3.578780 -9.680423 0.622791
v -3.609161 -9.668038 0.622791
v -3.640495 -9.654473 0.622791
v -3.640495 -9.903590 0.622791
v -3.617732 -9.913363 0.622791
v -3.592148 -9.922803 0.622791
v -3.564106 -9.931810 0.622791
v -3.533971 -9.940287 0.622791
v -3.502106 -9.948133 0.622791
v -3.468874 -9.955253 0.622791
v -3.434640 -9.961547 0.622791
v -3.399767 -9.966917 0.622791
v -3.364619 -9.971265 0.622791
v -3.329559 -9.974492 0.622791
v -3.294951 -9.976501 0.622791
v -3.261159 -9.977192 0.622791
v -3.168773 -9.971796 0.622791
v -3.081635 -9.955960 0.622791
v -3.000277 -9.930218 0.622791
v -2.925230 -9.895097 0.622791
v -2.857023 -9.851130 0.622791
v -2.796189 -9.798847 0.622791
v -2.743258 -9.738780 0.622791
v -2.698760 -9.671458 0.622791
v -2.663227 -9.597414 0.622791
v -2.637189 -9.517177 0.622791
v -2.621177 -9.431277 0.622791
v -2.615721 -9.340247 0.622791
v -2.620734 -9.238755 0.622791
v -2.635537 -9.144026 0.622791
v -2.659776 -9.056453 0.622791
v -2.693098 -8.976428 0.622791
v -2.735148 -8.904346 0.622791
v -2.785573 -8.840599 0.622791
v -2.844019 -8.785581 0.622791
v -2.910131 -8.739684 0.622791
v -2.983557 -8.703302 0.622791
v -3.063942 -8.676828 0.622791
v -3.150932 -8.660656 0.622791
v -3.244174 -8.655177 0.622791
v -3.280014 -8.655877 0.622791
v -3.314094 -8.657943 0.622791
v -3.346660 -8.661325 0.622791
v -3.377959 -8.665977 0.622791
v -3.408235 -8.671846 0.622791
v -3.437735 -8.678885 0.622791
v -3.466703 -8.687046 0.622791
v -3.495387 -8.696278 0.622791
v -3.524032 -8.706532 0.622791
v -3.552883 -8.717758 0.622791
v -3.582186 -8.729909 0.622791
v -3.612187 -8.742934 0.622791
v -3.612187 -9.011867 0.622791
v -1.245582 -10.602814 0.622791
v -1.245582 -8.680655 0.622791
v -1.681535 -8.680655 0.622791
v -1.793155 -8.685353 0.622791
v -1.895790 -8.699370 0.622791
v -1.989304 -8.722588 0.622791
v -2.073558 -8.754887 0.622791
v -2.148416 -8.796150 0.622791
v -2.213738 -8.846261 0.622791
v -2.269389 -8.905100 0.622791
v -2.315230 -8.972549 0.622791
v -2.351124 -9.048491 0.622791
v -2.376933 -9.132808 0.622791
v -2.392519 -9.225381 0.622791
v -2.397745 -9.326093 0.622791
v -2.392236 -9.419186 0.622791
v -2.376081 -9.507019 0.622791
v -2.349841 -9.589054 0.622791
v -2.314077 -9.664748 0.622791
v -2.269348 -9.733562 0.622791
v -2.216215 -9.794955 0.622791
v -2.155239 -9.848386 0.622791
v -2.086978 -9.893314 0.622791
v -2.011995 -9.929200 0.622791
v -1.930848 -9.955503 0.622791
v -1.844099 -9.971680 0.622791
v -1.752307 -9.977192 0.622791
v -1.731887 -9.976835 0.622791
v -1.711614 -9.975751 0.622791
v -1.691399 -9.973919 0.622791
v -1.671156 -9.971321 0.622791
v -1.650794 -9.967937 0.622791
v -1.630226 -9.963746 0.622791
v -1.609363 -9.958730 0.622791
v -1.588117 -9.952868 0.622791
v -1.566399 -9.946141 0.622791
v -1.544120 -9.938530 0.622791
v -1.521193 -9.930015 0.622791
v -1.497529 -9.920575 0.622791
v -1.497529 -10.602814 0.622791
v -1.516750 -9.702950 0.622791
v -1.536178 -9.711078 0.622791
v -1.555783 -9.718477 0.622791
v -1.575535 -9.725141 0.622791
v -1.595405 -9.731056 0.622791
v -1.615364 -9.736215 0.622791
v -1.635381 -9.740607 0.622791
v -1.655428 -9.744223 0.622791
v -1.675476 -9.747051 0.622791
v -1.695493 -9.749084 0.622791
v -1.715452 -9.750312 0.622791
v -1.735322 -9.750723 0.622791
v -1.792646 -9.747016 0.622791
v -1.846892 -9.736162 0.622791
v -1.897699 -9.718566 0.622791
v -1.944701 -9.694630 0.622791
v -1.987536 -9.664757 0.622791
v -2.025840 -9.629350 0.622791
v -2.059248 -9.588812 0.622791
v -2.087398 -9.543546 0.622791
v -2.109925 -9.493955 0.622791
v -2.126467 -9.440441 0.622791
v -2.136658 -9.383410 0.622791
v -2.140136 -9.323262 0.622791
v -2.137248 -9.259768 0.622791
v -2.128590 -9.201023 0.622791
v -2.114172 -9.147173 0.622791
v -2.094003 -9.098365 0.622791
v -2.068095 -9.054748 0.622791
v -2.036456 -9.016467 0.622791
v -1.999096 -8.983671 0.622791
v -1.956025 -8.956508 0.622791
v -1.907253 -8.935123 0.622791
v -1.852790 -8.919666 0.622791
v -1.792645 -8.910285 0.622791
v -1.726829 -8.907125 0.622791
v -1.497529 -8.907125 0.622791
v -1.497529 -9.694105 0.622791
v -0.876285 -8.409031 0.622791
v -0.835683 -8.376743 0.622791
v -0.795474 -8.348603 0.622791
v -0.755737 -8.324385 0.622791
v -0.716551 -8.303864 0.622791
v -0.677993 -8.286811 0.622791
v -0.640143 -8.273002 0.622791
v -0.603080 -8.262211 0.622791
v -0.566882 -8.254211 0.622791
v -0.531627 -8.248777 0.622791
v -0.497394 -8.245683 0.622791
v -0.464263 -8.244701 0.622791
v -0.420782 -8.246618 0.622791
v -0.379691 -8.252251 0.622791
v -0.341253 -8.261421 0.622791
v -0.305734 -8.273953 0.622791
v -0.273400 -8.289671 0.622791
v -0.244517 -8.308396 0.622791
v -0.219348 -8.329952 0.622791
v -0.198161 -8.354162 0.622791
v -0.181220 -8.380849 0.622791
v -0.168791 -8.409836 0.622791
v -0.161139 -8.440946 0.622791
v -0.158529 -8.474002 0.622791
v -0.174961 -8.559445 0.622791
v -0.220389 -8.632662 0.622791
v -0.289014 -8.697109 0.622791
v -0.375038 -8.756250 0.622791
v -0.472660 -8.813542 0.622791
v -0.576082 -8.872446 0.622791
v -0.679504 -8.936422 0.622791
v -0.777126 -9.008931 0.622791
v -0.863150 -9.093431 0.622791
v -0.931775 -9.193383 0.622791
v -0.977203 -9.312246 0.622791
v -0.993635 -9.453482 0.622791
v -0.988943 -9.527417 0.622791
v -0.975208 -9.597450 0.622791
v -0.952941 -9.663098 0.622791
v -0.922654 -9.723882 0.622791
v -0.884856 -9.779318 0.622791
v -0.840060 -9.828925 0.622791
v -0.788777 -9.872223 0.622791
v -0.731518 -9.908728 0.622791
v -0.668793 -9.937959 0.622791
v -0.601114 -9.959434 0.622791
v -0.528993 -9.972672 0.622791
v -0.452939 -9.977192 0.622791
v -0.401376 -9.976007 0.622791
v -0.351356 -9.972435 0.622791
v -0.302771 -9.966444 0.622791
v -0.255512 -9.958005 0.622791
v -0.209473 -9.947090 0.622791
v -0.164545 -9.933668 0.622791
v -0.120619 -9.917709 0.622791
v -0.077587 -9.899186 0.622791
v -0.035342 -9.878068 0.622791
v 0.006225 -9.854324 0.622791
v 0.047222 -9.827928 0.622791
v 0.087756 -9.798847 0.622791
v 0.087756 -9.447821 0.622791
v 0.051619 -9.491394 0.622791
v 0.014036 -9.531488 0.622791
v -0.024903 -9.568044 0.622791
v -0.065110 -9.601002 0.622791
v -0.106497 -9.630303 0.622791
v -0.148975 -9.655889 0.622791
v -0.192455 -9.677700 0.622791
v -0.236850 -9.695679 0.622791
v -0.282070 -9.709764 0.622791
v -0.328027 -9.719898 0.622791
v -0.374633 -9.726022 0.622791
v -0.421800 -9.728076 0.622791
v -0.473178 -9.725340 0.622791
v -0.519779 -9.717513 0.622791
v -0.561662 -9.705164 0.622791
v -0.598886 -9.688863 0.622791
v -0.631510 -9.669182 0.622791
v -0.659593 -9.646688 0.622791
v -0.683193 -9.621955 0.622791
v -0.702370 -9.595550 0.622791
v -0.717183 -9.568044 0.622791
v -0.727691 -9.540007 0.622791
v -0.733952 -9.512010 0.622791
v -0.736026 -9.484621 0.622791
v -0.719594 -9.391721 0.622791
v -0.674166 -9.310655 0.622791
v -0.605541 -9.238513 0.622791
v -0.519517 -9.172387 0.622791
v -0.421895 -9.109368 0.622791
v -0.318473 -9.046545 0.622791
v -0.215051 -8.981009 0.622791
v -0.117429 -8.909851 0.622791
v -0.031405 -8.830160 0.622791
v 0.037220 -8.739029 0.622791
v 0.082648 -8.633546 0.622791
v 0.099080 -8.510803 0.622791
v 0.094308 -8.434656 0.622791
v 0.080247 -8.363532 0.622791
v 0.057280 -8.297736 0.622791
v 0.025792 -8.237572 0.622791
v -0.013835 -8.183345 0.622791
v -0.061218 -8.135359 0.622791
v -0.115973 -8.093920 0.622791
v -0.177716 -8.059332 0.622791
v -0.246065 -8.031900 0.622791
v -0.320636 -8.011929 0.622791
v -0.401045 -7.999722 0.622791
v -0.486910 -7.995585 0.622791
v -0.523704 -7.996529 0.622791
v -0.560460 -7.999360 0.622791
v -0.597137 -8.004078 0.622791
v -0.633695 -8.010683 0.622791
v -0.670097 -8.019176 0.622791
v -0.706302 -8.029555 0.622791
v -0.742271 -8.041822 0.622791
v -0.777965 -8.055977 0.622791
v -0.813344 -8.072019 0.622791
v -0.848369 -8.089948 0.622791
v -0.883002 -8.109764 0.622791
v -0.917201 -8.131467 0.622791
v -0.917201 -8.445693 0.622791
v 1.207170 -8.986794 0.622791
v 1.241899 -8.966743 0.622791
v 1.276057 -8.948835 0.622791
v 1.309538 -8.933022 0.622791
v 1.342232 -8.919252 0.622791
v 1.374032 -8.907478 0.622791
v 1.404829 -8.897651 0.622791
v 1.434515 -8.889720 0.622791
v 1.462983 -8.883637 0.622791
v 1.490124 -8.879354 0.622791
v 1.515829 -8.876819 0.622791
v 1.539991 -8.875985 0.622791
v 1.564686 -8.876971 0.622791
v 1.587749 -8.879865 0.622791
v 1.609082 -8.884566 0.622791
v 1.628587 -8.890978 0.622791
v 1.646165 -8.899002 0.622791
v 1.661719 -8.908540 0.622791
v 1.675149 -8.919494 0.622791
v 1.686358 -8.931764 0.622791
v 1.695247 -8.945252 0.622791
v 1.701718 -8.959863 0.622791
v 1.705673 -8.975494 0.622791
v 1.707013 -8.992050 0.622791
v 1.705212 -9.006471 0.622791
v 1.699686 -9.021539 0.622791
v 1.690248 -9.037433 0.622791
v 1.676712 -9.054330 0.622791
v 1.658889 -9.072406 0.622791
v 1.636595 -9.091839 0.622791
v 1.609641 -9.112804 0.622791
v 1.577841 -9.135481 0.622791
v 1.541009 -9.160045 0.622791
v 1.498957 -9.186672 0.622791
v 1.451499 -9.215542 0.622791
v 1.398448 -9.246828 0.622791
v 1.348816 -9.280499 0.622791
v 1.304531 -9.312371 0.622791
v 1.265397 -9.342769 0.622791
v 1.231217 -9.372016 0.622791
v 1.201795 -9.400437 0.622791
v 1.176933 -9.428358 0.622791
v 1.156435 -9.456101 0.622791
v 1.140105 -9.483993 0.622791
v 1.127746 -9.512355 0.622791
v 1.119162 -9.541514 0.622791
v 1.114156 -9.571794 0.622791
v 1.112530 -9.603518 0.622791
v 1.116179 -9.657850 0.622791
v 1.126855 -9.708850 0.622791
v 1.144157 -9.756252 0.622791
v 1.167680 -9.799791 0.622791
v 1.197022 -9.839202 0.622791
v 1.231781 -9.874220 0.622791
v 1.271552 -9.904577 0.622791
v 1.315933 -9.930011 0.622791
v 1.364522 -9.950254 0.622791
v 1.416914 -9.965043 0.622791
v 1.472708 -9.974111 0.622791
v 1.531499 -9.977192 0.622791
v 1.569759 -9.976530 0.622791
v 1.606870 -9.974492 0.622791
v 1.643097 -9.971000 0.622791
v 1.678704 -9.965974 0.622791
v 1.713957 -9.959335 0.622791
v 1.749122 -9.951007 0.622791
v 1.784463 -9.940908 0.622791
v 1.820247 -9.928963 0.622791
v 1.856739 -9.915091 0.622791
v 1.894204 -9.899213 0.622791
v 1.932907 -9.881250 0.622791
v 1.973114 -9.861127 0.622791
v 1.973114 -9.589363 0.622791
v 1.932381 -9.616437 0.622791
v 1.892356 -9.641053 0.622791
v 1.853156 -9.663232 0.622791
v 1.814900 -9.682992 0.622791
v 1.777706 -9.700354 0.622791
v 1.741691 -9.715337 0.622791
v 1.706973 -9.727962 0.622791
v 1.673671 -9.738246 0.622791
v 1.641902 -9.746211 0.622791
v 1.611785 -9.751876 0.622791
v 1.583437 -9.755260 0.622791
v 1.556977 -9.756385 0.622791
v 1.531892 -9.754085 0.622791
v 1.507751 -9.750015 0.622791
v 1.484790 -9.744177 0.622791
v 1.463244 -9.736568 0.622791
v 1.443349 -9.727191 0.622791
v 1.425341 -9.716044 0.622791
v 1.409457 -9.703129 0.622791
v 1.395932 -9.688444 0.622791
v 1.385001 -9.671989 0.622791
v 1.376902 -9.653766 0.622791
v 1.371869 -9.633773 0.622791
v 1.370139 -9.612010 0.622791
v 1.381836 -9.569651 0.622791
v 1.414175 -9.529561 0.622791
v 1.463027 -9.490593 0.622791
v 1.524264 -9.451594 0.622791
v 1.593758 -9.411417 0.622791
v 1.667380 -9.368910 0.622791
v 1.741003 -9.322923 0.622791
v 1.810496 -9.272306 0.622791
v 1.871734 -9.215910 0.622791
v 1.920586 -9.152584 0.622791
v 1.952924 -9.081179 0.622791
v 1.964621 -9.000544 0.622791
v 1.961244 -8.948552 0.622791
v 1.951280 -8.900257 0.622791
v 1.934986 -8.855815 0.622791
v 1.912618 -8.815384 0.622791
v 1.884430 -8.779119 0.622791
v 1.850679 -8.747181 0.622791
v 1.811620 -8.719724 0.622791
v 1.767509 -8.696906 0.622791
v 1.718601 -8.678885 0.622791
v 1.665152 -8.665819 0.622791
v 1.607418 -8.657864 0.622791
v 1.545653 -8.655177 0.622791
v 1.515865 -8.655887 0.622791
v 1.485930 -8.658021 0.622791
v 1.455817 -8.661591 0.622791
v 1.425498 -8.666606 0.622791
v 1.394944 -8.673075 0.622791
v 1.364124 -8.681009 0.622791
v 1.333009 -8.690417 0.622791
v 1.301569 -8.701310 0.622791
v 1.269776 -8.713696 0.622791
v 1.237600 -8.727587 0.622791
v 1.205010 -8.742991 0.622791
v 1.171979 -8.759919 0.622791
v 1.171979 -9.009036 0.622791
v 2.297053 -8.986794 0.622791
v 2.331782 -8.966743 0.622791
v 2.365941 -8.948835 0.622791
v 2.399421 -8.933022 0.622791
v 2.432116 -8.919252 0.622791
v 2.463915 -8.907478 0.622791
v 2.494712 -8.897651 0.622791
v 2.524399 -8.889720 0.622791
v 2.552866 -8.883637 0.622790
v 2.580007 -8.879354 0.622790
v 2.605713 -8.876819 0.622790
v 2.629875 -8.875985 0.622790
v 2.654570 -8.876971 0.622790
v 2.677633 -8.879865 0.622790
v 2.698966 -8.884566 0.622790
v 2.718471 -8.890978 0.622790
v 2.736049 -8.899002 0.622790
v 2.751602 -8.908540 0.622790
v 2.765033 -8.919494 0.622790
v 2.776242 -8.931764 0.622790
v 2.785131 -8.945252 0.622790
v 2.791602 -8.959863 0.622790
v 2.795556 -8.975494 0.622790
v 2.796896 -8.992050 0.622790
v 2.795095 -9.006471 0.622790
v 2.789570 -9.021539 0.622790
v 2.780132 -9.037433 0.622790
v 2.766595 -9.054330 0.622790
v 2.748773 -9.072406 0.622790
v 2.726479 -9.091839 0.622790
v 2.699525 -9.112804 0.622790
v 2.667725 -9.135481 0.622790
v 2.630893 -9.160045 0.622791
v 2.588841 -9.186672 0.622791
v 2.541383 -9.215542 0.622791
v 2.488332 -9.246828 0.622791
v 2.438700 -9.280499 0.622791
v 2.394415 -9.312371 0.622791
v 2.355281 -9.342769 0.622791
v 2.321101 -9.372016 0.622791
v 2.291678 -9.400437 0.622791
v 2.266817 -9.428358 0.622791
v 2.246319 -9.456101 0.622791
v 2.229989 -9.483993 0.622791
v 2.217630 -9.512355 0.622791
v 2.209046 -9.541514 0.622791
v 2.204039 -9.571794 0.622791
v 2.202414 -9.603518 0.622791
v 2.206062 -9.657850 0.622791
v 2.216739 -9.708850 0.622791
v 2.234040 -9.756252 0.622791
v 2.257564 -9.799791 0.622791
v 2.286906 -9.839202 0.622791
v 2.321665 -9.874220 0.622791
v 2.361436 -9.904577 0.622791
v 2.405817 -9.930011 0.622791
v 2.454406 -9.950254 0.622791
v 2.506798 -9.965043 0.622791
v 2.562591 -9.974111 0.622791
v 2.621382 -9.977192 0.622791
v 2.659644 -9.976530 0.622791
v 2.696754 -9.974492 0.622791
v 2.732981 -9.971000 0.622791
v 2.768588 -9.965974 0.622791
v 2.803841 -9.959335 0.622791
v 2.839006 -9.951007 0.622791
v 2.874347 -9.940908 0.622791
v 2.910131 -9.928963 0.622791
v 2.946623 -9.915091 0.622791
v 2.984088 -9.899213 0.622791
v 3.022791 -9.881250 0.622791
v 3.062998 -9.861127 0.622790
v 3.062998 -9.589363 0.622790
v 3.022265 -9.616437 0.622790
v 2.982240 -9.641053 0.622790
v 2.943040 -9.663232 0.622790
v 2.904784 -9.682992 0.622791
v 2.867589 -9.700354 0.622791
v 2.831574 -9.715337 0.622791
v 2.796857 -9.727962 0.622791
v 2.763555 -9.738246 0.622791
v 2.731786 -9.746211 0.622791
v 2.701669 -9.751876 0.622791
v 2.673321 -9.755260 0.622791
v 2.646860 -9.756385 0.622791
v 2.621776 -9.754085 0.622791
v 2.597635 -9.750015 0.622791
v 2.574674 -9.744177 0.622791
v 2.553128 -9.736568 0.622791
v 2.533233 -9.727191 0.622791
v 2.515225 -9.716044 0.622791
v 2.499341 -9.703129 0.622791
v 2.485816 -9.688444 0.622791
v 2.474885 -9.671989 0.622791
v 2.466786 -9.653766 0.622791
v 2.461753 -9.633773 0.622791
v 2.460023 -9.612010 0.622791
v 2.471720 -9.569651 0.622791
v 2.504059 -9.529561 0.622791
v 2.552911 -9.490593 0.622791
v 2.614148 -9.451594 0.622791
v 2.683642 -9.411417 0.622791
v 2.757264 -9.368910 0.622791
v 2.830886 -9.322923 0.622790
v 2.900380 -9.272306 0.622790
v 2.961617 -9.215910 0.622790
v 3.010470 -9.152584 0.622790
v 3.042808 -9.081179 0.622790
v 3.054505 -9.000544 0.622790
v 3.051127 -8.948552 0.622790
v 3.041163 -8.900257 0.622790
v 3.024870 -8.855815 0.622790
v 3.002501 -8.815384 0.622790
v 2.974313 -8.779119 0.622790
v 2.940563 -8.747181 0.622790
v 2.901504 -8.719724 0.622790
v 2.857393 -8.696906 0.622790
v 2.808485 -8.678885 0.622790
v 2.755036 -8.665819 0.622790
v 2.697302 -8.657864 0.622790
v 2.635537 -8.655177 0.622790
v 2.605749 -8.655887 0.622790
v 2.575813 -8.658021 0.622790
v 2.545701 -8.661591 0.622790
v 2.515382 -8.666606 0.622790
v 2.484828 -8.673075 0.622790
v 2.454008 -8.681009 0.622790
v 2.422893 -8.690417 0.622791
v 2.391453 -8.701310 0.622791
v 2.359660 -8.713696 0.622791
v 2.327484 -8.727587 0.622791
v 2.294894 -8.742991 0.622791
v 2.261863 -8.759919 0.622791
v 2.261863 -9.009036 0.622791
v 3.333104 -9.851517 0.622790
v 3.370803 -9.873656 0.622790
v 3.408541 -9.893593 0.622790
v 3.446633 -9.911348 0.622790
v 3.485394 -9.926941 0.622790
v 3.525137 -9.940391 0.622790
v 3.566178 -9.951717 0.622790
v 3.608831 -9.960941 0.622790
v 3.653411 -9.968081 0.622790
v 3.700232 -9.973156 0.622790
v 3.749608 -9.976187 0.622790
v 3.801854 -9.977192 0.622790
v 3.897251 -9.970584 0.622790
v 3.985179 -9.951452 0.622790
v 4.065478 -9.920840 0.622790
v 4.137993 -9.879789 0.622790
v 4.202566 -9.829342 0.622790
v 4.259039 -9.770539 0.622790
v 4.307255 -9.704423 0.622790
v 4.347058 -9.632036 0.622790
v 4.378289 -9.554420 0.622790
v 4.400792 -9.472616 0.622790
v 4.414409 -9.387668 0.622790
v 4.418983 -9.300615 0.622790
v 4.413990 -9.207039 0.622790
v 4.399324 -9.119125 0.622790
v 4.375458 -9.037345 0.622790
v 4.342865 -8.962170 0.622790
v 4.302013 -8.894072 0.622790
v 4.253377 -8.833522 0.622790
v 4.197429 -8.780993 0.622790
v 4.134638 -8.736958 0.622790
v 4.065479 -8.701887 0.622790
v 3.990421 -8.676251 0.622790
v 3.909938 -8.660524 0.622790
v 3.824501 -8.655177 0.622790
v 3.742872 -8.659961 0.622790
v 3.666640 -8.674338 0.622790
v 3.596129 -8.698348 0.622790
v 3.531663 -8.732030 0.622790
v 3.473566 -8.775424 0.622790
v 3.422163 -8.828568 0.622790
v 3.377779 -8.891502 0.622790
v 3.340737 -8.964266 0.622790
v 3.311362 -9.046899 0.622790
v 3.289978 -9.139439 0.622790
v 3.276910 -9.241927 0.622790
v 3.272482 -9.354402 0.622790
v 4.167036 -9.354402 0.622790
v 4.154949 -9.414847 0.622790
v 4.138518 -9.470192 0.622790
v 4.117761 -9.520406 0.622790
v 4.092700 -9.565458 0.622790
v 4.063353 -9.605322 0.622790
v 4.029739 -9.639965 0.622790
v 3.991879 -9.669360 0.622790
v 3.949793 -9.693477 0.622790
v 3.903500 -9.712285 0.622790
v 3.853019 -9.725757 0.622790
v 3.798371 -9.733861 0.622790
v 3.739575 -9.736568 0.622790
v 3.701529 -9.735399 0.622790
v 3.663797 -9.731929 0.622790
v 3.626341 -9.726218 0.622790
v 3.589120 -9.718326 0.622790
v 3.552096 -9.708309 0.622790
v 3.515229 -9.696229 0.622790
v 3.478480 -9.682143 0.622790
v 3.441810 -9.666111 0.622790
v 3.405179 -9.648192 0.622790
v 3.368548 -9.628446 0.622790
v 3.331878 -9.606929 0.622790
v 3.295129 -9.583702 0.622790
v 3.295129 -9.827156 0.622790
v 3.525825 -9.140759 0.622790
v 3.534180 -9.097264 0.622790
v 3.546546 -9.057072 0.622790
v 3.562803 -9.020359 0.622790
v 3.582836 -8.987303 0.622790
v 3.606524 -8.958080 0.622790
v 3.633752 -8.932868 0.622790
v 3.664400 -8.911842 0.622790
v 3.698350 -8.895182 0.622790
v 3.735486 -8.883062 0.622790
v 3.775688 -8.875661 0.622790
v 3.818839 -8.873154 0.622790
v 3.865368 -8.875498 0.622790
v 3.908693 -8.882472 0.622790
v 3.948794 -8.893988 0.622790
v 3.985651 -8.909955 0.622790
v 4.019245 -8.930287 0.622790
v 4.049555 -8.954895 0.622790
v 4.076563 -8.983690 0.622790
v 4.100249 -9.016584 0.622790
v 4.120592 -9.053490 0.622790
v 4.137574 -9.094316 0.622790
v 4.151175 -9.138975 0.622790
v 4.161374 -9.187381 0.622790
v 3.521598 -9.187381 0.622790
v 5.208795 -8.972235 0.622790
v 5.203134 -8.972235 0.622790
v 5.171402 -8.919017 0.622790
v 5.139898 -8.871097 0.622790
v 5.108609 -8.828347 0.622790
v 5.077527 -8.790640 0.622790
v 5.046641 -8.757847 0.622790
v 5.015942 -8.729841 0.622790
v 4.985420 -8.706495 0.622790
v 4.955066 -8.687680 0.622790
v 4.924868 -8.673268 0.622790
v 4.894818 -8.663133 0.622790
v 4.864905 -8.657145 0.622790
v 4.835121 -8.655177 0.622790
v 4.809753 -8.656181 0.622790
v 4.784572 -8.659201 0.622790
v 4.759528 -8.664245 0.622790
v 4.734572 -8.671324 0.622790
v 4.709657 -8.680447 0.622790
v 4.684731 -8.691625 0.622790
v 4.659746 -8.704866 0.622790
v 4.634654 -8.720182 0.622790
v 4.609403 -8.737582 0.622790
v 4.583947 -8.757075 0.622790
v 4.558235 -8.778672 0.622790
v 4.532218 -8.802382 0.622790
v 4.665268 -9.020359 0.622790
v 4.684813 -9.002447 0.622790
v 4.705085 -8.985577 0.622790
v 4.725867 -8.969846 0.622790
v 4.746945 -8.955354 0.622790
v 4.768101 -8.942199 0.622790
v 4.789119 -8.930479 0.622790
v 4.809784 -8.920293 0.622790
v 4.829879 -8.911737 0.622790
v 4.849187 -8.904913 0.622790
v 4.867492 -8.899917 0.622790
v 4.884579 -8.896847 0.622790
v 4.900231 -8.895802 0.622790
v 4.942577 -8.899324 0.622790
v 4.983047 -8.909601 0.622790
v 5.021294 -8.926188 0.622790
v 5.056976 -8.948644 0.622790
v 5.089749 -8.976525 0.622790
v 5.119269 -9.009390 0.622790
v 5.145191 -9.046795 0.622790
v 5.167171 -9.088300 0.622790
v 5.184865 -9.133461 0.622790
v 5.197930 -9.181837 0.622790
v 5.206021 -9.232984 0.622790
v 5.208795 -9.286461 0.622790
v 5.208795 -9.951715 0.622790
v 5.460742 -9.951715 0.622790
v 5.460742 -8.680655 0.622790
v 5.208795 -8.680655 0.622790
v 6.910146 -10.602814 0.622790
v 6.910146 -8.680655 0.622790
v 6.474193 -8.680655 0.622790
v 6.362574 -8.685353 0.622790
v 6.259939 -8.699370 0.622790
v 6.166425 -8.722588 0.622790
v 6.082170 -8.754887 0.622790
v 6.007313 -8.796150 0.622790
v 5.941990 -8.846261 0.622790
v 5.886339 -8.905100 0.622790
v 5.840498 -8.972549 0.622790
v 5.804604 -9.048491 0.622790
v 5.778796 -9.132808 0.622790
v 5.763209 -9.225381 0.622790
v 5.757983 -9.326093 0.622790
v 5.763494 -9.419186 0.622790
v 5.779648 -9.507019 0.622790
v 5.805887 -9.589054 0.622790
v 5.841651 -9.664748 0.622790
v 5.886380 -9.733562 0.622790
v 5.939512 -9.794955 0.622790
v 6.000489 -9.848386 0.622790
v 6.068749 -9.893314 0.622790
v 6.143733 -9.929200 0.622790
v 6.224879 -9.955503 0.622790
v 6.311629 -9.971680 0.622790
v 6.403421 -9.977192 0.622790
v 6.423842 -9.976835 0.622790
v 6.444115 -9.975751 0.622790
v 6.464329 -9.973919 0.622790
v 6.484573 -9.971321 0.622790
v 6.504935 -9.967937 0.622790
v 6.525502 -9.963746 0.622790
v 6.546365 -9.958730 0.622790
v 6.567611 -9.952868 0.622790
v 6.589329 -9.946141 0.622790
v 6.611608 -9.938530 0.622790
v 6.634535 -9.930015 0.622790
v 6.658199 -9.920575 0.622790
v 6.658199 -10.602814 0.622790
v 6.638977 -9.702950 0.622790
v 6.619549 -9.711078 0.622790
v 6.599944 -9.718477 0.622790
v 6.580192 -9.725141 0.622790
v 6.560322 -9.731056 0.622790
v 6.540364 -9.736215 0.622790
v 6.520346 -9.740607 0.622790
v 6.500299 -9.744223 0.622790
v 6.480252 -9.747051 0.622790
v 6.460235 -9.749084 0.622790
v 6.440276 -9.750312 0.622790
v 6.420406 -9.750723 0.622790
v 6.363083 -9.747016 0.622790
v 6.308836 -9.736162 0.622790
v 6.258029 -9.718566 0.622790
v 6.211027 -9.694630 0.622790
v 6.168192 -9.664757 0.622790
v 6.129889 -9.629350 0.622790
v 6.096480 -9.588812 0.622790
v 6.068330 -9.543546 0.622790
v 6.045803 -9.493955 0.622790
v 6.029262 -9.440441 0.622790
v 6.019071 -9.383410 0.622790
v 6.015593 -9.323262 0.622790
v 6.018480 -9.259768 0.622790
v 6.027139 -9.201023 0.622790
v 6.041556 -9.147173 0.622790
v 6.061725 -9.098365 0.622790
v 6.087633 -9.054748 0.622790
v 6.119273 -9.016467 0.622790
v 6.156633 -8.983671 0.622790
v 6.199704 -8.956508 0.622790
v 6.248476 -8.935123 0.622790
v 6.302938 -8.919666 0.622790
v 6.363083 -8.910285 0.622790
v 6.428899 -8.907125 0.622790
v 6.658199 -8.907125 0.622790
v 6.658199 -9.694105 0.622790
v 6.910146 -10.602814 0.622790
v 6.910146 -10.602814 -0.622791
v 6.910146 -8.680655 0.622790
v 6.910146 -8.680655 -0.622791
v 6.474193 -8.680655 0.622790
v 6.474193 -8.680655 -0.622791
v 6.362574 -8.685353 0.622790
v 6.362574 -8.685353 -0.622791
v 6.259939 -8.699370 0.622790
v 6.259939 -8.699370 -0.622791
v 6.166425 -8.722588 0.622790
v 6.166425 -8.722588 -0.622791
v 6.082170 -8.754887 0.622790
v 6.082170 -8.754887 -0.622791
v 6.007313 -8.796150 0.622790
v 6.007313 -8.796150 -0.622791
v 5.941990 -8.846261 0.622790
v 5.941990 -8.846261 -0.622791
v 5.886339 -8.905100 0.622790
v 5.886339 -8.905100 -0.622791
v 5.840498 -8.972549 0.622790
v 5.840498 -8.972549 -0.622791
v 5.804604 -9.048491 0.622790
v 5.804604 -9.048491 -0.622791
v 5.778796 -9.132808 0.622790
v 5.778796 -9.132808 -0.622791
v 5.763209 -9.225381 0.622790
v 5.763209 -9.225381 -0.622791
v 5.757983 -9.326093 0.622790
v 5.757983 -9.326093 -0.622791
v 5.763494 -9.419186 0.622790
v 5.763494 -9.419186 -0.622791
v 5.779648 -9.507019 0.622790
v 5.779648 -9.507019 -0.622791
v 5.805887 -9.589054 0.622790
v 5.805887 -9.589054 -0.622791
v 5.841651 -9.664748 0.622790
v 5.841651 -9.664748 -0.622791
v 5.886380 -9.733562 0.622790
v 5.886380 -9.733562 -0.622791
v 5.939512 -9.794955 0.622790
v 5.939512 -9.794955 -0.622791
v 6.000489 -9.848386 0.622790
v 6.000489 -9.848386 -0.622791
v 6.068749 -9.893314 0.622790
v 6.068749 -9.893314 -0.622791
v 6.143733 -9.929200 0.622790
v 6.143733 -9.929200 -0.622791
v 6.224879 -9.955503 0.622790
v 6.224879 -9.955503 -0.622791
v 6.311629 -9.971680 0.622790
v 6.311629 -9.971680 -0.622791
v 6.403421 -9.977192 0.622790
v 6.403421 -9.977192 -0.622791
v 6.423842 -9.976835 0.622790
v 6.423842 -9.976835 -0.622791
v 6.444115 -9.975751 0.622790
v 6.444115 -9.975751 -0.622791
v 6.464329 -9.973919 0.622790
v 6.464329 -9.973919 -0.622791
v 6.484573 -9.971321 0.622790
v 6.484573 -9.971321 -0.622791
v 6.504935 -9.967937 0.622790
v 6.504935 -9.967937 -0.622791
v 6.525502 -9.963746 0.622790
v 6.525502 -9.963746 -0.622791
v 6.546365 -9.958730 0.622790
v 6.546365 -9.958730 -0.622791
v 6.567611 -9.952868 0.622790
v 6.567611 -9.952868 -0.622791
v 6.589329 -9.946141 0.622790
v 6.589329 -9.946141 -0.622791
v 6.611608 -9.938530 0.622790
v 6.611608 -9.938530 -0.622791
v 6.634535 -9.930015 0.622790
v 6.634535 -9.930015 -0.622791
v 6.658199 -9.920575 0.622790
v 6.658199 -9.920575 -0.622791
v 6.658199 -10.602814 0.622790
v 6.658199 -10.602814 -0.622791
v 6.638977 -9.702950 0.622790
v 6.638977 -9.702950 -0.622791
v 6.619549 -9.711078 0.622790
v 6.619549 -9.711078 -0.622791
v 6.599944 -9.718477 0.622790
v 6.599944 -9.718477 -0.622791
v 6.580192 -9.725141 0.622790
v 6.580192 -9.725141 -0.622791
v 6.560322 -9.731056 0.622790
v 6.560322 -9.731056 -0.622791
v 6.540364 -9.736215 0.622790
v 6.540364 -9.736215 -0.622791
v 6.520346 -9.740607 0.622790
v 6.520346 -9.740607 -0.622791
v 6.500299 -9.744223 0.622790
v 6.500299 -9.744223 -0.622791
v 6.480252 -9.747051 0.622790
v 6.480252 -9.747051 -0.622791
v 6.460235 -9.749084 0.622790
v 6.460235 -9.749084 -0.622791
v 6.440276 -9.750312 0.622790
v 6.440276 -9.750312 -0.622791
v 6.420406 -9.750723 0.622790
v 6.420406 -9.750723 -0.622791
v 6.363083 -9.747016 0.622790
v 6.363083 -9.747016 -0.622791
v 6.308836 -9.736162 0.622790
v 6.308836 -9.736162 -0.622791
v 6.258029 -9.718566 0.622790
v 6.258029 -9.718566 -0.622791
v 6.211027 -9.694630 0.622790
v 6.211027 -9.694630 -0.622791
v 6.168192 -9.664757 0.622790
v 6.168192 -9.664757 -0.622791
v 6.129889 -9.629350 0.622790
v 6.129889 -9.629350 -0.622791
v 6.096480 -9.588812 0.622790
v 6.096480 -9.588812 -0.622791
v 6.068330 -9.543546 0.622790
v 6.068330 -9.543546 -0.622791
v 6.045803 -9.493955 0.622790
v 6.045803 -9.493955 -0.622791
v 6.029262 -9.440441 0.622790
v 6.029262 -9.440441 -0.622791
v 6.019071 -9.383410 0.622790
v 6.019071 -9.383410 -0.622791
v 6.015593 -9.323262 0.622790
v 6.015593 -9.323262 -0.622791
v 6.018480 -9.259768 0.622790
v 6.018480 -9.259768 -0.622791
v 6.027139 -9.201023 0.622790
v 6.027139 -9.201023 -0.622791
v 6.041556 -9.147173 0.622790
v 6.041556 -9.147173 -0.622791
v 6.061725 -9.098365 0.622790
v 6.061725 -9.098365 -0.622791
v 6.087633 -9.054748 0.622790
v 6.087633 -9.054748 -0.622791
v 6.119273 -9.016467 0.622790
v 6.119273 -9.016467 -0.622791
v 6.156633 -8.983671 0.622790
v 6.156633 -8.983671 -0.622791
v 6.199704 -8.956508 0.622790
v 6.199704 -8.956508 -0.622791
v 6.248476 -8.935123 0.622790
v 6.248476 -8.935123 -0.622791
v 6.302938 -8.919666 0.622790
v 6.302938 -8.919666 -0.622791
v 6.363083 -8.910285 0.622790
v 6.363083 -8.910285 -0.622791
v 6.428899 -8.907125 0.622790
v 6.428899 -8.907125 -0.622791
v 6.658199 -8.907125 0.622790
v 6.658199 -8.907125 -0.622791
v 6.658199 -9.694105 0.622790
v 6.658199 -9.694105 -0.622791
v 5.208795 -8.972235 0.622790
v 5.208795 -8.972235 -0.622791
v 5.203134 -8.972235 0.622790
v 5.203134 -8.972235 -0.622791
v 5.171402 -8.919017 0.622790
v 5.171402 -8.919017 -0.622791
v 5.139898 -8.871097 0.622790
v 5.139898 -8.871097 -0.622791
v 5.108609 -8.828347 0.622790
v 5.108609 -8.828347 -0.622791
v 5.077527 -8.790640 0.622790
v 5.077527 -8.790640 -0.622791
v 5.046641 -8.757847 0.622790
v 5.046641 -8.757847 -0.622791
v 5.015942 -8.729841 0.622790
v 5.015942 -8.729841 -0.622791
v 4.985420 -8.706495 0.622790
v 4.985420 -8.706495 -0.622791
v 4.955066 -8.687680 0.622790
v 4.955066 -8.687680 -0.622791
v 4.924868 -8.673268 0.622790
v 4.924868 -8.673268 -0.622791
v 4.894818 -8.663133 0.622790
v 4.894818 -8.663133 -0.622791
v 4.864905 -8.657145 0.622790
v 4.864905 -8.657145 -0.622791
v 4.835121 -8.655177 0.622790
v 4.835121 -8.655177 -0.622791
v 4.809753 -8.656181 0.622790
v 4.809753 -8.656181 -0.622791
v 4.784572 -8.659201 0.622790
v 4.784572 -8.659201 -0.622791
v 4.759528 -8.664245 0.622790
v 4.759528 -8.664245 -0.622791
v 4.734572 -8.671324 0.622790
v 4.734572 -8.671324 -0.622791
v 4.709657 -8.680447 0.622790
v 4.709657 -8.680447 -0.622791
v 4.684731 -8.691625 0.622790
v 4.684731 -8.691625 -0.622791
v 4.659746 -8.704866 0.622790
v 4.659746 -8.704866 -0.622791
v 4.634654 -8.720182 0.622790
v 4.634654 -8.720182 -0.622791
v 4.609403 -8.737582 0.622790
v 4.609403 -8.737582 -0.622791
v 4.583947 -8.757075 0.622790
v 4.583947 -8.757075 -0.622791
v 4.558235 -8.778672 0.622790
v 4.558235 -8.778672 -0.622791
v 4.532218 -8.802382 0.622790
v 4.532218 -8.802382 -0.622791
v 4.665268 -9.020359 0.622790
v 4.665268 -9.020359 -0.622791
v 4.684813 -9.002447 0.622790
v 4.684813 -9.002447 -0.622791
v 4.705085 -8.985577 0.622790
v 4.705085 -8.985577 -0.622791
v 4.725867 -8.969846 0.622790
v 4.725867 -8.969846 -0.622791
v 4.746945 -8.955354 0.622790
v 4.746945 -8.955354 -0.622791
v 4.768101 -8.942199 0.622790
v 4.768101 -8.942199 -0.622791
v 4.789119 -8.930479 0.622790
v 4.789119 -8.930479 -0.622791
v 4.809784 -8.920293 0.622790
v 4.809784 -8.920293 -0.622791
v 4.829879 -8.911737 0.622790
v 4.829879 -8.911737 -0.622791
v 4.849187 -8.904913 0.622790
v 4.849187 -8.904913 -0.622791
v 4.867492 -8.899917 0.622790
v 4.867492 -8.899917 -0.622791
v 4.884579 -8.896847 0.622790
v 4.884579 -8.896847 -0.622791
v 4.900231 -8.895802 0.622790
v 4.900231 -8.895802 -0.622791
v 4.942577 -8.899324 0.622790
v 4.942577 -8.899324 -0.622791
v 4.983047 -8.909601 0.622790
v 4.983047 -8.909601 -0.622791
v 5.021294 -8.926188 0.622790
v 5.021294 -8.926188 -0.622791
v 5.056976 -8.948644 0.622790
v 5.056976 -8.948644 -0.622791
v 5.089749 -8.976525 0.622790
v 5.089749 -8.976525 -0.622791
v 5.119269 -9.009390 0.622790
v 5.119269 -9.009390 -0.622791
v 5.145191 -9.046795 0.622790
v 5.145191 -9.046795 -0.622791
v 5.167171 -9.088300 0.622790
v 5.167171 -9.088300 -0.622791
v 5.184865 -9.133461 0.622790
v 5.184865 -9.133461 -0.622791
v 5.197930 -9.181837 0.622790
v 5.197930 -9.181837 -0.622791
v 5.206021 -9.232984 0.622790
v 5.206021 -9.232984 -0.622791
v 5.208795 -9.286461 0.622790
v 5.208795 -9.286461 -0.622791
v 5.208795 -9.951715 0.622790
v 5.208795 -9.951715 -0.622791
v 5.460742 -9.951715 0.622790
v 5.460742 -9.951715 -0.622791
v 5.460742 -8.680655 0.622790
v 5.460742 -8.680655 -0.622791
v 5.208795 -8.680655 0.622790
v 5.208795 -8.680655 -0.622791
v 3.333104 -9.851517 0.622790
v 3.333104 -9.851517 -0.622791
v 3.370803 -9.873656 0.622790
v 3.370803 -9.873656 -0.622791
v 3.408541 -9.893593 0.622790
v 3.408541 -9.893593 -0.622791
v 3.446633 -9.911348 0.622790
v 3.446633 -9.911348 -0.622791
v 3.485394 -9.926941 0.622790
v 3.485394 -9.926941 -0.622791
v 3.525137 -9.940391 0.622790
v 3.525137 -9.940392 -0.622791
v 3.566178 -9.951717 0.622790
v 3.566178 -9.951717 -0.622791
v 3.608831 -9.960941 0.622790
v 3.608831 -9.960941 -0.622791
v 3.653411 -9.968081 0.622790
v 3.653411 -9.968081 -0.622791
v 3.700232 -9.973156 0.622790
v 3.700232 -9.973156 -0.622791
v 3.749608 -9.976187 0.622790
v 3.749608 -9.976187 -0.622791
v 3.801854 -9.977192 0.622790
v 3.801854 -9.977192 -0.622791
v 3.897251 -9.970584 0.622790
v 3.897251 -9.970584 -0.622791
v 3.985179 -9.951452 0.622790
v 3.985179 -9.951452 -0.622791
v 4.065478 -9.920840 0.622790
v 4.065478 -9.920840 -0.622791
v 4.137993 -9.879789 0.622790
v 4.137993 -9.879789 -0.622791
v 4.202566 -9.829342 0.622790
v 4.202566 -9.829342 -0.622791
v 4.259039 -9.770539 0.622790
v 4.259039 -9.770539 -0.622791
v 4.307255 -9.704423 0.622790
v 4.307255 -9.704423 -0.622791
v 4.347058 -9.632036 0.622790
v 4.347058 -9.632036 -0.622791
v 4.378289 -9.554420 0.622790
v 4.378289 -9.554420 -0.622791
v 4.400792 -9.472616 0.622790
v 4.400792 -9.472616 -0.622791
v 4.414409 -9.387668 0.622790
v 4.414409 -9.387668 -0.622791
v 4.418983 -9.300615 0.622790
v 4.418983 -9.300615 -0.622791
v 4.413990 -9.207039 0.622790
v 4.413990 -9.207039 -0.622791
v 4.399324 -9.119125 0.622790
v 4.399324 -9.119125 -0.622791
v 4.375458 -9.037345 0.622790
v 4.375458 -9.037345 -0.622791
v 4.342865 -8.962170 0.622790
v 4.342865 -8.962170 -0.622791
v 4.302013 -8.894072 0.622790
v 4.302013 -8.894072 -0.622791
v 4.253377 -8.833522 0.622790
v 4.253377 -8.833522 -0.622791
v 4.197429 -8.780993 0.622790
v 4.197429 -8.780993 -0.622791
v 4.134638 -8.736958 0.622790
v 4.134638 -8.736958 -0.622791
v 4.065479 -8.701887 0.622790
v 4.065479 -8.701887 -0.622791
v 3.990421 -8.676251 0.622790
v 3.990421 -8.676251 -0.622791
v 3.909938 -8.660524 0.622790
v 3.909938 -8.660524 -0.622791
v 3.824501 -8.655177 0.622790
v 3.824501 -8.655177 -0.622791
v 3.742872 -8.659961 0.622790
v 3.742872 -8.659961 -0.622791
v 3.666640 -8.674338 0.622790
v 3.666640 -8.674338 -0.622791
v 3.596129 -8.698348 0.622790
v 3.596129 -8.698348 -0.622791
v 3.531663 -8.732030 0.622790
v 3.531663 -8.732030 -0.622791
v 3.473566 -8.775424 0.622790
v 3.473566 -8.775424 -0.622791
v 3.422163 -8.828568 0.622790
v 3.422163 -8.828568 -0.622791
v 3.377779 -8.891502 0.622790
v 3.377779 -8.891502 -0.622791
v 3.340737 -8.964266 0.622790
v 3.340737 -8.964266 -0.622791
v 3.311362 -9.046899 0.622790
v 3.311362 -9.046899 -0.622791
v 3.289978 -9.139439 0.622790
v 3.289978 -9.139439 -0.622791
v 3.276910 -9.241927 0.622790
v 3.276910 -9.241927 -0.622791
v 3.272482 -9.354402 0.622790
v 3.272482 -9.354402 -0.622791
v 4.167036 -9.354402 0.622790
v 4.167036 -9.354402 -0.622791
v 4.154949 -9.414847 0.622790
v 4.154949 -9.414847 -0.622791
v 4.138518 -9.470192 0.622790
v 4.138518 -9.470192 -0.622791
v 4.117761 -9.520406 0.622790
v 4.117761 -9.520406 -0.622791
v 4.092700 -9.565458 0.622790
v 4.092700 -9.565458 -0.622791
v 4.063353 -9.605322 0.622790
v 4.063353 -9.605322 -0.622791
v 4.029739 -9.639965 0.622790
v 4.029739 -9.639965 -0.622791
v 3.991879 -9.669360 0.622790
v 3.991879 -9.669360 -0.622791
v 3.949793 -9.693477 0.622790
v 3.949793 -9.693477 -0.622791
v 3.903500 -9.712285 0.622790
v 3.903500 -9.712285 -0.622791
v 3.853019 -9.725757 0.622790
v 3.853019 -9.725757 -0.622791
v 3.798371 -9.733861 0.622790
v 3.798371 -9.733861 -0.622791
v 3.739575 -9.736568 0.622790
v 3.739575 -9.736568 -0.622791
v 3.701529 -9.735399 0.622790
v 3.701529 -9.735399 -0.622791
v 3.663797 -9.731929 0.622790
v 3.663797 -9.731929 -0.622791
v 3.626341 -9.726218 0.622790
v 3.626341 -9.726218 -0.622791
v 3.589120 -9.718326 0.622790
v 3.589120 -9.718326 -0.622791
v 3.552096 -9.708309 0.622790
v 3.552096 -9.708309 -0.622791
v 3.515229 -9.696229 0.622790
v 3.515229 -9.696229 -0.622791
v 3.478480 -9.682143 0.622790
v 3.478480 -9.682143 -0.622791
v 3.441810 -9.666111 0.622790
v 3.441810 -9.666112 -0.622791
v 3.405179 -9.648192 0.622790
v 3.405179 -9.648192 -0.622791
v 3.368548 -9.628446 0.622790
v 3.368548 -9.628446 -0.622791
v 3.331878 -9.606929 0.622790
v 3.331878 -9.606929 -0.622791
v 3.295129 -9.583702 0.622790
v 3.295129 -9.583702 -0.622791
v 3.295129 -9.827156 0.622790
v 3.295129 -9.827156 -0.622791
v 3.525825 -9.140759 0.622790
v 3.525825 -9.140759 -0.622791
v 3.534180 -9.097264 0.622790
v 3.534180 -9.097264 -0.622791
v 3.546546 -9.057072 0.622790
v 3.546546 -9.057072 -0.622791
v 3.562803 -9.020359 0.622790
v 3.562803 -9.020359 -0.622791
v 3.582836 -8.987303 0.622790
v 3.582836 -8.987303 -0.622791
v 3.606524 -8.958080 0.622790
v 3.606524 -8.958080 -0.622791
v 3.633752 -8.932868 0.622790
v 3.633752 -8.932868 -0.622791
v 3.664400 -8.911842 0.622790
v 3.664400 -8.911842 -0.622791
v 3.698350 -8.895182 0.622790
v 3.698350 -8.895182 -0.622791
v 3.735486 -8.883062 0.622790
v 3.735486 -8.883062 -0.622791
v 3.775688 -8.875661 0.622790
v 3.775688 -8.875661 -0.622791
v 3.818839 -8.873154 0.622790
v 3.818839 -8.873154 -0.622791
v 3.865368 -8.875498 0.622790
v 3.865368 -8.875498 -0.622791
v 3.908693 -8.882472 0.622790
v 3.908693 -8.882472 -0.622791
v 3.948794 -8.893988 0.622790
v 3.948794 -8.893988 -0.622791
v 3.985651 -8.909955 0.622790
v 3.985651 -8.909955 -0.622791
v 4.019245 -8.930287 0.622790
v 4.019245 -8.930287 -0.622791
v 4.049555 -8.954895 0.622790
v 4.049555 -8.954895 -0.622791
v 4.076563 -8.983690 0.622790
v 4.076563 -8.983690 -0.622791
v 4.100249 -9.016584 0.622790
v 4.100249 -9.016584 -0.622791
v 4.120592 -9.053490 0.622790
v 4.120592 -9.053490 -0.622791
v 4.137574 -9.094316 0.622790
v 4.137574 -9.094316 -0.622791
v 4.151175 -9.138975 0.622790
v 4.151175 -9.138975 -0.622791
v 4.161374 -9.187381 0.622790
v 4.161374 -9.187381 -0.622791
v 3.521598 -9.187381 0.622790
v 3.521598 -9.187381 -0.622791
v 2.297053 -8.986794 0.622791
v 2.297053 -8.986794 -0.622791
v 2.331782 -8.966743 0.622791
v 2.331782 -8.966743 -0.622791
v 2.365941 -8.948835 0.622791
v 2.365941 -8.948835 -0.622791
v 2.399421 -8.933022 0.622791
v 2.399421 -8.933022 -0.622791
v 2.432116 -8.919252 0.622791
v 2.432116 -8.919252 -0.622791
v 2.463915 -8.907478 0.622791
v 2.463915 -8.907478 -0.622791
v 2.494712 -8.897651 0.622791
v 2.494712 -8.897651 -0.622791
v 2.524399 -8.889720 0.622791
v 2.524399 -8.889720 -0.622791
v 2.552866 -8.883637 0.622790
v 2.552866 -8.883637 -0.622791
v 2.580007 -8.879354 0.622790
v 2.580007 -8.879354 -0.622791
v 2.605713 -8.876819 0.622790
v 2.605713 -8.876819 -0.622791
v 2.629875 -8.875985 0.622790
v 2.629875 -8.875985 -0.622791
v 2.654570 -8.876971 0.622790
v 2.654570 -8.876971 -0.622791
v 2.677633 -8.879865 0.622790
v 2.677633 -8.879865 -0.622791
v 2.698966 -8.884566 0.622790
v 2.698966 -8.884566 -0.622791
v 2.718471 -8.890978 0.622790
v 2.718471 -8.890978 -0.622791
v 2.736049 -8.899002 0.622790
v 2.736049 -8.899002 -0.622791
v 2.751602 -8.908540 0.622790
v 2.751602 -8.908540 -0.622791
v 2.765033 -8.919494 0.622790
v 2.765033 -8.919494 -0.622791
v 2.776242 -8.931764 0.622790
v 2.776242 -8.931764 -0.622791
v 2.785131 -8.945252 0.622790
v 2.785131 -8.945252 -0.622791
v 2.791602 -8.959863 0.622790
v 2.791602 -8.959863 -0.622791
v 2.795556 -8.975494 0.622790
v 2.795556 -8.975494 -0.622791
v 2.796896 -8.992050 0.622790
v 2.796896 -8.992050 -0.622791
v 2.795095 -9.006471 0.622790
v 2.795095 -9.006471 -0.622791
v 2.789570 -9.021539 0.622790
v 2.789570 -9.021539 -0.622791
v 2.780132 -9.037433 0.622790
v 2.780132 -9.037433 -0.622791
v 2.766595 -9.054330 0.622790
v 2.766595 -9.054330 -0.622791
v 2.748773 -9.072406 0.622790
v 2.748773 -9.072406 -0.622791
v 2.726479 -9.091839 0.622790
v 2.726479 -9.091839 -0.622791
v 2.699525 -9.112804 0.622790
v 2.699525 -9.112804 -0.622791
v 2.667725 -9.135481 0.622790
v 2.667725 -9.135481 -0.622791
v 2.630893 -9.160045 0.622791
v 2.630893 -9.160045 -0.622791
v 2.588841 -9.186672 0.622791
v 2.588841 -9.186672 -0.622791
v 2.541383 -9.215542 0.622791
v 2.541383 -9.215542 -0.622791
v 2.488332 -9.246828 0.622791
v 2.488332 -9.246828 -0.622791
v 2.438700 -9.280499 0.622791
v 2.438700 -9.280499 -0.622791
v 2.394415 -9.312371 0.622791
v 2.394415 -9.312371 -0.622791
v 2.355281 -9.342769 0.622791
v 2.355281 -9.342769 -0.622791
v 2.321101 -9.372016 0.622791
v 2.321101 -9.372016 -0.622791
v 2.291678 -9.400437 0.622791
v 2.291678 -9.400437 -0.622791
v 2.266817 -9.428358 0.622791
v 2.266817 -9.428358 -0.622791
v 2.246319 -9.456101 0.622791
v 2.246319 -9.456101 -0.622791
v 2.229989 -9.483993 0.622791
v 2.229989 -9.483993 -0.622791
v 2.217630 -9.512355 0.622791
v 2.217630 -9.512355 -0.622791
v 2.209046 -9.541514 0.622791
v 2.209046 -9.541514 -0.622791
v 2.204039 -9.571794 0.622791
v 2.204039 -9.571794 -0.622791
v 2.202414 -9.603518 0.622791
v 2.202414 -9.603518 -0.622791
v 2.206062 -9.657850 0.622791
v 2.206062 -9.657850 -0.622791
v 2.216739 -9.708850 0.622791
v 2.216739 -9.708850 -0.622791
v 2.234040 -9.756252 0.622791
v 2.234040 -9.756252 -0.622791
v 2.257564 -9.799791 0.622791
v 2.257564 -9.799791 -0.622791
v 2.286906 -9.839202 0.622791
v 2.286906 -9.839202 -0.622791
v 2.321665 -9.874220 0.622791
v 2.321665 -9.874220 -0.622791
v 2.361436 -9.904577 0.622791
v 2.361436 -9.904577 -0.622791
v 2.405817 -9.930011 0.622791
v 2.405817 -9.930011 -0.622791
v 2.454406 -9.950254 0.622791
v 2.454406 -9.950254 -0.622791
v 2.506798 -9.965043 0.622791
v 2.506798 -9.965043 -0.622791
v 2.562591 -9.974111 0.622791
v 2.562591 -9.974111 -0.622791
v 2.621382 -9.977192 0.622791
v 2.621382 -9.977192 -0.622791
v 2.659644 -9.976530 0.622791
v 2.659644 -9.976530 -0.622791
v 2.696754 -9.974492 0.622791
v 2.696754 -9.974492 -0.622791
v 2.732981 -9.971000 0.622791
v 2.732981 -9.971000 -0.622791
v 2.768588 -9.965974 0.622791
v 2.768588 -9.965974 -0.622791
v 2.803841 -9.959335 0.622791
v 2.803841 -9.959335 -0.622791
v 2.839006 -9.951007 0.622791
v 2.839006 -9.951007 -0.622791
v 2.874347 -9.940908 0.622791
v 2.874347 -9.940908 -0.622791
v 2.910131 -9.928963 0.622791
v 2.910131 -9.928963 -0.622791
v 2.946623 -9.915091 0.622791
v 2.946623 -9.915091 -0.622791
v 2.984088 -9.899213 0.622791
v 2.984088 -9.899213 -0.622791
v 3.022791 -9.881250 0.622791
v 3.022791 -9.881250 -0.622791
v 3.062998 -9.861127 0.622790
v 3.062998 -9.861127 -0.622791
v 3.062998 -9.589363 0.622790
v 3.062998 -9.589363 -0.622791
v 3.022265 -9.616437 0.622790
v 3.022265 -9.616437 -0.622791
v 2.982240 -9.641053 0.622790
v 2.982240 -9.641053 -0.622791
v 2.943040 -9.663232 0.622790
v 2.943040 -9.663232 -0.622791
v 2.904784 -9.682992 0.622791
v 2.904784 -9.682992 -0.622791
v 2.867589 -9.700354 0.622791
v 2.867589 -9.700354 -0.622791
v 2.831574 -9.715337 0.622791
v 2.831574 -9.715337 -0.622791
v 2.796857 -9.727962 0.622791
v 2.796857 -9.727962 -0.622791
v 2.763555 -9.738246 0.622791
v 2.763555 -9.738246 -0.622791
v 2.731786 -9.746211 0.622791
v 2.731786 -9.746211 -0.622791
v 2.701669 -9.751876 0.622791
v 2.701669 -9.751876 -0.622791
v 2.673321 -9.755260 0.622791
v 2.673321 -9.755260 -0.622791
v 2.646860 -9.756385 0.622791
v 2.646860 -9.756385 -0.622791
v 2.621776 -9.754085 0.622791
v 2.621776 -9.754085 -0.622791
v 2.597635 -9.750015 0.622791
v 2.597635 -9.750015 -0.622791
v 2.574674 -9.744177 0.622791
v 2.574674 -9.744177 -0.622791
v 2.553128 -9.736568 0.622791
v 2.553128 -9.736568 -0.622791
v 2.533233 -9.727191 0.622791
v 2.533233 -9.727191 -0.622791
v 2.515225 -9.716044 0.622791
v 2.515225 -9.716044 -0.622791
v 2.499341 -9.703129 0.622791
v 2.499341 -9.703129 -0.622791
v 2.485816 -9.688444 0.622791
v 2.485816 -9.688444 -0.622791
v 2.474885 -9.671989 0.622791
v 2.474885 -9.671989 -0.622791
v 2.466786 -9.653766 0.622791
v 2.466786 -9.653766 -0.622791
v 2.461753 -9.633773 0.622791
v 2.461753 -9.633773 -0.622791
v 2.460023 -9.612010 0.622791
v 2.460023 -9.612011 -0.622791
v 2.471720 -9.569651 0.622791
v 2.471720 -9.569651 -0.622791
v 2.504059 -9.529561 0.622791
v 2.504059 -9.529561 -0.622791
v 2.552911 -9.490593 0.622791
v 2.552911 -9.490593 -0.622791
v 2.614148 -9.451594 0.622791
v 2.614148 -9.451594 -0.622791
v 2.683642 -9.411417 0.622791
v 2.683642 -9.411417 -0.622791
v 2.757264 -9.368910 0.622791
v 2.757264 -9.368910 -0.622791
v 2.830886 -9.322923 0.622790
v 2.830886 -9.322923 -0.622791
v 2.900380 -9.272306 0.622790
v 2.900380 -9.272306 -0.622791
v 2.961617 -9.215910 0.622790
v 2.961617 -9.215910 -0.622791
v 3.010470 -9.152584 0.622790
v 3.010470 -9.152584 -0.622791
v 3.042808 -9.081179 0.622790
v 3.042808 -9.081179 -0.622791
v 3.054505 -9.000544 0.622790
v 3.054505 -9.000544 -0.622791
v 3.051127 -8.948552 0.622790
v 3.051127 -8.948552 -0.622791
v 3.041163 -8.900257 0.622790
v 3.041163 -8.900257 -0.622791
v 3.024870 -8.855815 0.622790
v 3.024870 -8.855815 -0.622791
v 3.002501 -8.815384 0.622790
v 3.002501 -8.815384 -0.622791
v 2.974313 -8.779119 0.622790
v 2.974313 -8.779119 -0.622791
v 2.940563 -8.747181 0.622790
v 2.940563 -8.747181 -0.622791
v 2.901504 -8.719724 0.622790
v 2.901504 -8.719724 -0.622791
v 2.857393 -8.696906 0.622790
v 2.857393 -8.696906 -0.622791
v 2.808485 -8.678885 0.622790
v 2.808485 -8.678885 -0.622791
v 2.755036 -8.665819 0.622790
v 2.755036 -8.665819 -0.622791
v 2.697302 -8.657864 0.622790
v 2.697302 -8.657864 -0.622791
v 2.635537 -8.655177 0.622790
v 2.635537 -8.655177 -0.622791
v 2.605749 -8.655887 0.622790
v 2.605749 -8.655887 -0.622791
v 2.575813 -8.658021 0.622790
v 2.575813 -8.658021 -0.622791
v 2.545701 -8.661591 0.622790
v 2.545701 -8.661591 -0.622791
v 2.515382 -8.666606 0.622790
v 2.515382 -8.666606 -0.622791
v 2.484828 -8.673075 0.622790
v 2.484828 -8.673075 -0.622791
v 2.454008 -8.681009 0.622790
v 2.454008 -8.681009 -0.622791
v 2.422893 -8.690417 0.622791
v 2.422893 -8.690417 -0.622791
v 2.391453 -8.701310 0.622791
v 2.391453 -8.701310 -0.622791
v 2.359660 -8.713696 0.622791
v 2.359660 -8.713696 -0.622791
v 2.327484 -8.727587 0.622791
v 2.327484 -8.727587 -0.622791
v 2.294894 -8.742991 0.622791
v 2.294894 -8.742991 -0.622791
v 2.261863 -8.759919 0.622791
v 2.261863 -8.759919 -0.622791
v 2.261863 -9.009036 0.622791
v 2.261863 -9.009036 -0.622791
v 1.207170 -8.986794 0.622791
v 1.207170 -8.986794 -0.622791
v 1.241899 -8.966743 0.622791
v 1.241899 -8.966743 -0.622791
v 1.276057 -8.948835 0.622791
v 1.276057 -8.948835 -0.622791
v 1.309538 -8.933022 0.622791
v 1.309538 -8.933022 -0.622791
v 1.342232 -8.919252 0.622791
v 1.342232 -8.919252 -0.622791
v 1.374032 -8.907478 0.622791
v 1.374032 -8.907478 -0.622791
v 1.404829 -8.897651 0.622791
v 1.404829 -8.897651 -0.622791
v 1.434515 -8.889720 0.622791
v 1.434515 -8.889720 -0.622791
v 1.462983 -8.883637 0.622791
v 1.462983 -8.883637 -0.622791
v 1.490124 -8.879354 0.622791
v 1.490124 -8.879354 -0.622791
v 1.515829 -8.876819 0.622791
v 1.515829 -8.876819 -0.622791
v 1.539991 -8.875985 0.622791
v 1.539991 -8.875985 -0.622791
v 1.564686 -8.876971 0.622791
v 1.564686 -8.876971 -0.622791
v 1.587749 -8.879865 0.622791
v 1.587749 -8.879865 -0.622791
v 1.609082 -8.884566 0.622791
v 1.609082 -8.884566 -0.622791
v 1.628587 -8.890978 0.622791
v 1.628587 -8.890978 -0.622791
v 1.646165 -8.899002 0.622791
v 1.646165 -8.899002 -0.622791
v 1.661719 -8.908540 0.622791
v 1.661719 -8.908540 -0.622791
v 1.675149 -8.919494 0.622791
v 1.675149 -8.919494 -0.622791
v 1.686358 -8.931764 0.622791
v 1.686358 -8.931764 -0.622791
v 1.695247 -8.945252 0.622791
v 1.695247 -8.945252 -0.622791
v 1.701718 -8.959863 0.622791
v 1.701718 -8.959863 -0.622791
v 1.705673 -8.975494 0.622791
v 1.705673 -8.975494 -0.622791
v 1.707013 -8.992050 0.622791
v 1.707013 -8.992050 -0.622791
v 1.705212 -9.006471 0.622791
v 1.705212 -9.006471 -0.622791
v 1.699686 -9.021539 0.622791
v 1.699686 -9.021539 -0.622791
v 1.690248 -9.037433 0.622791
v 1.690248 -9.037433 -0.622791
v 1.676712 -9.054330 0.622791
v 1.676712 -9.054330 -0.622791
v 1.658889 -9.072406 0.622791
v 1.658889 -9.072406 -0.622791
v 1.636595 -9.091839 0.622791
v 1.636595 -9.091839 -0.622791
v 1.609641 -9.112804 0.622791
v 1.609641 -9.112804 -0.622791
v 1.577841 -9.135481 0.622791
v 1.577841 -9.135481 -0.622791
v 1.541009 -9.160045 0.622791
v 1.541009 -9.160045 -0.622791
v 1.498957 -9.186672 0.622791
v 1.498957 -9.186672 -0.622791
v 1.451499 -9.215542 0.622791
v 1.451499 -9.215542 -0.622791
v 1.398448 -9.246828 0.622791
v 1.398448 -9.246828 -0.622791
v 1.348816 -9.280499 0.622791
v 1.348816 -9.280499 -0.622791
v 1.304531 -9.312371 0.622791
v 1.304531 -9.312371 -0.622791
v 1.265397 -9.342769 0.622791
v 1.265397 -9.342769 -0.622791
v 1.231217 -9.372016 0.622791
v 1.231217 -9.372016 -0.622791
v 1.201795 -9.400437 0.622791
v 1.201795 -9.400437 -0.622791
v 1.176933 -9.428358 0.622791
v 1.176933 -9.428358 -0.622791
v 1.156435 -9.456101 0.622791
v 1.156435 -9.456101 -0.622791
v 1.140105 -9.483993 0.622791
v 1.140105 -9.483993 -0.622791
v 1.127746 -9.512355 0.622791
v 1.127746 -9.512355 -0.622791
v 1.119162 -9.541514 0.622791
v 1.119162 -9.541514 -0.622791
v 1.114156 -9.571794 0.622791
v 1.114156 -9.571794 -0.622791
v 1.112530 -9.603518 0.622791
v 1.112530 -9.603518 -0.622791
v 1.116179 -9.657850 0.622791
v 1.116179 -9.657850 -0.622791
v 1.126855 -9.708850 0.622791
v 1.126855 -9.708850 -0.622791
v 1.144157 -9.756252 0.622791
v 1.144157 -9.756252 -0.622791
v 1.167680 -9.799791 0.622791
v 1.167680 -9.799791 -0.622791
v 1.197022 -9.839202 0.622791
v 1.197022 -9.839202 -0.622791
v 1.231781 -9.874220 0.622791
v 1.231781 -9.874220 -0.622791
v 1.271552 -9.904577 0.622791
v 1.271552 -9.904577 -0.622791
v 1.315933 -9.930011 0.622791
v 1.315933 -9.930011 -0.622791
v 1.364522 -9.950254 0.622791
v 1.364522 -9.950254 -0.622791
v 1.416914 -9.965043 0.622791
v 1.416914 -9.965043 -0.622791
v 1.472708 -9.974111 0.622791
v 1.472708 -9.974111 -0.622791
v 1.531499 -9.977192 0.622791
v 1.531499 -9.977192 -0.622791
v 1.569759 -9.976530 0.622791
v 1.569759 -9.976530 -0.622791
v 1.606870 -9.974492 0.622791
v 1.606870 -9.974492 -0.622791
v 1.643097 -9.971000 0.622791
v 1.643097 -9.971000 -0.622791
v 1.678704 -9.965974 0.622791
v 1.678704 -9.965974 -0.622791
v 1.713957 -9.959335 0.622791
v 1.713957 -9.959335 -0.622791
v 1.749122 -9.951007 0.622791
v 1.749122 -9.951007 -0.622791
v 1.784463 -9.940908 0.622791
v 1.784463 -9.940908 -0.622791
v 1.820247 -9.928963 0.622791
v 1.820247 -9.928963 -0.622791
v 1.856739 -9.915091 0.622791
v 1.856739 -9.915091 -0.622791
v 1.894204 -9.899213 0.622791
v 1.894204 -9.899213 -0.622791
v 1.932907 -9.881250 0.622791
v 1.932907 -9.881250 -0.622791
v 1.973114 -9.861127 0.622791
v 1.973114 -9.861127 -0.622791
v 1.973114 -9.589363 0.622791
v 1.973114 -9.589363 -0.622791
v 1.932381 -9.616437 0.622791
v 1.932381 -9.616437 -0.622791
v 1.892356 -9.641053 0.622791
v 1.892356 -9.641053 -0.622791
v 1.853156 -9.663232 0.622791
v 1.853156 -9.663232 -0.622791
v 1.814900 -9.682992 0.622791
v 1.814900 -9.682992 -0.622791
v 1.777706 -9.700354 0.622791
v 1.777706 -9.700354 -0.622791
v 1.741691 -9.715337 0.622791
v 1.741691 -9.715337 -0.622791
v 1.706973 -9.727962 0.622791
v 1.706973 -9.727962 -0.622791
v 1.673671 -9.738246 0.622791
v 1.673671 -9.738246 -0.622791
v 1.641902 -9.746211 0.622791
v 1.641902 -9.746211 -0.622791
v 1.611785 -9.751876 0.622791
v 1.611785 -9.751876 -0.622791
v 1.583437 -9.755260 0.622791
v 1.583437 -9.755260 -0.622791
v 1.556977 -9.756385 0.622791
v 1.556977 -9.756385 -0.622791
v 1.531892 -9.754085 0.622791
v 1.531892 -9.754085 -0.622791
v 1.507751 -9.750015 0.622791
v 1.507751 -9.750015 -0.622791
v 1.484790 -9.744177 0.622791
v 1.484790 -9.744177 -0.622791
v 1.463244 -9.736568 0.622791
v 1.463244 -9.736568 -0.622791
v 1.443349 -9.727191 0.622791
v 1.443349 -9.727191 -0.622791
v 1.425341 -9.716044 0.622791
v 1.425341 -9.716044 -0.622791
v 1.409457 -9.703129 0.622791
v 1.409457 -9.703129 -0.622791
v 1.395932 -9.688444 0.622791
v 1.395932 -9.688444 -0.622791
v 1.385001 -9.671989 0.622791
v 1.385001 -9.671989 -0.622791
v 1.376902 -9.653766 0.622791
v 1.376902 -9.653766 -0.622791
v 1.371869 -9.633773 0.622791
v 1.371869 -9.633773 -0.622791
v 1.370139 -9.612010 0.622791
v 1.370139 -9.612011 -0.622791
v 1.381836 -9.569651 0.622791
v 1.381836 -9.569651 -0.622791
v 1.414175 -9.529561 0.622791
v 1.414175 -9.529561 -0.622791
v 1.463027 -9.490593 0.622791
v 1.463027 -9.490593 -0.622791
v 1.524264 -9.451594 0.622791
v 1.524264 -9.451594 -0.622791
v 1.593758 -9.411417 0.622791
v 1.593758 -9.411417 -0.622791
v 1.667380 -9.368910 0.622791
v 1.667380 -9.368910 -0.622791
v 1.741003 -9.322923 0.622791
v 1.741003 -9.322923 -0.622791
v 1.810496 -9.272306 0.622791
v 1.810496 -9.272306 -0.622791
v 1.871734 -9.215910 0.622791
v 1.871734 -9.215910 -0.622791
v 1.920586 -9.152584 0.622791
v 1.920586 -9.152584 -0.622791
v 1.952924 -9.081179 0.622791
v 1.952924 -9.081179 -0.622791
v 1.964621 -9.000544 0.622791
v 1.964621 -9.000544 -0.622791
v 1.961244 -8.948552 0.622791
v 1.961244 -8.948552 -0.622791
v 1.951280 -8.900257 0.622791
v 1.951280 -8.900257 -0.622791
v 1.934986 -8.855815 0.622791
v 1.934986 -8.855815 -0.622791
v 1.912618 -8.815384 0.622791
v 1.912618 -8.815384 -0.622791
v 1.884430 -8.779119 0.622791
v 1.884430 -8.779119 -0.622791
v 1.850679 -8.747181 0.622791
v 1.850679 -8.747181 -0.622791
v 1.811620 -8.719724 0.622791
v 1.811620 -8.719724 -0.622791
v 1.767509 -8.696906 0.622791
v 1.767509 -8.696906 -0.622791
v 1.718601 -8.678885 0.622791
v 1.718601 -8.678885 -0.622791
v 1.665152 -8.665819 0.622791
v 1.665152 -8.665819 -0.622791
v 1.607418 -8.657864 0.622791
v 1.607418 -8.657864 -0.622791
v 1.545653 -8.655177 0.622791
v 1.545653 -8.655177 -0.622791
v 1.515865 -8.655887 0.622791
v 1.515865 -8.655887 -0.622791
v 1.485930 -8.658021 0.622791
v 1.485930 -8.658021 -0.622791
v 1.455817 -8.661591 0.622791
v 1.455817 -8.661591 -0.622791
v 1.425498 -8.666606 0.622791
v 1.425498 -8.666606 -0.622791
v 1.394944 -8.673075 0.622791
v 1.394944 -8.673075 -0.622791
v 1.364124 -8.681009 0.622791
v 1.364124 -8.681009 -0.622791
v 1.333009 -8.690417 0.622791
v 1.333009 -8.690417 -0.622791
v 1.301569 -8.701310 0.622791
v 1.301569 -8.701310 -0.622791
v 1.269776 -8.713696 0.622791
v 1.269776 -8.713696 -0.622791
v 1.237600 -8.727587 0.622791
v 1.237600 -8.727587 -0.622791
v 1.205010 -8.742991 0.622791
v 1.205010 -8.742991 -0.622791
v 1.171979 -8.759919 0.622791
v 1.171979 -8.759919 -0.622791
v 1.171979 -9.009036 0.622791
v 1.171979 -9.009036 -0.622791
v -0.876285 -8.409031 0.622791
v -0.876285 -8.409031 -0.622791
v -0.835683 -8.376743 0.622791
v -0.835683 -8.376743 -0.622791
v -0.795474 -8.348603 0.622791
v -0.795474 -8.348603 -0.622791
v -0.755737 -8.324385 0.622791
v -0.755737 -8.324385 -0.622791
v -0.716551 -8.303864 0.622791
v -0.716551 -8.303864 -0.622791
v -0.677993 -8.286811 0.622791
v -0.677993 -8.286811 -0.622791
v -0.640143 -8.273002 0.622791
v -0.640144 -8.273002 -0.622791
v -0.603080 -8.262211 0.622791
v -0.603080 -8.262211 -0.622791
v -0.566882 -8.254211 0.622791
v -0.566882 -8.254211 -0.622791
v -0.531627 -8.248777 0.622791
v -0.531627 -8.248777 -0.622791
v -0.497394 -8.245683 0.622791
v -0.497394 -8.245683 -0.622791
v -0.464263 -8.244701 0.622791
v -0.464263 -8.244701 -0.622791
v -0.420782 -8.246618 0.622791
v -0.420782 -8.246618 -0.622791
v -0.379691 -8.252251 0.622791
v -0.379691 -8.252251 -0.622791
v -0.341253 -8.261421 0.622791
v -0.341253 -8.261421 -0.622791
v -0.305734 -8.273953 0.622791
v -0.305734 -8.273953 -0.622791
v -0.273400 -8.289671 0.622791
v -0.273400 -8.289671 -0.622791
v -0.244517 -8.308396 0.622791
v -0.244517 -8.308396 -0.622791
v -0.219348 -8.329952 0.622791
v -0.219349 -8.329952 -0.622791
v -0.198161 -8.354162 0.622791
v -0.198161 -8.354162 -0.622791
v -0.181220 -8.380849 0.622791
v -0.181220 -8.380849 -0.622791
v -0.168791 -8.409836 0.622791
v -0.168791 -8.409836 -0.622791
v -0.161139 -8.440946 0.622791
v -0.161139 -8.440946 -0.622791
v -0.158529 -8.474002 0.622791
v -0.158529 -8.474002 -0.622791
v -0.174961 -8.559445 0.622791
v -0.174961 -8.559445 -0.622791
v -0.220389 -8.632662 0.622791
v -0.220389 -8.632662 -0.622791
v -0.289014 -8.697109 0.622791
v -0.289015 -8.697109 -0.622791
v -0.375038 -8.756250 0.622791
v -0.375038 -8.756250 -0.622791
v -0.472660 -8.813542 0.622791
v -0.472661 -8.813542 -0.622791
v -0.576082 -8.872446 0.622791
v -0.576082 -8.872446 -0.622791
v -0.679504 -8.936422 0.622791
v -0.679504 -8.936422 -0.622791
v -0.777126 -9.008931 0.622791
v -0.777126 -9.008931 -0.622791
v -0.863150 -9.093431 0.622791
v -0.863150 -9.093431 -0.622791
v -0.931775 -9.193383 0.622791
v -0.931775 -9.193383 -0.622791
v -0.977203 -9.312246 0.622791
v -0.977204 -9.312246 -0.622791
v -0.993635 -9.453482 0.622791
v -0.993635 -9.453482 -0.622791
v -0.988943 -9.527417 0.622791
v -0.988943 -9.527417 -0.622791
v -0.975208 -9.597450 0.622791
v -0.975208 -9.597450 -0.622791
v -0.952941 -9.663098 0.622791
v -0.952941 -9.663098 -0.622791
v -0.922654 -9.723882 0.622791
v -0.922654 -9.723882 -0.622791
v -0.884856 -9.779318 0.622791
v -0.884856 -9.779318 -0.622791
v -0.840060 -9.828925 0.622791
v -0.840061 -9.828926 -0.622791
v -0.788777 -9.872223 0.622791
v -0.788777 -9.872223 -0.622791
v -0.731518 -9.908728 0.622791
v -0.731518 -9.908728 -0.622791
v -0.668793 -9.937959 0.622791
v -0.668793 -9.937959 -0.622791
v -0.601114 -9.959434 0.622791
v -0.601114 -9.959434 -0.622791
v -0.528993 -9.972672 0.622791
v -0.528993 -9.972672 -0.622791
v -0.452939 -9.977192 0.622791
v -0.452939 -9.977192 -0.622791
v -0.401376 -9.976007 0.622791
v -0.401376 -9.976007 -0.622791
v -0.351356 -9.972435 0.622791
v -0.351356 -9.972435 -0.622791
v -0.302771 -9.966444 0.622791
v -0.302771 -9.966444 -0.622791
v -0.255512 -9.958005 0.622791
v -0.255513 -9.958005 -0.622791
v -0.209473 -9.947090 0.622791
v -0.209473 -9.947090 -0.622791
v -0.164545 -9.933668 0.622791
v -0.164545 -9.933668 -0.622791
v -0.120619 -9.917709 0.622791
v -0.120619 -9.917709 -0.622791
v -0.077587 -9.899186 0.622791
v -0.077587 -9.899186 -0.622791
v -0.035342 -9.878068 0.622791
v -0.035342 -9.878068 -0.622791
v 0.006225 -9.854324 0.622791
v 0.006225 -9.854325 -0.622791
v 0.047222 -9.827928 0.622791
v 0.047221 -9.827928 -0.622791
v 0.087756 -9.798847 0.622791
v 0.087756 -9.798848 -0.622791
v 0.087756 -9.447821 0.622791
v 0.087756 -9.447821 -0.622791
v 0.051619 -9.491394 0.622791
v 0.051619 -9.491394 -0.622791
v 0.014036 -9.531488 0.622791
v 0.014036 -9.531488 -0.622791
v -0.024903 -9.568044 0.622791
v -0.024903 -9.568044 -0.622791
v -0.065110 -9.601002 0.622791
v -0.065111 -9.601002 -0.622791
v -0.106497 -9.630303 0.622791
v -0.106497 -9.630303 -0.622791
v -0.148975 -9.655889 0.622791
v -0.148975 -9.655889 -0.622791
v -0.192455 -9.677700 0.622791
v -0.192455 -9.677700 -0.622791
v -0.236850 -9.695679 0.622791
v -0.236850 -9.695679 -0.622791
v -0.282070 -9.709764 0.622791
v -0.282070 -9.709764 -0.622791
v -0.328027 -9.719898 0.622791
v -0.328027 -9.719898 -0.622791
v -0.374633 -9.726022 0.622791
v -0.374633 -9.726022 -0.622791
v -0.421800 -9.728076 0.622791
v -0.421800 -9.728076 -0.622791
v -0.473178 -9.725340 0.622791
v -0.473178 -9.725340 -0.622791
v -0.519779 -9.717513 0.622791
v -0.519779 -9.717513 -0.622791
v -0.561662 -9.705164 0.622791
v -0.561662 -9.705164 -0.622791
v -0.598886 -9.688863 0.622791
v -0.598886 -9.688864 -0.622791
v -0.631510 -9.669182 0.622791
v -0.631510 -9.669182 -0.622791
v -0.659593 -9.646688 0.622791
v -0.659593 -9.646688 -0.622791
v -0.683193 -9.621955 0.622791
v -0.683193 -9.621955 -0.622791
v -0.702370 -9.595550 0.622791
v -0.702370 -9.595550 -0.622791
v -0.717183 -9.568044 0.622791
v -0.717183 -9.568044 -0.622791
v -0.727691 -9.540007 0.622791
v -0.727691 -9.540007 -0.622791
v -0.733952 -9.512010 0.622791
v -0.733952 -9.512010 -0.622791
v -0.736026 -9.484621 0.622791
v -0.736026 -9.484621 -0.622791
v -0.719594 -9.391721 0.622791
v -0.719595 -9.391721 -0.622791
v -0.674166 -9.310655 0.622791
v -0.674166 -9.310655 -0.622791
v -0.605541 -9.238513 0.622791
v -0.605541 -9.238513 -0.622791
v -0.519517 -9.172387 0.622791
v -0.519517 -9.172387 -0.622791
v -0.421895 -9.109368 0.622791
v -0.421895 -9.109368 -0.622791
v -0.318473 -9.046545 0.622791
v -0.318473 -9.046545 -0.622791
v -0.215051 -8.981009 0.622791
v -0.215052 -8.981009 -0.622791
v -0.117429 -8.909851 0.622791
v -0.117429 -8.909851 -0.622791
v -0.031405 -8.830160 0.622791
v -0.031406 -8.830160 -0.622791
v 0.037220 -8.739029 0.622791
v 0.037220 -8.739029 -0.622791
v 0.082648 -8.633546 0.622791
v 0.082648 -8.633546 -0.622791
v 0.099080 -8.510803 0.622791
v 0.099080 -8.510803 -0.622791
v 0.094308 -8.434656 0.622791
v 0.094308 -8.434656 -0.622791
v 0.080247 -8.363532 0.622791
v 0.080247 -8.363532 -0.622791
v 0.057280 -8.297736 0.622791
v 0.057280 -8.297736 -0.622791
v 0.025792 -8.237572 0.622791
v 0.025792 -8.237572 -0.622791
v -0.013835 -8.183345 0.622791
v -0.013836 -8.183345 -0.622791
v -0.061218 -8.135359 0.622791
v -0.061218 -8.135359 -0.622791
v -0.115973 -8.093920 0.622791
v -0.115973 -8.093920 -0.622791
v -0.177716 -8.059332 0.622791
v -0.177716 -8.059332 -0.622791
v -0.246065 -8.031900 0.622791
v -0.246065 -8.031900 -0.622791
v -0.320636 -8.011929 0.622791
v -0.320636 -8.011929 -0.622791
v -0.401045 -7.999722 0.622791
v -0.401045 -7.999722 -0.622791
v -0.486910 -7.995585 0.622791
v -0.486910 -7.995585 -0.622791
v -0.523704 -7.996529 0.622791
v -0.523704 -7.996529 -0.622791
v -0.560460 -7.999360 0.622791
v -0.560460 -7.999360 -0.622791
v -0.597137 -8.004078 0.622791
v -0.597137 -8.004078 -0.622791
v -0.633695 -8.010683 0.622791
v -0.633695 -8.010683 -0.622791
v -0.670097 -8.019176 0.622791
v -0.670097 -8.019176 -0.622791
v -0.706302 -8.029555 0.622791
v -0.706302 -8.029555 -0.622791
v -0.742271 -8.041822 0.622791
v -0.742271 -8.041822 -0.622791
v -0.777965 -8.055977 0.622791
v -0.777965 -8.055977 -0.622791
v -0.813344 -8.072019 0.622791
v -0.813344 -8.072019 -0.622791
v -0.848369 -8.089948 0.622791
v -0.848370 -8.089948 -0.622791
v -0.883002 -8.109764 0.622791
v -0.883002 -8.109764 -0.622791
v -0.917201 -8.131467 0.622791
v -0.917202 -8.131467 -0.622791
v -0.917201 -8.445693 0.622791
v -0.917202 -8.445693 -0.622791
v -1.245582 -10.602814 0.622791
v -1.245582 -10.602814 -0.622791
v -1.245582 -8.680655 0.622791
v -1.245582 -8.680655 -0.622791
v -1.681535 -8.680655 0.622791
v -1.681535 -8.680655 -0.622791
v -1.793155 -8.685353 0.622791
v -1.793155 -8.685353 -0.622791
v -1.895790 -8.699370 0.622791
v -1.895790 -8.699370 -0.622791
v -1.989304 -8.722588 0.622791
v -1.989304 -8.722588 -0.622791
v -2.073558 -8.754887 0.622791
v -2.073558 -8.754887 -0.622791
v -2.148416 -8.796150 0.622791
v -2.148416 -8.796150 -0.622791
v -2.213738 -8.846261 0.622791
v -2.213738 -8.846261 -0.622791
v -2.269389 -8.905100 0.622791
v -2.269389 -8.905100 -0.622791
v -2.315230 -8.972549 0.622791
v -2.315230 -8.972549 -0.622791
v -2.351124 -9.048491 0.622791
v -2.351124 -9.048491 -0.622791
v -2.376933 -9.132808 0.622791
v -2.376933 -9.132808 -0.622791
v -2.392519 -9.225381 0.622791
v -2.392519 -9.225381 -0.622791
v -2.397745 -9.326093 0.622791
v -2.397745 -9.326093 -0.622791
v -2.392236 -9.419186 0.622791
v -2.392236 -9.419186 -0.622791
v -2.376081 -9.507019 0.622791
v -2.376081 -9.507019 -0.622791
v -2.349841 -9.589054 0.622791
v -2.349841 -9.589054 -0.622791
v -2.314077 -9.664748 0.622791
v -2.314077 -9.664748 -0.622791
v -2.269348 -9.733562 0.622791
v -2.269348 -9.733562 -0.622791
v -2.216215 -9.794955 0.622791
v -2.216215 -9.794955 -0.622791
v -2.155239 -9.848386 0.622791
v -2.155239 -9.848386 -0.622791
v -2.086978 -9.893314 0.622791
v -2.086978 -9.893314 -0.622791
v -2.011995 -9.929200 0.622791
v -2.011995 -9.929200 -0.622791
v -1.930848 -9.955503 0.622791
v -1.930848 -9.955503 -0.622791
v -1.844099 -9.971680 0.622791
v -1.844099 -9.971680 -0.622791
v -1.752307 -9.977192 0.622791
v -1.752307 -9.977192 -0.622791
v -1.731887 -9.976835 0.622791
v -1.731887 -9.976835 -0.622791
v -1.711614 -9.975751 0.622791
v -1.711614 -9.975751 -0.622791
v -1.691399 -9.973919 0.622791
v -1.691399 -9.973919 -0.622791
v -1.671156 -9.971321 0.622791
v -1.671156 -9.971321 -0.622791
v -1.650794 -9.967937 0.622791
v -1.650794 -9.967937 -0.622791
v -1.630226 -9.963746 0.622791
v -1.630226 -9.963746 -0.622791
v -1.609363 -9.958730 0.622791
v -1.609363 -9.958730 -0.622791
v -1.588117 -9.952868 0.622791
v -1.588117 -9.952868 -0.622791
v -1.566399 -9.946141 0.622791
v -1.566399 -9.946141 -0.622791
v -1.544120 -9.938530 0.622791
v -1.544120 -9.938530 -0.622791
v -1.521193 -9.930015 0.622791
v -1.521193 -9.930015 -0.622791
v -1.497529 -9.920575 0.622791
v -1.497529 -9.920575 -0.622791
v -1.497529 -10.602814 0.622791
v -1.497529 -10.602814 -0.622791
v -1.516750 -9.702950 0.622791
v -1.516750 -9.702950 -0.622791
v -1.536178 -9.711078 0.622791
v -1.536178 -9.711078 -0.622791
v -1.555783 -9.718477 0.622791
v -1.555783 -9.718477 -0.622791
v -1.575535 -9.725141 0.622791
v -1.575535 -9.725141 -0.622791
v -1.595405 -9.731056 0.622791
v -1.595405 -9.731056 -0.622791
v -1.615364 -9.736215 0.622791
v -1.615364 -9.736215 -0.622791
v -1.635381 -9.740607 0.622791
v -1.635381 -9.740607 -0.622791
v -1.655428 -9.744223 0.622791
v -1.655428 -9.744223 -0.622791
v -1.675476 -9.747051 0.622791
v -1.675476 -9.747051 -0.622791
v -1.695493 -9.749084 0.622791
v -1.695493 -9.749084 -0.622791
v -1.715452 -9.750312 0.622791
v -1.715452 -9.750312 -0.622791
v -1.735322 -9.750723 0.622791
v -1.735322 -9.750723 -0.622791
v -1.792646 -9.747016 0.622791
v -1.792646 -9.747016 -0.622791
v -1.846892 -9.736162 0.622791
v -1.846892 -9.736162 -0.622791
v -1.897699 -9.718566 0.622791
v -1.897699 -9.718566 -0.622791
v -1.944701 -9.694630 0.622791
v -1.944701 -9.694630 -0.622791
v -1.987536 -9.664757 0.622791
v -1.987536 -9.664757 -0.622791
v -2.025840 -9.629350 0.622791
v -2.025840 -9.629350 -0.622791
v -2.059248 -9.588812 0.622791
v -2.059248 -9.588812 -0.622791
v -2.087398 -9.543546 0.622791
v -2.087398 -9.543546 -0.622791
v -2.109925 -9.493955 0.622791
v -2.109925 -9.493955 -0.622791
v -2.126467 -9.440441 0.622791
v -2.126467 -9.440441 -0.622791
v -2.136658 -9.383410 0.622791
v -2.136658 -9.383410 -0.622791
v -2.140136 -9.323262 0.622791
v -2.140136 -9.323262 -0.622791
v -2.137248 -9.259768 0.622791
v -2.137248 -9.259768 -0.622791
v -2.128590 -9.201023 0.622791
v -2.128590 -9.201023 -0.622791
v -2.114172 -9.147173 0.622791
v -2.114172 -9.147173 -0.622791
v -2.094003 -9.098365 0.622791
v -2.094003 -9.098365 -0.622791
v -2.068095 -9.054748 0.622791
v -2.068095 -9.054748 -0.622791
v -2.036456 -9.016467 0.622791
v -2.036456 -9.016467 -0.622791
v -1.999096 -8.983671 0.622791
v -1.999096 -8.983671 -0.622791
v -1.956025 -8.956508 0.622791
v -1.956025 -8.956508 -0.622791
v -1.907253 -8.935123 0.622791
v -1.907253 -8.935123 -0.622791
v -1.852790 -8.919666 0.622791
v -1.852790 -8.919666 -0.622791
v -1.792645 -8.910285 0.622791
v -1.792645 -8.910285 -0.622791
v -1.726829 -8.907125 0.622791
v -1.726829 -8.907125 -0.622791
v -1.497529 -8.907125 0.622791
v -1.497529 -8.907125 -0.622791
v -1.497529 -9.694105 0.622791
v -1.497529 -9.694105 -0.622791
v -3.577060 -8.989197 0.622791
v -3.577060 -8.989197 -0.622790
v -3.543722 -8.969220 0.622791
v -3.543722 -8.969220 -0.622791
v -3.511956 -8.951799 0.622791
v -3.511956 -8.951799 -0.622791
v -3.481548 -8.936796 0.622791
v -3.481548 -8.936796 -0.622791
v -3.452279 -8.924074 0.622791
v -3.452279 -8.924074 -0.622791
v -3.423934 -8.913494 0.622791
v -3.423934 -8.913494 -0.622791
v -3.396297 -8.904920 0.622791
v -3.396297 -8.904920 -0.622791
v -3.369152 -8.898212 0.622791
v -3.369152 -8.898212 -0.622791
v -3.342281 -8.893235 0.622791
v -3.342281 -8.893235 -0.622791
v -3.315470 -8.889851 0.622791
v -3.315470 -8.889851 -0.622791
v -3.288502 -8.887921 0.622791
v -3.288502 -8.887921 -0.622791
v -3.261159 -8.887308 0.622791
v -3.261159 -8.887308 -0.622791
v -3.205360 -8.890856 0.622791
v -3.205360 -8.890856 -0.622791
v -3.152813 -8.901293 0.622791
v -3.152813 -8.901293 -0.622791
v -3.103825 -8.918315 0.622791
v -3.103825 -8.918315 -0.622791
v -3.058700 -8.941619 0.622791
v -3.058700 -8.941619 -0.622791
v -3.017742 -8.970900 0.622791
v -3.017742 -8.970900 -0.622791
v -2.981257 -9.005851 0.622791
v -2.981257 -9.005851 -0.622791
v -2.949549 -9.046169 0.622791
v -2.949549 -9.046169 -0.622791
v -2.922923 -9.091550 0.622791
v -2.922923 -9.091550 -0.622791
v -2.901683 -9.141688 0.622791
v -2.901683 -9.141688 -0.622791
v -2.886135 -9.196280 0.622791
v -2.886135 -9.196280 -0.622791
v -2.876582 -9.255018 0.622791
v -2.876582 -9.255018 -0.622791
v -2.873330 -9.317600 0.622791
v -2.873330 -9.317600 -0.622791
v -2.876823 -9.381205 0.622791
v -2.876823 -9.381205 -0.622791
v -2.887118 -9.440258 0.622791
v -2.887118 -9.440258 -0.622791
v -2.903939 -9.494574 0.622791
v -2.903939 -9.494574 -0.622791
v -2.927012 -9.543964 0.622791
v -2.927012 -9.543964 -0.622791
v -2.956061 -9.588244 0.622791
v -2.956061 -9.588244 -0.622791
v -2.990812 -9.627226 0.622791
v -2.990812 -9.627227 -0.622791
v -3.030988 -9.660724 0.622791
v -3.030988 -9.660724 -0.622791
v -3.076314 -9.688549 0.622791
v -3.076314 -9.688549 -0.622791
v -3.126516 -9.710516 0.622791
v -3.126516 -9.710516 -0.622791
v -3.181318 -9.726438 0.622791
v -3.181318 -9.726438 -0.622790
v -3.240445 -9.736128 0.622791
v -3.240445 -9.736128 -0.622790
v -3.303622 -9.739400 0.622791
v -3.303622 -9.739400 -0.622790
v -3.330416 -9.738810 0.622791
v -3.330416 -9.738810 -0.622790
v -3.357081 -9.737041 0.622791
v -3.357081 -9.737041 -0.622790
v -3.383727 -9.734092 0.622791
v -3.383727 -9.734092 -0.622790
v -3.410462 -9.729963 0.622791
v -3.410462 -9.729963 -0.622790
v -3.437392 -9.724655 0.622791
v -3.437392 -9.724655 -0.622790
v -3.464628 -9.718168 0.622791
v -3.464628 -9.718168 -0.622790
v -3.492276 -9.710501 0.622791
v -3.492276 -9.710501 -0.622790
v -3.520446 -9.701654 0.622791
v -3.520446 -9.701654 -0.622790
v -3.549244 -9.691628 0.622791
v -3.549244 -9.691628 -0.622790
v -3.578780 -9.680423 0.622791
v -3.578780 -9.680423 -0.622790
v -3.609161 -9.668038 0.622791
v -3.609161 -9.668038 -0.622790
v -3.640495 -9.654473 0.622791
v -3.640495 -9.654473 -0.622790
v -3.640495 -9.903590 0.622791
v -3.640495 -9.903590 -0.622790
v -3.617732 -9.913363 0.622791
v -3.617732 -9.913363 -0.622790
v -3.592148 -9.922803 0.622791
v -3.592148 -9.922803 -0.622790
v -3.564106 -9.931810 0.622791
v -3.564106 -9.931810 -0.622790
v -3.533971 -9.940287 0.622791
v -3.533971 -9.940287 -0.622790
v -3.502106 -9.948133 0.622791
v -3.502106 -9.948133 -0.622790
v -3.468874 -9.955253 0.622791
v -3.468874 -9.955254 -0.622790
v -3.434640 -9.961547 0.622791
v -3.434640 -9.961547 -0.622790
v -3.399767 -9.966917 0.622791
v -3.399767 -9.966917 -0.622790
v -3.364619 -9.971265 0.622791
v -3.364619 -9.971265 -0.622790
v -3.329559 -9.974492 0.622791
v -3.329559 -9.974492 -0.622790
v -3.294951 -9.976501 0.622791
v -3.294951 -9.976501 -0.622790
v -3.261159 -9.977192 0.622791
v -3.261159 -9.977192 -0.622790
v -3.168773 -9.971796 0.622791
v -3.168773 -9.971796 -0.622790
v -3.081635 -9.955960 0.622791
v -3.081635 -9.955960 -0.622790
v -3.000277 -9.930218 0.622791
v -3.000277 -9.930218 -0.622791
v -2.925230 -9.895097 0.622791
v -2.925230 -9.895097 -0.622791
v -2.857023 -9.851130 0.622791
v -2.857023 -9.851130 -0.622791
v -2.796189 -9.798847 0.622791
v -2.796189 -9.798847 -0.622791
v -2.743258 -9.738780 0.622791
v -2.743258 -9.738780 -0.622791
v -2.698760 -9.671458 0.622791
v -2.698760 -9.671458 -0.622791
v -2.663227 -9.597414 0.622791
v -2.663227 -9.597414 -0.622791
v -2.637189 -9.517177 0.622791
v -2.637189 -9.517177 -0.622791
v -2.621177 -9.431277 0.622791
v -2.621177 -9.431277 -0.622791
v -2.615721 -9.340247 0.622791
v -2.615721 -9.340247 -0.622791
v -2.620734 -9.238755 0.622791
v -2.620734 -9.238755 -0.622791
v -2.635537 -9.144026 0.622791
v -2.635537 -9.144026 -0.622791
v -2.659776 -9.056453 0.622791
v -2.659776 -9.056453 -0.622791
v -2.693098 -8.976428 0.622791
v -2.693098 -8.976428 -0.622791
v -2.735148 -8.904346 0.622791
v -2.735148 -8.904346 -0.622791
v -2.785573 -8.840599 0.622791
v -2.785573 -8.840599 -0.622791
v -2.844019 -8.785581 0.622791
v -2.844019 -8.785581 -0.622791
v -2.910131 -8.739684 0.622791
v -2.910131 -8.739684 -0.622791
v -2.983557 -8.703302 0.622791
v -2.983557 -8.703302 -0.622791
v -3.063942 -8.676828 0.622791
v -3.063942 -8.676828 -0.622791
v -3.150932 -8.660656 0.622791
v -3.150932 -8.660656 -0.622791
v -3.244174 -8.655177 0.622791
v -3.244174 -8.655177 -0.622791
v -3.280014 -8.655877 0.622791
v -3.280014 -8.655877 -0.622791
v -3.314094 -8.657943 0.622791
v -3.314094 -8.657943 -0.622791
v -3.346660 -8.661325 0.622791
v -3.346660 -8.661325 -0.622791
v -3.377959 -8.665977 0.622791
v -3.377959 -8.665977 -0.622791
v -3.408235 -8.671846 0.622791
v -3.408235 -8.671846 -0.622791
v -3.437735 -8.678885 0.622791
v -3.437735 -8.678885 -0.622791
v -3.466703 -8.687046 0.622791
v -3.466703 -8.687046 -0.622791
v -3.495387 -8.696278 0.622791
v -3.495387 -8.696278 -0.622791
v -3.524032 -8.706532 0.622791
v -3.524032 -8.706532 -0.622791
v -3.552883 -8.717758 0.622791
v -3.552883 -8.717758 -0.622791
v -3.582186 -8.729909 0.622791
v -3.582186 -8.729909 -0.622791
v -3.612187 -8.742934 0.622791
v -3.612187 -8.742934 -0.622791
v -3.612187 -9.011867 0.622791
v -3.612187 -9.011867 -0.622790
v -4.875404 -9.896118 0.622791
v -4.875404 -9.896118 -0.622790
v -4.850233 -9.911990 0.622791
v -4.850233 -9.911991 -0.622790
v -4.827204 -9.925838 0.622791
v -4.827204 -9.925838 -0.622790
v -4.805974 -9.937770 0.622791
v -4.805974 -9.937770 -0.622790
v -4.786199 -9.947892 0.622791
v -4.786199 -9.947892 -0.622790
v -4.767535 -9.956315 0.622791
v -4.767535 -9.956315 -0.622790
v -4.749637 -9.963144 0.622791
v -4.749637 -9.963144 -0.622790
v -4.732162 -9.968490 0.622791
v -4.732162 -9.968490 -0.622790
v -4.714766 -9.972460 0.622791
v -4.714766 -9.972460 -0.622790
v -4.697104 -9.975161 0.622791
v -4.697104 -9.975161 -0.622790
v -4.678833 -9.976703 0.622791
v -4.678833 -9.976703 -0.622790
v -4.659607 -9.977192 0.622791
v -4.659607 -9.977192 -0.622790
v -4.633060 -9.976360 0.622791
v -4.633060 -9.976360 -0.622790
v -4.608586 -9.973837 0.622791
v -4.608586 -9.973837 -0.622790
v -4.586138 -9.969584 0.622791
v -4.586138 -9.969584 -0.622790
v -4.565665 -9.963562 0.622791
v -4.565665 -9.963562 -0.622790
v -4.547118 -9.955731 0.622791
v -4.547118 -9.955731 -0.622790
v -4.530449 -9.946053 0.622791
v -4.530449 -9.946053 -0.622790
v -4.515608 -9.934486 0.622791
v -4.515608 -9.934487 -0.622790
v -4.502547 -9.920995 0.622791
v -4.502547 -9.920995 -0.622790
v -4.491215 -9.905536 0.622791
v -4.491215 -9.905536 -0.622790
v -4.481564 -9.888072 0.622791
v -4.481564 -9.888072 -0.622790
v -4.473545 -9.868565 0.622791
v -4.473545 -9.868565 -0.622790
v -4.467108 -9.846972 0.622791
v -4.467108 -9.846972 -0.622790
v -4.439393 -9.867970 0.622791
v -4.439393 -9.867970 -0.622790
v -4.411461 -9.887090 0.622791
v -4.411461 -9.887090 -0.622790
v -4.383333 -9.904342 0.622791
v -4.383333 -9.904342 -0.622790
v -4.355027 -9.919736 0.622791
v -4.355027 -9.919736 -0.622790
v -4.326565 -9.933283 0.622791
v -4.326565 -9.933283 -0.622790
v -4.297965 -9.944991 0.622791
v -4.297965 -9.944991 -0.622790
v -4.269246 -9.954871 0.622791
v -4.269246 -9.954871 -0.622790
v -4.240430 -9.962934 0.622791
v -4.240430 -9.962934 -0.622790
v -4.211535 -9.969186 0.622791
v -4.211535 -9.969186 -0.622790
v -4.182580 -9.973640 0.622791
v -4.182580 -9.973640 -0.622790
v -4.153587 -9.976306 0.622791
v -4.153587 -9.976306 -0.622790
v -4.124574 -9.977192 0.622791
v -4.124574 -9.977192 -0.622790
v -4.079198 -9.974201 0.622791
v -4.079198 -9.974201 -0.622790
v -4.036633 -9.965528 0.622791
v -4.036633 -9.965528 -0.622790
v -3.997096 -9.951626 0.622791
v -3.997096 -9.951626 -0.622790
v -3.960803 -9.932947 0.622791
v -3.960803 -9.932947 -0.622790
v -3.927969 -9.909943 0.622791
v -3.927969 -9.909943 -0.622790
v -3.898812 -9.883066 0.622791
v -3.898812 -9.883066 -0.622790
v -3.873547 -9.852769 0.622791
v -3.873547 -9.852769 -0.622790
v -3.852391 -9.819503 0.622791
v -3.852391 -9.819503 -0.622790
v -3.835560 -9.783720 0.622791
v -3.835560 -9.783720 -0.622790
v -3.823270 -9.745873 0.622791
v -3.823270 -9.745873 -0.622790
v -3.815737 -9.706415 0.622791
v -3.815737 -9.706415 -0.622790
v -3.813178 -9.665797 0.622791
v -3.813178 -9.665797 -0.622790
v -3.817808 -9.606367 0.622791
v -3.817808 -9.606367 -0.622790
v -3.831107 -9.553650 0.622791
v -3.831107 -9.553650 -0.622790
v -3.852191 -9.507048 0.622791
v -3.852191 -9.507048 -0.622790
v -3.880176 -9.465959 0.622791
v -3.880176 -9.465959 -0.622790
v -3.914176 -9.429785 0.622791
v -3.914176 -9.429785 -0.622790
v -3.953306 -9.397926 0.622791
v -3.953306 -9.397926 -0.622790
v -3.996684 -9.369783 0.622791
v -3.996684 -9.369783 -0.622790
v -4.043422 -9.344755 0.622791
v -4.043422 -9.344755 -0.622790
v -4.092638 -9.322245 0.622791
v -4.092638 -9.322245 -0.622790
v -4.143446 -9.301650 0.622791
v -4.143446 -9.301650 -0.622790
v -4.194962 -9.282373 0.622791
v -4.194962 -9.282373 -0.622790
v -4.246301 -9.263814 0.622791
v -4.246301 -9.263814 -0.622790
v -4.469939 -9.184549 0.622791
v -4.469939 -9.184549 -0.622790
v -4.469939 -9.116609 0.622791
v -4.469939 -9.116609 -0.622790
v -4.468347 -9.078906 0.622791
v -4.468347 -9.078906 -0.622790
v -4.463570 -9.044998 0.622791
v -4.463570 -9.044998 -0.622790
v -4.455608 -9.014786 0.622791
v -4.455608 -9.014786 -0.622790
v -4.444461 -8.988171 0.622791
v -4.444461 -8.988171 -0.622790
v -4.430130 -8.965055 0.622791
v -4.430130 -8.965055 -0.622790
v -4.412614 -8.945341 0.622791
v -4.412614 -8.945341 -0.622790
v -4.391913 -8.928929 0.622791
v -4.391913 -8.928929 -0.622790
v -4.368028 -8.915722 0.622791
v -4.368028 -8.915722 -0.622790
v -4.340958 -8.905621 0.622791
v -4.340958 -8.905621 -0.622790
v -4.310703 -8.898527 0.622791
v -4.310703 -8.898527 -0.622790
v -4.277263 -8.894343 0.622791
v -4.277263 -8.894343 -0.622790
v -4.240639 -8.892970 0.622791
v -4.240639 -8.892970 -0.622790
v -4.205915 -8.894335 0.622791
v -4.205915 -8.894335 -0.622790
v -4.171152 -8.898461 0.622791
v -4.171152 -8.898461 -0.622790
v -4.136428 -8.905399 0.622791
v -4.136428 -8.905399 -0.622790
v -4.101822 -8.915197 0.622791
v -4.101822 -8.915197 -0.622790
v -4.067412 -8.927905 0.622791
v -4.067412 -8.927905 -0.622790
v -4.033278 -8.943572 0.622791
v -4.033278 -8.943572 -0.622790
v -3.999498 -8.962246 0.622791
v -3.999498 -8.962246 -0.622790
v -3.966150 -8.983977 0.622791
v -3.966150 -8.983977 -0.622790
v -3.933313 -9.008815 0.622791
v -3.933313 -9.008815 -0.622790
v -3.901066 -9.036807 0.622791
v -3.901066 -9.036807 -0.622790
v -3.869488 -9.068004 0.622791
v -3.869488 -9.068004 -0.622790
v -3.838656 -9.102454 0.622791
v -3.838656 -9.102454 -0.622790
v -3.838656 -8.827860 0.622791
v -3.838656 -8.827860 -0.622790
v -3.864256 -8.800081 0.622791
v -3.864256 -8.800081 -0.622790
v -3.891526 -8.774769 0.622791
v -3.891526 -8.774769 -0.622790
v -3.920486 -8.751913 0.622791
v -3.920486 -8.751913 -0.622790
v -3.951157 -8.731506 0.622791
v -3.951157 -8.731506 -0.622790
v -3.983558 -8.713536 0.622791
v -3.983558 -8.713536 -0.622790
v -4.017709 -8.697994 0.622791
v -4.017709 -8.697994 -0.622790
v -4.053628 -8.684871 0.622791
v -4.053628 -8.684871 -0.622790
v -4.091337 -8.674154 0.622791
v -4.091337 -8.674154 -0.622790
v -4.130855 -8.665837 0.622791
v -4.130855 -8.665837 -0.622790
v -4.172201 -8.659908 0.622791
v -4.172201 -8.659908 -0.622790
v -4.215394 -8.656359 0.622791
v -4.215394 -8.656359 -0.622790
v -4.260455 -8.655177 0.622791
v -4.260455 -8.655177 -0.622790
v -4.323649 -8.657907 0.622791
v -4.323649 -8.657907 -0.622790
v -4.384082 -8.666160 0.622791
v -4.384082 -8.666160 -0.622790
v -4.441232 -8.680036 0.622791
v -4.441232 -8.680036 -0.622790
v -4.494578 -8.699633 0.622791
v -4.494578 -8.699633 -0.622790
v -4.543599 -8.725048 0.622791
v -4.543599 -8.725048 -0.622790
v -4.587774 -8.756381 0.622791
v -4.587774 -8.756381 -0.622790
v -4.626582 -8.793729 0.622791
v -4.626582 -8.793729 -0.622790
v -4.659503 -8.837192 0.622791
v -4.659503 -8.837192 -0.622790
v -4.686014 -8.886866 0.622791
v -4.686014 -8.886866 -0.622790
v -4.705595 -8.942851 0.622791
v -4.705595 -8.942851 -0.622790
v -4.717727 -9.005245 0.622791
v -4.717727 -9.005245 -0.622790
v -4.721887 -9.074145 0.622791
v -4.721887 -9.074145 -0.622790
v -4.721887 -9.728076 0.622791
v -4.721887 -9.728076 -0.622790
v -4.722239 -9.739467 0.622791
v -4.722239 -9.739467 -0.622790
v -4.723289 -9.749609 0.622791
v -4.723289 -9.749609 -0.622790
v -4.725028 -9.758552 0.622791
v -4.725028 -9.758553 -0.622790
v -4.727444 -9.766345 0.622791
v -4.727444 -9.766345 -0.622790
v -4.730529 -9.773037 0.622791
v -4.730529 -9.773037 -0.622790
v -4.734272 -9.778678 0.622791
v -4.734272 -9.778678 -0.622790
v -4.738664 -9.783316 0.622791
v -4.738664 -9.783316 -0.622790
v -4.743695 -9.787000 0.622791
v -4.743695 -9.787000 -0.622790
v -4.749355 -9.789780 0.622791
v -4.749355 -9.789780 -0.622790
v -4.755634 -9.791705 0.622791
v -4.755634 -9.791705 -0.622790
v -4.762523 -9.792824 0.622791
v -4.762523 -9.792824 -0.622790
v -4.770011 -9.793186 0.622791
v -4.770011 -9.793186 -0.622790
v -4.776900 -9.792660 0.622791
v -4.776900 -9.792660 -0.622790
v -4.784781 -9.791102 0.622791
v -4.784781 -9.791102 -0.622790
v -4.793587 -9.788542 0.622791
v -4.793587 -9.788542 -0.622790
v -4.803247 -9.785007 0.622791
v -4.803247 -9.785007 -0.622790
v -4.813694 -9.780531 0.622791
v -4.813694 -9.780531 -0.622790
v -4.824859 -9.775139 0.622791
v -4.824859 -9.775139 -0.622790
v -4.836672 -9.768863 0.622791
v -4.836672 -9.768863 -0.622790
v -4.849065 -9.761732 0.622791
v -4.849065 -9.761732 -0.622790
v -4.861970 -9.753775 0.622791
v -4.861970 -9.753775 -0.622790
v -4.875317 -9.745022 0.622791
v -4.875317 -9.745022 -0.622790
v -4.889037 -9.735502 0.622791
v -4.889037 -9.735502 -0.622790
v -4.903062 -9.725245 0.622791
v -4.903062 -9.725245 -0.622790
v -4.903062 -9.878112 0.622791
v -4.903062 -9.878112 -0.622790
v -4.416834 -9.341707 0.622791
v -4.416834 -9.341707 -0.622790
v -4.365459 -9.360417 0.622791
v -4.365459 -9.360417 -0.622790
v -4.316365 -9.379658 0.622791
v -4.316365 -9.379658 -0.622790
v -4.270101 -9.399695 0.622791
v -4.270101 -9.399695 -0.622790
v -4.227219 -9.420794 0.622791
v -4.227219 -9.420794 -0.622790
v -4.188268 -9.443220 0.622791
v -4.188268 -9.443220 -0.622790
v -4.153800 -9.467238 0.622791
v -4.153800 -9.467238 -0.622790
v -4.124364 -9.493114 0.622791
v -4.124364 -9.493114 -0.622790
v -4.100511 -9.521113 0.622791
v -4.100511 -9.521113 -0.622790
v -4.082792 -9.551500 0.622791
v -4.082792 -9.551500 -0.622790
v -4.071757 -9.584542 0.622791
v -4.071757 -9.584542 -0.622790
v -4.067956 -9.620503 0.622791
v -4.067956 -9.620503 -0.622790
v -4.069520 -9.646015 0.622791
v -4.069520 -9.646015 -0.622790
v -4.074102 -9.670082 0.622791
v -4.074102 -9.670082 -0.622790
v -4.081535 -9.692557 0.622791
v -4.081535 -9.692557 -0.622790
v -4.091651 -9.713292 0.622791
v -4.091651 -9.713293 -0.622790
v -4.104283 -9.732141 0.622791
v -4.104283 -9.732141 -0.622790
v -4.119266 -9.748954 0.622791
v -4.119266 -9.748954 -0.622790
v -4.136429 -9.763585 0.622791
v -4.136429 -9.763585 -0.622790
v -4.155608 -9.775887 0.622791
v -4.155608 -9.775887 -0.622790
v -4.176635 -9.785710 0.622791
v -4.176635 -9.785710 -0.622790
v -4.199343 -9.792911 0.622791
v -4.199343 -9.792911 -0.622790
v -4.223564 -9.797338 0.622791
v -4.223564 -9.797338 -0.622790
v -4.249132 -9.798847 0.622791
v -4.249132 -9.798848 -0.622790
v -4.268831 -9.798030 0.622791
v -4.268831 -9.798030 -0.622790
v -4.288293 -9.795610 0.622791
v -4.288293 -9.795610 -0.622790
v -4.307519 -9.791637 0.622791
v -4.307519 -9.791637 -0.622790
v -4.326510 -9.786161 0.622791
v -4.326510 -9.786161 -0.622790
v -4.345264 -9.779230 0.622791
v -4.345264 -9.779230 -0.622790
v -4.363782 -9.770893 0.622791
v -4.363782 -9.770893 -0.622790
v -4.382065 -9.761199 0.622791
v -4.382065 -9.761200 -0.622790
v -4.400112 -9.750198 0.622791
v -4.400112 -9.750198 -0.622790
v -4.417922 -9.737940 0.622791
v -4.417922 -9.737940 -0.622790
v -4.435497 -9.724472 0.622791
v -4.435497 -9.724472 -0.622790
v -4.452837 -9.709844 0.622791
v -4.452837 -9.709845 -0.622790
v -4.469939 -9.694105 0.622791
v -4.469939 -9.694105 -0.622790
v -4.469939 -9.323262 0.622791
v -4.469939 -9.323262 -0.622790
v -6.150301 -9.851517 0.622791
v -6.150301 -9.851517 -0.622790
v -6.112602 -9.873656 0.622791
v -6.112602 -9.873656 -0.622790
v -6.074864 -9.893593 0.622791
v -6.074864 -9.893593 -0.622790
v -6.036772 -9.911348 0.622791
v -6.036772 -9.911348 -0.622790
v -5.998011 -9.926941 0.622791
v -5.998011 -9.926941 -0.622790
v -5.958268 -9.940391 0.622791
v -5.958268 -9.940392 -0.622790
v -5.917227 -9.951717 0.622791
v -5.917227 -9.951717 -0.622790
v -5.874574 -9.960941 0.622791
v -5.874574 -9.960941 -0.622790
v -5.829994 -9.968081 0.622791
v -5.829994 -9.968081 -0.622790
v -5.783173 -9.973156 0.622791
v -5.783173 -9.973156 -0.622790
v -5.733797 -9.976187 0.622791
v -5.733797 -9.976187 -0.622790
v -5.681550 -9.977192 0.622791
v -5.681550 -9.977192 -0.622790
v -5.586153 -9.970584 0.622791
v -5.586153 -9.970584 -0.622790
v -5.498226 -9.951452 0.622791
v -5.498226 -9.951452 -0.622790
v -5.417926 -9.920840 0.622791
v -5.417926 -9.920840 -0.622790
v -5.345411 -9.879789 0.622791
v -5.345411 -9.879789 -0.622790
v -5.280838 -9.829342 0.622791
v -5.280838 -9.829342 -0.622790
v -5.224365 -9.770539 0.622791
v -5.224365 -9.770539 -0.622790
v -5.176149 -9.704423 0.622791
v -5.176149 -9.704423 -0.622790
v -5.136346 -9.632036 0.622791
v -5.136346 -9.632036 -0.622790
v -5.105115 -9.554420 0.622791
v -5.105115 -9.554420 -0.622790
v -5.082612 -9.472616 0.622791
v -5.082612 -9.472616 -0.622790
v -5.068995 -9.387668 0.622791
v -5.068995 -9.387668 -0.622790
v -5.064421 -9.300615 0.622791
v -5.064421 -9.300615 -0.622790
v -5.069414 -9.207039 0.622791
v -5.069414 -9.207039 -0.622790
v -5.084080 -9.119125 0.622791
v -5.084080 -9.119125 -0.622790
v -5.107945 -9.037345 0.622791
v -5.107945 -9.037345 -0.622790
v -5.140540 -8.962170 0.622791
v -5.140540 -8.962170 -0.622790
v -5.181391 -8.894072 0.622791
v -5.181391 -8.894072 -0.622790
v -5.230026 -8.833522 0.622791
v -5.230026 -8.833522 -0.622790
v -5.285975 -8.780993 0.622791
v -5.285975 -8.780993 -0.622790
v -5.348766 -8.736958 0.622791
v -5.348766 -8.736958 -0.622790
v -5.417925 -8.701887 0.622791
v -5.417925 -8.701887 -0.622790
v -5.492983 -8.676251 0.622791
v -5.492983 -8.676251 -0.622790
v -5.573466 -8.660524 0.622791
v -5.573466 -8.660524 -0.622790
v -5.658903 -8.655177 0.622791
v -5.658903 -8.655177 -0.622790
v -5.740531 -8.659961 0.622791
v -5.740531 -8.659961 -0.622790
v -5.816763 -8.674338 0.622791
v -5.816763 -8.674338 -0.622790
v -5.887275 -8.698348 0.622791
v -5.887275 -8.698348 -0.622790
v -5.951741 -8.732030 0.622791
v -5.951741 -8.732030 -0.622790
v -6.009837 -8.775424 0.622791
v -6.009837 -8.775424 -0.622790
v -6.061240 -8.828568 0.622791
v -6.061240 -8.828568 -0.622790
v -6.105625 -8.891502 0.622791
v -6.105625 -8.891502 -0.622790
v -6.142667 -8.964266 0.622791
v -6.142667 -8.964266 -0.622790
v -6.172042 -9.046899 0.622791
v -6.172042 -9.046899 -0.622790
v -6.193426 -9.139439 0.622791
v -6.193426 -9.139439 -0.622790
v -6.206494 -9.241927 0.622791
v -6.206494 -9.241927 -0.622790
v -6.210922 -9.354402 0.622791
v -6.210922 -9.354402 -0.622790
v -5.316368 -9.354402 0.622791
v -5.316368 -9.354402 -0.622790
v -5.328455 -9.414847 0.622791
v -5.328455 -9.414847 -0.622790
v -5.344887 -9.470192 0.622791
v -5.344887 -9.470192 -0.622790
v -5.365643 -9.520406 0.622791
v -5.365643 -9.520406 -0.622790
v -5.390705 -9.565458 0.622791
v -5.390705 -9.565458 -0.622790
v -5.420052 -9.605322 0.622791
v -5.420052 -9.605322 -0.622790
v -5.453665 -9.639965 0.622791
v -5.453665 -9.639965 -0.622790
v -5.491525 -9.669360 0.622791
v -5.491525 -9.669360 -0.622790
v -5.533611 -9.693477 0.622791
v -5.533611 -9.693477 -0.622790
v -5.579904 -9.712285 0.622791
v -5.579904 -9.712285 -0.622790
v -5.630384 -9.725757 0.622791
v -5.630384 -9.725757 -0.622790
v -5.685033 -9.733861 0.622791
v -5.685033 -9.733861 -0.622790
v -5.743829 -9.736568 0.622791
v -5.743829 -9.736568 -0.622790
v -5.781875 -9.735399 0.622791
v -5.781875 -9.735399 -0.622790
v -5.819607 -9.731929 0.622791
v -5.819607 -9.731929 -0.622790
v -5.857063 -9.726218 0.622791
v -5.857063 -9.726218 -0.622790
v -5.894284 -9.718326 0.622791
v -5.894284 -9.718326 -0.622790
v -5.931308 -9.708309 0.622791
v -5.931308 -9.708309 -0.622790
v -5.968174 -9.696229 0.622791
v -5.968174 -9.696229 -0.622790
v -6.004923 -9.682143 0.622791
v -6.004923 -9.682143 -0.622790
v -6.041594 -9.666111 0.622791
v -6.041594 -9.666112 -0.622790
v -6.078225 -9.648192 0.622791
v -6.078225 -9.648192 -0.622790
v -6.114856 -9.628446 0.622791
v -6.114856 -9.628446 -0.622790
v -6.151526 -9.606929 0.622791
v -6.151526 -9.606929 -0.622790
v -6.188275 -9.583702 0.622791
v -6.188275 -9.583702 -0.622790
v -6.188275 -9.827156 0.622791
v -6.188275 -9.827156 -0.622790
v -5.957580 -9.140759 0.622791
v -5.957580 -9.140759 -0.622790
v -5.949224 -9.097264 0.622791
v -5.949224 -9.097264 -0.622790
v -5.936859 -9.057072 0.622791
v -5.936859 -9.057072 -0.622790
v -5.920601 -9.020359 0.622791
v -5.920601 -9.020359 -0.622790
v -5.900568 -8.987303 0.622791
v -5.900568 -8.987303 -0.622790
v -5.876880 -8.958080 0.622791
v -5.876880 -8.958080 -0.622790
v -5.849652 -8.932868 0.622791
v -5.849652 -8.932868 -0.622790
v -5.819005 -8.911842 0.622791
v -5.819005 -8.911842 -0.622790
v -5.785054 -8.895182 0.622791
v -5.785054 -8.895182 -0.622790
v -5.747918 -8.883062 0.622791
v -5.747918 -8.883062 -0.622790
v -5.707716 -8.875661 0.622791
v -5.707716 -8.875661 -0.622790
v -5.664565 -8.873154 0.622791
v -5.664565 -8.873154 -0.622790
v -5.618036 -8.875498 0.622791
v -5.618036 -8.875498 -0.622790
v -5.574711 -8.882472 0.622791
v -5.574711 -8.882472 -0.622790
v -5.534610 -8.893988 0.622791
v -5.534610 -8.893988 -0.622790
v -5.497753 -8.909955 0.622791
v -5.497753 -8.909955 -0.622790
v -5.464159 -8.930287 0.622791
v -5.464159 -8.930287 -0.622790
v -5.433849 -8.954895 0.622791
v -5.433849 -8.954895 -0.622790
v -5.406841 -8.983690 0.622791
v -5.406841 -8.983690 -0.622790
v -5.383155 -9.016584 0.622791
v -5.383155 -9.016584 -0.622790
v -5.362812 -9.053490 0.622791
v -5.362812 -9.053490 -0.622790
v -5.345830 -9.094316 0.622791
v -5.345830 -9.094316 -0.622790
v -5.332229 -9.138975 0.622791
v -5.332229 -9.138975 -0.622790
v -5.322030 -9.187381 0.622791
v -5.322030 -9.187381 -0.622790
v -5.961806 -9.187381 0.622791
v -5.961806 -9.187381 -0.622790
v -6.712224 -7.998477 0.622791
v -6.712224 -7.998477 -0.622790
v -6.735602 -8.007158 0.622791
v -6.735602 -8.007158 -0.622790
v -6.756660 -8.021638 0.622791
v -6.756660 -8.021638 -0.622790
v -6.775417 -8.041927 0.622791
v -6.775417 -8.041927 -0.622790
v -6.791894 -8.068036 0.622791
v -6.791894 -8.068036 -0.622790
v -6.806111 -8.099974 0.622791
v -6.806111 -8.099974 -0.622790
v -6.818087 -8.137750 0.622791
v -6.818087 -8.137750 -0.622790
v -6.827841 -8.181375 0.622791
v -6.827841 -8.181375 -0.622790
v -6.835393 -8.230857 0.622791
v -6.835393 -8.230857 -0.622790
v -6.840764 -8.286208 0.622791
v -6.840764 -8.286208 -0.622790
v -6.843971 -8.347437 0.622791
v -6.843971 -8.347437 -0.622790
v -6.845037 -8.414554 0.622791
v -6.845037 -8.414554 -0.622790
v -6.844917 -8.445220 0.622791
v -6.844917 -8.445220 -0.622790
v -6.844563 -8.474933 0.622791
v -6.844563 -8.474933 -0.622790
v -6.843974 -8.503681 0.622791
v -6.843974 -8.503681 -0.622790
v -6.843148 -8.531458 0.622791
v -6.843148 -8.531458 -0.622790
v -6.842086 -8.558251 0.622791
v -6.842086 -8.558251 -0.622790
v -6.840789 -8.584052 0.622791
v -6.840789 -8.584052 -0.622790
v -6.839256 -8.608850 0.622791
v -6.839256 -8.608850 -0.622790
v -6.837487 -8.632635 0.622791
v -6.837487 -8.632635 -0.622790
v -6.835482 -8.655398 0.622791
v -6.835482 -8.655398 -0.622790
v -6.833241 -8.677130 0.622791
v -6.833241 -8.677130 -0.622790
v -6.830764 -8.697819 0.622791
v -6.830764 -8.697819 -0.622790
v -6.828051 -8.717457 0.622791
v -6.828051 -8.717457 -0.622790
v -6.757280 -9.204366 0.622791
v -6.757280 -9.204366 -0.622790
v -6.753021 -9.234040 0.622791
v -6.753021 -9.234040 -0.622790
v -6.748695 -9.260826 0.622791
v -6.748695 -9.260826 -0.622790
v -6.744231 -9.284780 0.622791
v -6.744231 -9.284780 -0.622790
v -6.739560 -9.305963 0.622791
v -6.739560 -9.305963 -0.622790
v -6.734614 -9.324431 0.622791
v -6.734614 -9.324431 -0.622790
v -6.729324 -9.340247 0.622791
v -6.729324 -9.340247 -0.622790
v -6.723622 -9.353468 0.622791
v -6.723622 -9.353468 -0.622790
v -6.717437 -9.364152 0.622791
v -6.717437 -9.364152 -0.622790
v -6.710703 -9.372360 0.622791
v -6.710703 -9.372360 -0.622790
v -6.703349 -9.378149 0.622791
v -6.703349 -9.378149 -0.622790
v -6.695307 -9.381579 0.622791
v -6.695307 -9.381579 -0.622790
v -6.686508 -9.382710 0.622791
v -6.686508 -9.382710 -0.622790
v -6.677708 -9.381579 0.622791
v -6.677708 -9.381579 -0.622790
v -6.669666 -9.378149 0.622791
v -6.669666 -9.378149 -0.622790
v -6.662312 -9.372360 0.622791
v -6.662312 -9.372360 -0.622790
v -6.655577 -9.364152 0.622791
v -6.655577 -9.364152 -0.622790
v -6.649393 -9.353468 0.622791
v -6.649393 -9.353468 -0.622790
v -6.643690 -9.340247 0.622791
v -6.643690 -9.340247 -0.622790
v -6.638400 -9.324431 0.622791
v -6.638400 -9.324431 -0.622790
v -6.633454 -9.305963 0.622791
v -6.633454 -9.305963 -0.622790
v -6.628784 -9.284780 0.622791
v -6.628784 -9.284780 -0.622790
v -6.624320 -9.260826 0.622791
v -6.624320 -9.260826 -0.622790
v -6.619994 -9.234040 0.622791
v -6.619994 -9.234040 -0.622790
v -6.615736 -9.204366 0.622791
v -6.615736 -9.204366 -0.622790
v -6.544965 -8.717457 0.622791
v -6.544965 -8.717457 -0.622790
v -6.542251 -8.697819 0.622791
v -6.542251 -8.697819 -0.622790
v -6.539774 -8.677130 0.622791
v -6.539774 -8.677130 -0.622790
v -6.537533 -8.655398 0.622791
v -6.537533 -8.655398 -0.622790
v -6.535528 -8.632635 0.622791
v -6.535528 -8.632635 -0.622790
v -6.533759 -8.608850 0.622791
v -6.533759 -8.608850 -0.622790
v -6.532226 -8.584052 0.622791
v -6.532226 -8.584052 -0.622790
v -6.530928 -8.558251 0.622791
v -6.530928 -8.558251 -0.622790
v -6.529867 -8.531458 0.622791
v -6.529867 -8.531458 -0.622790
v -6.529041 -8.503682 0.622791
v -6.529041 -8.503682 -0.622790
v -6.528451 -8.474933 0.622791
v -6.528451 -8.474933 -0.622790
v -6.528098 -8.445220 0.622791
v -6.528098 -8.445220 -0.622790
v -6.527979 -8.414554 0.622791
v -6.527979 -8.414554 -0.622790
v -6.529044 -8.347437 0.622791
v -6.529044 -8.347437 -0.622790
v -6.532252 -8.286207 0.622791
v -6.532252 -8.286207 -0.622790
v -6.537622 -8.230857 0.622791
v -6.537622 -8.230857 -0.622790
v -6.545175 -8.181374 0.622791
v -6.545175 -8.181374 -0.622790
v -6.554929 -8.137750 0.622791
v -6.554929 -8.137750 -0.622790
v -6.566904 -8.099974 0.622791
v -6.566904 -8.099974 -0.622790
v -6.581121 -8.068036 0.622791
v -6.581121 -8.068036 -0.622790
v -6.597598 -8.041927 0.622791
v -6.597598 -8.041927 -0.622790
v -6.616355 -8.021638 0.622791
v -6.616355 -8.021638 -0.622790
v -6.637414 -8.007157 0.622791
v -6.637414 -8.007157 -0.622790
v -6.660791 -7.998477 0.622791
v -6.660791 -7.998477 -0.622790
v -6.686508 -7.995585 0.622791
v -6.686508 -7.995585 -0.622790
v -6.857632 -9.830307 0.622791
v -6.857632 -9.830307 -0.622790
v -6.853096 -9.852359 0.622791
v -6.853096 -9.852359 -0.622790
v -6.845788 -9.873291 0.622791
v -6.845788 -9.873291 -0.622790
v -6.835914 -9.892896 0.622791
v -6.835914 -9.892896 -0.622790
v -6.823682 -9.910967 0.622791
v -6.823682 -9.910967 -0.622790
v -6.809296 -9.927299 0.622791
v -6.809296 -9.927299 -0.622790
v -6.792965 -9.941684 0.622791
v -6.792965 -9.941684 -0.622790
v -6.774894 -9.953917 0.622791
v -6.774894 -9.953917 -0.622790
v -6.755289 -9.963790 0.622791
v -6.755289 -9.963790 -0.622790
v -6.734357 -9.971098 0.622791
v -6.734357 -9.971098 -0.622790
v -6.712305 -9.975635 0.622791
v -6.712305 -9.975635 -0.622790
v -6.689339 -9.977192 0.622791
v -6.689339 -9.977192 -0.622790
v -6.666371 -9.975635 0.622791
v -6.666371 -9.975635 -0.622790
v -6.644320 -9.971098 0.622791
v -6.644320 -9.971098 -0.622790
v -6.623388 -9.963790 0.622791
v -6.623388 -9.963790 -0.622790
v -6.603783 -9.953917 0.622791
v -6.603783 -9.953917 -0.622790
v -6.585711 -9.941684 0.622791
v -6.585711 -9.941684 -0.622790
v -6.569380 -9.927299 0.622791
v -6.569380 -9.927299 -0.622790
v -6.554995 -9.910967 0.622791
v -6.554995 -9.910967 -0.622790
v -6.542762 -9.892896 0.622791
v -6.542762 -9.892896 -0.622790
v -6.532889 -9.873291 0.622791
v -6.532889 -9.873291 -0.622790
v -6.525581 -9.852359 0.622791
v -6.525581 -9.852359 -0.622790
v -6.521044 -9.830307 0.622791
v -6.521044 -9.830307 -0.622790
v -6.519487 -9.807341 0.622791
v -6.519487 -9.807341 -0.622790
v -6.521045 -9.784374 0.622791
v -6.521045 -9.784374 -0.622790
v -6.525581 -9.762321 0.622791
v -6.525581 -9.762321 -0.622790
v -6.532889 -9.741390 0.622791
v -6.532889 -9.741390 -0.622790
v -6.542763 -9.721786 0.622791
v -6.542763 -9.721786 -0.622790
v -6.554996 -9.703713 0.622791
v -6.554996 -9.703713 -0.622790
v -6.569381 -9.687383 0.622791
v -6.569381 -9.687383 -0.622790
v -6.585712 -9.672997 0.622791
v -6.585712 -9.672997 -0.622790
v -6.603784 -9.660765 0.622791
v -6.603784 -9.660765 -0.622790
v -6.623388 -9.650890 0.622791
v -6.623388 -9.650890 -0.622790
v -6.644320 -9.643582 0.622791
v -6.644320 -9.643582 -0.622790
v -6.666372 -9.639046 0.622791
v -6.666372 -9.639047 -0.622790
v -6.689339 -9.637488 0.622791
v -6.689339 -9.637488 -0.622790
v -6.712306 -9.639047 0.622791
v -6.712306 -9.639047 -0.622790
v -6.734358 -9.643582 0.622791
v -6.734358 -9.643582 -0.622790
v -6.755290 -9.650890 0.622791
v -6.755290 -9.650890 -0.622790
v -6.774895 -9.660765 0.622791
v -6.774895 -9.660765 -0.622790
v -6.792966 -9.672997 0.622791
v -6.792966 -9.672997 -0.622790
v -6.809298 -9.687383 0.622791
v -6.809298 -9.687383 -0.622790
v -6.823683 -9.703713 0.622791
v -6.823683 -9.703714 -0.622790
v -6.835916 -9.721786 0.622791
v -6.835916 -9.721786 -0.622790
v -6.845789 -9.741390 0.622791
v -6.845789 -9.741390 -0.622790
v -6.853097 -9.762321 0.622791
v -6.853097 -9.762321 -0.622790
v -6.857634 -9.784374 0.622791
v -6.857634 -9.784374 -0.622790
v -6.859191 -9.807341 0.622791
v -6.859191 -9.807341 -0.622790
vn -0.0000 -0.0000 -1.0000
vn 0.0001 -0.0000 -1.0000
vn -0.0000 -0.0000 1.0000
vn 0.0001 -0.0000 1.0000
vn 0.7071 -0.7071 -0.0000
vn 0.7071 0.7071 -0.0000
vn -0.0210 0.9998 -0.0000
vn -0.0888 0.9961 -0.0000
vn -0.1884 0.9821 -0.0000
vn -0.3000 0.9539 -0.0000
vn -0.4213 0.9069 -0.0000
vn -0.5473 0.8370 -0.0000
vn -0.6697 0.7426 -0.0000
vn -0.7793 0.6266 -0.0000
vn -0.8682 0.4962 -0.0000
vn -0.9326 0.3609 -0.0000
vn -0.9732 0.2298 -0.0000
vn -0.9940 0.1091 -0.0000
vn -1.0000 -0.0036 -0.0000
vn -0.9927 -0.1202 -0.0000
vn -0.9700 -0.2433 -0.0000
vn -0.9303 -0.3667 -0.0000
vn -0.8733 -0.4872 -0.0000
vn -0.7992 -0.6011 -0.0000
vn -0.7093 -0.7049 -0.0000
vn -0.6058 -0.7956 -0.0000
vn -0.4919 -0.8707 -0.0000
vn -0.3708 -0.9287 -0.0000
vn -0.2463 -0.9692 -0.0000
vn -0.1219 -0.9925 -0.0000
vn -0.0212 -0.9998 -0.0000
vn 0.0355 -0.9994 -0.0000
vn 0.0718 -0.9974 -0.0000
vn 0.1088 -0.9941 -0.0000
vn 0.1457 -0.9893 -0.0000
vn 0.1818 -0.9833 -0.0000
vn 0.2167 -0.9762 -0.0000
vn 0.2499 -0.9683 -0.0000
vn 0.2809 -0.9597 -0.0000
vn 0.3096 -0.9509 -0.0000
vn 0.3358 -0.9419 -0.0000
vn 0.3594 -0.9332 -0.0000
vn -0.5610 -0.8278 -0.0000
vn -0.7071 -0.7071 -0.0000
vn -0.4020 0.9156 -0.0000
vn -0.3696 0.9292 -0.0000
vn -0.3364 0.9417 -0.0000
vn -0.3025 0.9531 -0.0000
vn -0.2678 0.9635 -0.0000
vn -0.2323 0.9726 -0.0000
vn -0.1959 0.9806 -0.0000
vn -0.1587 0.9873 -0.0000
vn -0.1204 0.9927 -0.0000
vn -0.0812 0.9967 -0.0000
vn -0.0410 0.9992 -0.0000
vn 0.0219 0.9998 -0.0000
vn 0.1307 0.9914 -0.0000
vn 0.2623 0.9650 -0.0000
vn 0.3915 0.9202 -0.0000
vn 0.5141 0.8577 -0.0000
vn 0.6269 0.7791 -0.0000
vn 0.7269 0.6867 -0.0000
vn 0.8122 0.5833 -0.0000
vn 0.8817 0.4718 -0.0000
vn 0.9348 0.3552 -0.0000
vn 0.9717 0.2361 -0.0000
vn 0.9931 0.1170 -0.0000
vn 1.0000 0.0062 -0.0000
vn 0.9954 -0.0957 -0.0000
vn 0.9793 -0.2026 -0.0000
vn 0.9471 -0.3209 -0.0000
vn 0.8943 -0.4475 -0.0000
vn 0.8177 -0.5756 -0.0000
vn 0.7175 -0.6965 -0.0000
vn 0.5984 -0.8012 -0.0000
vn 0.4688 -0.8833 -0.0000
vn 0.3381 -0.9411 -0.0000
vn 0.2140 -0.9768 -0.0000
vn 0.1012 -0.9949 -0.0000
vn 0.0240 -0.9997 -0.0000
vn -0.8420 0.5394 -0.0000
vn -0.7071 0.7071 -0.0000
vn 0.4939 0.8695 -0.0000
vn 0.8475 0.5309 -0.0000
vn 0.8215 0.5702 -0.0000
vn 0.7896 0.6136 -0.0000
vn 0.7502 0.6612 -0.0000
vn 0.7015 0.7127 -0.0000
vn 0.6414 0.7672 -0.0000
vn 0.5679 0.8231 -0.0000
vn 0.4795 0.8775 -0.0000
vn 0.3758 0.9267 -0.0000
vn 0.2585 0.9660 -0.0000
vn 0.1314 0.9913 -0.0000
vn 0.0132 0.9999 -0.0000
vn -0.0794 0.9968 -0.0000
vn -0.1584 0.9874 -0.0000
vn -0.2353 0.9719 -0.0000
vn -0.3086 0.9512 -0.0000
vn -0.3767 0.9263 -0.0000
vn -0.4390 0.8985 -0.0000
vn -0.4949 0.8690 -0.0000
vn -0.5444 0.8388 -0.0000
vn -0.5879 0.8089 -0.0000
vn -0.6257 0.7800 -0.0000
vn -0.6585 0.7526 -0.0000
vn -0.9900 0.1414 -0.0000
vn -0.1400 -0.9902 -0.0000
vn 0.6579 -0.7531 -0.0000
vn 0.6218 -0.7832 -0.0000
vn 0.5852 -0.8109 -0.0000
vn 0.5474 -0.8368 -0.0000
vn 0.5077 -0.8615 -0.0000
vn 0.4647 -0.8855 -0.0000
vn 0.4171 -0.9089 -0.0000
vn 0.3627 -0.9319 -0.0000
vn 0.2985 -0.9544 -0.0000
vn 0.2203 -0.9754 -0.0000
vn 0.1219 -0.9925 -0.0000
vn -0.0082 -1.0000 -0.0000
vn -0.1651 -0.9863 -0.0000
vn -0.3230 -0.9464 -0.0000
vn -0.4666 -0.8845 -0.0000
vn -0.5918 -0.8061 -0.0000
vn -0.6975 -0.7166 -0.0000
vn -0.7845 -0.6201 -0.0000
vn -0.8543 -0.5197 -0.0000
vn -0.9089 -0.4171 -0.0000
vn -0.9497 -0.3132 -0.0000
vn -0.9780 -0.2088 -0.0000
vn -0.9946 -0.1042 -0.0000
vn -0.9997 -0.0259 -0.0000
vn -0.5233 -0.8522 -0.0000
vn -0.4869 -0.8735 -0.0000
vn -0.4449 -0.8956 -0.0000
vn -0.3980 -0.9174 -0.0000
vn -0.3470 -0.9379 -0.0000
vn -0.2934 -0.9560 -0.0000
vn -0.2388 -0.9711 -0.0000
vn -0.1848 -0.9828 -0.0000
vn -0.1330 -0.9911 -0.0000
vn -0.0845 -0.9964 -0.0000
vn -0.0403 -0.9992 -0.0000
vn 0.0250 -0.9997 -0.0000
vn 0.1412 -0.9900 -0.0000
vn 0.2852 -0.9585 -0.0000
vn 0.4256 -0.9049 -0.0000
vn 0.5557 -0.8314 -0.0000
vn 0.6701 -0.7422 -0.0000
vn 0.7664 -0.6424 -0.0000
vn 0.8438 -0.5366 -0.0000
vn 0.9036 -0.4283 -0.0000
vn 0.9475 -0.3198 -0.0000
vn 0.9773 -0.2121 -0.0000
vn 0.9944 -0.1055 -0.0000
vn 1.0000 0.0004 -0.0000
vn 0.9940 0.1091 -0.0000
vn 0.9749 0.2227 -0.0000
vn 0.9406 0.3396 -0.0000
vn 0.8894 0.4571 -0.0000
vn 0.8205 0.5717 -0.0000
vn 0.7339 0.6793 -0.0000
vn 0.6309 0.7758 -0.0000
vn 0.5145 0.8575 -0.0000
vn 0.3887 0.9214 -0.0000
vn 0.2581 0.9661 -0.0000
vn 0.1274 0.9919 -0.0000
vn 0.0020 1.0000 -0.0000
vn -0.1222 0.9925 -0.0000
vn -0.2545 0.9671 -0.0000
vn -0.3939 0.9192 -0.0000
vn -0.5325 0.8465 -0.0000
vn -0.6607 0.7506 -0.0000
vn -0.7703 0.6377 -0.0000
vn -0.8564 0.5163 -0.0000
vn -0.9186 0.3951 -0.0000
vn -0.9599 0.2805 -0.0000
vn -0.9844 0.1760 -0.0000
vn -0.9966 0.0830 -0.0000
vn -0.7209 -0.6931 -0.0000
vn -0.7733 -0.6340 -0.0000
vn -0.9706 0.2406 -0.0000
vn -0.9427 0.3338 -0.0000
vn -0.9005 0.4348 -0.0000
vn -0.8413 0.5406 -0.0000
vn -0.7633 0.6461 -0.0000
vn -0.6671 0.7449 -0.0000
vn -0.5566 0.8308 -0.0000
vn -0.4378 0.8991 -0.0000
vn -0.3177 0.9482 -0.0000
vn -0.2026 0.9793 -0.0000
vn -0.0965 0.9953 -0.0000
vn -0.0076 1.0000 -0.0000
vn 0.0612 0.9981 -0.0000
vn 0.1212 0.9926 -0.0000
vn 0.1792 0.9838 -0.0000
vn 0.2344 0.9721 -0.0000
vn 0.2864 0.9581 -0.0000
vn 0.3347 0.9423 -0.0000
vn 0.3793 0.9253 -0.0000
vn 0.4201 0.9075 -0.0000
vn 0.4571 0.8894 -0.0000
vn 0.4904 0.8715 -0.0000
vn 0.5202 0.8540 -0.0000
vn -0.4826 0.8759 -0.0000
vn -0.8775 -0.4796 -0.0000
vn 0.9902 -0.1396 -0.0000
vn 0.9703 -0.2417 -0.0000
vn 0.9367 -0.3501 -0.0000
vn 0.8866 -0.4625 -0.0000
vn 0.8179 -0.5753 -0.0000
vn 0.7300 -0.6835 -0.0000
vn 0.6242 -0.7812 -0.0000
vn 0.5045 -0.8634 -0.0000
vn 0.3763 -0.9265 -0.0000
vn 0.2462 -0.9692 -0.0000
vn 0.1198 -0.9928 -0.0000
vn 0.0038 -1.0000 -0.0000
vn -0.1048 -0.9945 -0.0000
vn -0.2179 -0.9760 -0.0000
vn -0.3375 -0.9413 -0.0000
vn -0.4587 -0.8886 -0.0000
vn -0.5754 -0.8179 -0.0000
vn -0.6814 -0.7319 -0.0000
vn -0.7721 -0.6355 -0.0000
vn -0.8452 -0.5345 -0.0000
vn -0.9009 -0.4341 -0.0000
vn -0.9411 -0.3381 -0.0000
vn -0.9685 -0.2490 -0.0000
vn -0.7766 0.6300 -0.0000
vn 0.7383 0.6744 -0.0000
vn 0.5172 -0.8558 -0.0000
vn 0.4823 -0.8760 -0.0000
vn 0.4458 -0.8951 -0.0000
vn 0.4077 -0.9131 -0.0000
vn 0.3678 -0.9299 -0.0000
vn 0.3257 -0.9455 -0.0000
vn 0.2811 -0.9597 -0.0000
vn 0.2336 -0.9723 -0.0000
vn 0.1825 -0.9832 -0.0000
vn 0.1271 -0.9919 -0.0000
vn 0.0663 -0.9978 -0.0000
vn -0.0027 -1.0000 -0.0000
vn -0.0823 -0.9966 -0.0000
vn -0.1700 -0.9854 -0.0000
vn -0.2641 -0.9645 -0.0000
vn -0.3643 -0.9313 -0.0000
vn -0.4699 -0.8827 -0.0000
vn -0.5787 -0.8155 -0.0000
vn -0.6870 -0.7266 -0.0000
vn -0.7891 -0.6143 -0.0000
vn -0.8777 -0.4793 -0.0000
vn -0.9453 -0.3263 -0.0000
vn -0.9865 -0.1635 -0.0000
vn -0.9998 0.0217 -0.0000
vn -0.9718 0.2356 -0.0000
vn -0.9032 0.4292 -0.0000
vn -0.8221 0.5693 -0.0000
vn -0.7473 0.6645 -0.0000
vn -0.6851 0.7285 -0.0000
vn -0.6358 0.7719 -0.0000
vn -0.5974 0.8019 -0.0000
vn -0.5678 0.8232 -0.0000
vn -0.5449 0.8385 -0.0000
vn -0.5274 0.8496 -0.0000
vn -0.5139 0.8579 -0.0000
vn -0.5350 0.8449 -0.0000
vn -0.5728 0.8197 -0.0000
vn -0.5989 0.8008 -0.0000
vn -0.6320 0.7750 -0.0000
vn -0.6728 0.7399 -0.0000
vn -0.7213 0.6926 -0.0000
vn -0.7764 0.6303 -0.0000
vn -0.8348 0.5505 -0.0000
vn -0.8914 0.4532 -0.0000
vn -0.9398 0.3416 -0.0000
vn -0.9748 0.2232 -0.0000
vn -0.9942 0.1073 -0.0000
vn -1.0000 -0.0079 -0.0000
vn -0.9907 -0.1363 -0.0000
vn -0.9616 -0.2746 -0.0000
vn -0.9120 -0.4102 -0.0000
vn -0.8432 -0.5377 -0.0000
vn -0.7578 -0.6525 -0.0000
vn -0.6598 -0.7515 -0.0000
vn -0.5532 -0.8331 -0.0000
vn -0.4418 -0.8971 -0.0000
vn -0.3287 -0.9444 -0.0000
vn -0.2164 -0.9763 -0.0000
vn -0.1065 -0.9943 -0.0000
vn -0.0175 -0.9998 -0.0000
vn 0.0361 -0.9993 -0.0000
vn 0.0754 -0.9972 -0.0000
vn 0.1179 -0.9930 -0.0000
vn 0.1625 -0.9867 -0.0000
vn 0.2078 -0.9782 -0.0000
vn 0.2527 -0.9676 -0.0000
vn 0.2958 -0.9553 -0.0000
vn 0.3361 -0.9418 -0.0000
vn 0.3728 -0.9279 -0.0000
vn 0.4056 -0.9140 -0.0000
vn 0.4343 -0.9008 -0.0000
vn 0.8508 -0.5256 -0.0000
vn 0.4725 0.8813 -0.0000
vn -0.5388 0.8424 -0.0000
vn -0.5082 0.8612 -0.0000
vn -0.4758 0.8796 -0.0000
vn -0.4410 0.8975 -0.0000
vn -0.4036 0.9149 -0.0000
vn -0.3630 0.9318 -0.0000
vn -0.3185 0.9479 -0.0000
vn -0.2692 0.9631 -0.0000
vn -0.2141 0.9768 -0.0000
vn -0.1518 0.9884 -0.0000
vn -0.0806 0.9968 -0.0000
vn 0.0245 0.9997 -0.0000
vn 0.1289 0.9917 -0.0000
vn 0.2065 0.9784 -0.0000
vn 0.2900 0.9570 -0.0000
vn 0.3801 0.9249 -0.0000
vn 0.4771 0.8788 -0.0000
vn 0.5798 0.8148 -0.0000
vn 0.6850 0.7286 -0.0000
vn 0.7867 0.6173 -0.0000
vn 0.8765 0.4814 -0.0000
vn 0.9453 0.3263 -0.0000
vn 0.9868 0.1622 -0.0000
vn 0.9955 -0.0949 -0.0000
vn 0.8897 -0.4565 -0.0000
vn 0.7052 -0.7090 -0.0000
vn 0.5812 -0.8138 -0.0000
vn 0.5190 -0.8548 -0.0000
vn 0.5003 -0.8659 -0.0000
vn 0.5150 -0.8572 -0.0000
vn 0.5596 -0.8288 -0.0000
vn 0.6341 -0.7732 -0.0000
vn 0.7372 -0.6756 -0.0000
vn 0.8571 -0.5151 -0.0000
vn 0.9598 -0.2808 -0.0000
vn 0.9992 -0.0396 -0.0000
vn 0.9910 0.1338 -0.0000
vn 0.9618 0.2739 -0.0000
vn 0.9096 0.4154 -0.0000
vn 0.8348 0.5506 -0.0000
vn 0.7406 0.6720 -0.0000
vn 0.6329 0.7742 -0.0000
vn 0.5185 0.8551 -0.0000
vn 0.4034 0.9150 -0.0000
vn 0.2921 0.9564 -0.0000
vn 0.1872 0.9823 -0.0000
vn 0.0901 0.9959 -0.0000
vn 0.0098 1.0000 -0.0000
vn -0.0475 0.9989 -0.0000
vn -0.0945 0.9955 -0.0000
vn -0.1405 0.9901 -0.0000
vn -0.1852 0.9827 -0.0000
vn -0.2283 0.9736 -0.0000
vn -0.2694 0.9630 -0.0000
vn -0.3085 0.9512 -0.0000
vn -0.3453 0.9385 -0.0000
vn -0.3797 0.9251 -0.0000
vn -0.4119 0.9112 -0.0000
vn -0.4418 0.8971 -0.0000
vn -0.8533 0.5215 -0.0000
vn -0.4826 -0.8759 -0.0000
vn -0.7891 -0.6142 -0.0000
vn -0.9032 0.4293 -0.0000
vn -0.7472 0.6645 -0.0000
vn 0.7373 -0.6756 -0.0000
vn 0.6329 0.7743 -0.0000
vn 0.6452 -0.7641 -0.0000
vn 0.5982 -0.8014 -0.0000
vn 0.5472 -0.8370 -0.0000
vn 0.4924 -0.8703 -0.0000
vn 0.4344 -0.9007 -0.0000
vn 0.3738 -0.9275 -0.0000
vn 0.3113 -0.9503 -0.0000
vn 0.2478 -0.9688 -0.0000
vn 0.1842 -0.9829 -0.0000
vn 0.1212 -0.9926 -0.0000
vn 0.0598 -0.9982 -0.0000
vn -0.0072 -1.0000 -0.0000
vn -0.0900 -0.9959 -0.0000
vn -0.1842 -0.9829 -0.0000
vn -0.2828 -0.9592 -0.0000
vn -0.3856 -0.9227 -0.0000
vn -0.4915 -0.8709 -0.0000
vn -0.5986 -0.8011 -0.0000
vn -0.7033 -0.7109 -0.0000
vn -0.8007 -0.5990 -0.0000
vn -0.8845 -0.4665 -0.0000
vn -0.9482 -0.3175 -0.0000
vn -0.9872 -0.1593 -0.0000
vn -0.9985 0.0556 -0.0000
vn -0.9314 0.3641 -0.0000
vn -0.7737 0.6335 -0.0000
vn -0.6274 0.7787 -0.0000
vn -0.5367 0.8438 -0.0000
vn -0.5005 0.8657 -0.0000
vn -0.5106 0.8598 -0.0000
vn -0.5617 0.8274 -0.0000
vn -0.6501 0.7599 -0.0000
vn -0.7661 0.6427 -0.0000
vn -0.8854 0.4648 -0.0000
vn -0.9712 0.2381 -0.0000
vn -0.9997 0.0262 -0.0000
vn -0.9918 -0.1282 -0.0000
vn -0.9663 -0.2574 -0.0000
vn -0.9231 -0.3845 -0.0000
vn -0.8626 -0.5058 -0.0000
vn -0.7860 -0.6182 -0.0000
vn -0.6952 -0.7188 -0.0000
vn -0.5927 -0.8055 -0.0000
vn -0.4810 -0.8767 -0.0000
vn -0.3632 -0.9317 -0.0000
vn -0.2420 -0.9703 -0.0000
vn -0.1202 -0.9928 -0.0000
vn -0.0182 -0.9998 -0.0000
vn 0.0471 -0.9989 -0.0000
vn 0.0968 -0.9953 -0.0000
vn 0.1491 -0.9888 -0.0000
vn 0.2033 -0.9791 -0.0000
vn 0.2586 -0.9660 -0.0000
vn 0.3140 -0.9494 -0.0000
vn 0.3686 -0.9296 -0.0000
vn 0.4214 -0.9069 -0.0000
vn 0.4717 -0.8817 -0.0000
vn 0.5189 -0.8549 -0.0000
vn 0.5623 -0.8269 -0.0000
vn 0.8896 -0.4567 -0.0000
vn 0.3393 0.9407 -0.0000
vn -0.7500 0.6614 -0.0000
vn -0.7074 0.7068 -0.0000
vn -0.6596 0.7516 -0.0000
vn -0.6063 0.7953 -0.0000
vn -0.4825 0.8759 -0.0000
vn -0.4122 0.9111 -0.0000
vn -0.3367 0.9416 -0.0000
vn -0.2566 0.9665 -0.0000
vn -0.1730 0.9849 -0.0000
vn -0.0870 0.9962 -0.0000
vn 0.0048 1.0000 -0.0000
vn 0.1096 0.9940 -0.0000
vn 0.2246 0.9744 -0.0000
vn 0.3426 0.9395 -0.0000
vn 0.4598 0.8880 -0.0000
vn 0.5721 0.8202 -0.0000
vn 0.6758 0.7371 -0.0000
vn 0.7680 0.6404 -0.0000
vn 0.8467 0.5321 -0.0000
vn 0.9105 0.4135 -0.0000
vn 0.9584 0.2853 -0.0000
vn 0.9891 0.1473 -0.0000
vn 0.9988 -0.0497 -0.0000
vn 0.9418 -0.3362 -0.0000
vn 0.8047 -0.5937 -0.0000
vn 0.6690 -0.7433 -0.0000
vn 0.5764 -0.8172 -0.0000
vn 0.5308 -0.8475 -0.0000
vn 0.5272 -0.8497 -0.0000
vn 0.5624 -0.8268 -0.0000
vn 0.6354 -0.7722 -0.0000
vn 0.7422 -0.6702 -0.0000
vn 0.8648 -0.5021 -0.0000
vn 0.9638 -0.2666 -0.0000
vn 0.9994 -0.0352 -0.0000
vn 0.9917 0.1285 -0.0000
vn 0.9650 0.2624 -0.0000
vn 0.9175 0.3977 -0.0000
vn 0.8490 0.5283 -0.0000
vn 0.7616 0.6481 -0.0000
vn 0.6592 0.7519 -0.0000
vn 0.5474 0.8369 -0.0000
vn 0.4315 0.9021 -0.0000
vn 0.3162 0.9487 -0.0000
vn 0.2047 0.9788 -0.0000
vn 0.0992 0.9951 -0.0000
vn 0.0112 0.9999 -0.0000
vn -0.0512 0.9987 -0.0000
vn -0.1022 0.9948 -0.0000
vn -0.1527 0.9883 -0.0000
vn -0.2515 0.9679 -0.0000
vn -0.2993 0.9542 -0.0000
vn -0.3458 0.9383 -0.0000
vn -0.3909 0.9204 -0.0000
vn -0.4344 0.9007 -0.0000
vn -0.4763 0.8793 -0.0000
vn -0.5164 0.8564 -0.0000
vn -0.8763 0.4818 -0.0000
vn -0.4078 -0.9131 -0.0000
vn -0.1586 0.9873 -0.0000
vn 0.1306 0.9914 -0.0000
vn 0.5282 -0.8491 -0.0000
vn 0.4975 -0.8675 -0.0000
vn 0.4618 -0.8870 -0.0000
vn 0.4207 -0.9072 -0.0000
vn 0.3743 -0.9273 -0.0000
vn 0.3231 -0.9464 -0.0000
vn 0.2682 -0.9634 -0.0000
vn 0.2111 -0.9775 -0.0000
vn 0.1537 -0.9881 -0.0000
vn 0.0983 -0.9952 -0.0000
vn 0.0469 -0.9989 -0.0000
vn -0.0205 -0.9998 -0.0000
vn -0.1294 -0.9916 -0.0000
vn -0.2622 -0.9650 -0.0000
vn -0.3945 -0.9189 -0.0000
vn -0.5216 -0.8532 -0.0000
vn -0.6383 -0.7698 -0.0000
vn -0.7407 -0.6718 -0.0000
vn -0.8262 -0.5634 -0.0000
vn -0.8935 -0.4490 -0.0000
vn -0.9431 -0.3326 -0.0000
vn -0.9760 -0.2176 -0.0000
vn -0.9943 -0.1064 -0.0000
vn -1.0000 0.0015 -0.0000
vn -0.9935 0.1135 -0.0000
vn -0.9722 0.2343 -0.0000
vn -0.9328 0.3604 -0.0000
vn -0.8733 0.4871 -0.0000
vn -0.7935 0.6086 -0.0000
vn -0.6953 0.7187 -0.0000
vn -0.5833 0.8123 -0.0000
vn -0.4631 0.8863 -0.0000
vn -0.3407 0.9402 -0.0000
vn -0.2208 0.9753 -0.0000
vn -0.1069 0.9943 -0.0000
vn -0.0149 0.9999 -0.0000
vn 0.0441 0.9990 -0.0000
vn 0.0881 0.9961 -0.0000
vn 0.1313 0.9913 -0.0000
vn 0.1730 0.9849 -0.0000
vn 0.2126 0.9771 -0.0000
vn 0.2495 0.9684 -0.0000
vn 0.2835 0.9590 -0.0000
vn 0.3142 0.9493 -0.0000
vn 0.3418 0.9398 -0.0000
vn 0.3661 0.9306 -0.0000
vn 0.3874 0.9219 -0.0000
vn -0.5490 0.8358 -0.0000
vn -0.8350 -0.5502 -0.0000
vn -0.3705 -0.9288 -0.0000
vn -0.3261 -0.9454 -0.0000
vn -0.2883 -0.9575 -0.0000
vn -0.2550 -0.9669 -0.0000
vn -0.2243 -0.9745 -0.0000
vn -0.1952 -0.9808 -0.0000
vn -0.1665 -0.9860 -0.0000
vn -0.1375 -0.9905 -0.0000
vn -0.1072 -0.9942 -0.0000
vn -0.0748 -0.9972 -0.0000
vn -0.0392 -0.9992 -0.0000
vn 0.0189 -0.9998 -0.0000
vn 0.1188 -0.9929 -0.0000
vn 0.2407 -0.9706 -0.0000
vn 0.3636 -0.9316 -0.0000
vn 0.4839 -0.8751 -0.0000
vn 0.5982 -0.8013 -0.0000
vn 0.7027 -0.7115 -0.0000
vn 0.7941 -0.6077 -0.0000
vn 0.8699 -0.4932 -0.0000
vn 0.9284 -0.3715 -0.0000
vn 0.9691 -0.2465 -0.0000
vn 0.9926 -0.1218 -0.0000
vn 1.0000 -0.0053 -0.0000
vn 0.9948 0.1020 -0.0000
vn 0.9775 0.2109 -0.0000
vn 0.9453 0.3262 -0.0000
vn 0.8955 0.4451 -0.0000
vn 0.8261 0.5635 -0.0000
vn 0.7368 0.6761 -0.0000
vn 0.6296 0.7769 -0.0000
vn 0.5085 0.8611 -0.0000
vn 0.2484 0.9687 -0.0000
vn 0.1210 0.9927 -0.0000
vn 0.0196 0.9998 -0.0000
vn -0.0400 0.9992 -0.0000
vn -0.0819 0.9966 -0.0000
vn -0.1252 0.9921 -0.0000
vn -0.1687 0.9857 -0.0000
vn -0.2113 0.9774 -0.0000
vn -0.2517 0.9678 -0.0000
vn -0.2888 0.9574 -0.0000
vn -0.3217 0.9468 -0.0000
vn -0.3499 0.9368 -0.0000
vn -0.3729 0.9279 -0.0000
vn -0.3907 0.9205 -0.0000
vn -0.8361 0.5485 -0.0000
vn -0.4784 -0.8781 -0.0000
vn -0.5395 -0.8420 -0.0000
vn -0.5244 -0.8515 -0.0000
vn -0.5027 -0.8645 -0.0000
vn -0.4729 -0.8811 -0.0000
vn -0.4336 -0.9011 -0.0000
vn -0.3841 -0.9233 -0.0000
vn -0.3247 -0.9458 -0.0000
vn -0.2577 -0.9662 -0.0000
vn -0.1870 -0.9824 -0.0000
vn -0.1177 -0.9930 -0.0000
vn -0.0548 -0.9985 -0.0000
vn 0.0029 -1.0000 -0.0000
vn 0.0670 -0.9978 -0.0000
vn 0.1445 -0.9895 -0.0000
vn 0.2345 -0.9721 -0.0000
vn 0.4464 -0.8948 -0.0000
vn 0.5597 -0.8287 -0.0000
vn 0.6682 -0.7440 -0.0000
vn 0.7643 -0.6449 -0.0000
vn 0.8426 -0.5385 -0.0000
vn 0.9016 -0.4327 -0.0000
vn 0.9428 -0.3334 -0.0000
vn 0.3111 -0.9504 -0.0000
vn -0.5845 -0.8114 -0.0000
vn -0.5440 -0.8391 -0.0000
vn -0.5005 -0.8658 -0.0000
vn -0.4539 -0.8910 -0.0000
vn -0.4045 -0.9146 -0.0000
vn -0.3522 -0.9359 -0.0000
vn -0.2975 -0.9547 -0.0000
vn -0.2406 -0.9706 -0.0000
vn -0.1819 -0.9833 -0.0000
vn -0.0611 -0.9981 -0.0000
vn 0.0176 -0.9998 -0.0000
vn 0.1330 -0.9911 -0.0000
vn 0.2663 -0.9639 -0.0000
vn 0.3956 -0.9184 -0.0000
vn 0.5169 -0.8560 -0.0000
vn 0.6272 -0.7789 -0.0000
vn 0.7244 -0.6893 -0.0000
vn 0.8076 -0.5898 -0.0000
vn 0.8761 -0.4821 -0.0000
vn 0.9298 -0.3680 -0.0000
vn 0.9686 -0.2487 -0.0000
vn 0.9921 -0.1254 -0.0000
vn 1.0000 0.0074 -0.0000
vn 0.9868 0.1617 -0.0000
vn 0.9441 0.3297 -0.0000
vn 0.8721 0.4894 -0.0000
vn 0.7800 0.6258 -0.0000
vn 0.6815 0.7318 -0.0000
vn 0.5887 0.8084 -0.0000
vn 0.5086 0.8610 -0.0000
vn 0.4442 0.8959 -0.0000
vn 0.3959 0.9183 -0.0000
vn 0.3631 0.9318 -0.0000
vn 0.3452 0.9385 -0.0000
vn 0.3370 0.9415 -0.0000
vn 0.8167 0.5770 -0.0000
vn 0.9998 -0.0211 -0.0000
vn 0.9959 -0.0910 -0.0000
vn 0.9803 -0.1975 -0.0000
vn 0.9470 -0.3213 -0.0000
vn 0.8889 -0.4581 -0.0000
vn 0.8017 -0.5978 -0.0000
vn 0.6870 -0.7267 -0.0000
vn 0.5545 -0.8322 -0.0000
vn 0.4179 -0.9085 -0.0000
vn 0.2895 -0.9572 -0.0000
vn 0.1765 -0.9843 -0.0000
vn 0.0809 -0.9967 -0.0000
vn -0.0009 -1.0000 -0.0000
vn -0.0786 -0.9969 -0.0000
vn -0.1570 -0.9876 -0.0000
vn -0.2344 -0.9721 -0.0000
vn -0.3097 -0.9508 -0.0000
vn -0.3821 -0.9241 -0.0000
vn -0.4508 -0.8926 -0.0000
vn -0.5152 -0.8571 -0.0000
vn -0.5750 -0.8182 -0.0000
vn -0.6298 -0.7768 -0.0000
vn -0.6795 -0.7337 -0.0000
vn -0.7243 -0.6895 -0.0000
vn 0.3570 -0.9341 -0.0000
vn 0.9315 0.3638 -0.0000
vn 0.7084 0.7058 -0.0000
vn 0.6504 0.7596 -0.0000
vn 0.5872 0.8094 -0.0000
vn 0.5199 0.8542 -0.0000
vn 0.4500 0.8930 -0.0000
vn 0.3790 0.9254 -0.0000
vn 0.3085 0.9512 -0.0000
vn 0.2398 0.9708 -0.0000
vn 0.1740 0.9847 -0.0000
vn 0.1120 0.9937 -0.0000
vn 0.0541 0.9985 -0.0000
vn -0.0085 1.0000 -0.0000
vn -0.0893 0.9960 -0.0000
vn -0.1859 0.9826 -0.0000
vn -0.2909 0.9568 -0.0000
vn -0.4034 0.9150 -0.0000
vn -0.5207 0.8538 -0.0000
vn -0.6378 0.7702 -0.0000
vn -0.7476 0.6642 -0.0000
vn -0.8423 0.5390 -0.0000
vn -0.9158 0.4017 -0.0000
vn -0.9653 0.2612 -0.0000
vn -0.9921 0.1258 -0.0000
vn -0.9995 0.0301 -0.0000
vn -0.9999 0.0155 -0.0000
vn -0.9978 0.0670 -0.0000
vn -0.9891 0.1470 -0.0000
vn -0.9698 0.2438 -0.0000
vn -0.9337 0.3582 -0.0000
vn -0.8733 0.4872 -0.0000
vn -0.7825 0.6226 -0.0000
vn -0.6612 0.7502 -0.0000
vn -0.5179 0.8555 -0.0000
vn -0.3681 0.9298 -0.0000
vn -0.2272 0.9738 -0.0000
vn -0.1045 0.9945 -0.0000
vn 0.0139 0.9999 -0.0000
vn 0.1353 0.9908 -0.0000
vn 0.2368 0.9716 -0.0000
vn 0.3115 0.9502 -0.0000
vn 0.3689 0.9295 -0.0000
vn 0.4145 0.9101 -0.0000
vn 0.4521 0.8920 -0.0000
vn 0.4840 0.8751 -0.0000
vn 0.5119 0.8591 -0.0000
vn 0.5367 0.8438 -0.0000
vn 0.5593 0.8290 -0.0000
vn 0.5802 0.8145 -0.0000
vn -0.4526 0.8917 -0.0000
vn -0.8791 -0.4767 -0.0000
vn -0.3352 -0.9422 -0.0000
vn -0.3536 -0.9354 -0.0000
vn -0.3812 -0.9245 -0.0000
vn -0.4196 -0.9077 -0.0000
vn -0.4705 -0.8824 -0.0000
vn -0.5358 -0.8443 -0.0000
vn -0.6169 -0.7870 -0.0000
vn -0.7126 -0.7016 -0.0000
vn -0.8158 -0.5784 -0.0000
vn -0.9110 -0.4124 -0.0000
vn -0.9772 -0.2122 -0.0000
vn -0.9998 -0.0220 -0.0000
vn -0.9922 0.1244 -0.0000
vn -0.9680 0.2510 -0.0000
vn -0.9262 0.3771 -0.0000
vn -0.8667 0.4988 -0.0000
vn -0.7905 0.6125 -0.0000
vn -0.6993 0.7148 -0.0000
vn -0.5957 0.8032 -0.0000
vn -0.4827 0.8758 -0.0000
vn -0.3635 0.9316 -0.0000
vn -0.2415 0.9704 -0.0000
vn -0.1196 0.9928 -0.0000
vn -0.0087 1.0000 -0.0000
vn 0.0825 0.9966 -0.0000
vn 0.1630 0.9866 -0.0000
vn 0.2399 0.9708 -0.0000
vn 0.3121 0.9501 -0.0000
vn 0.3788 0.9255 -0.0000
vn 0.4397 0.8981 -0.0000
vn 0.4947 0.8691 -0.0000
vn 0.5439 0.8391 -0.0000
vn 0.5878 0.8090 -0.0000
vn 0.6267 0.7793 -0.0000
vn 0.6611 0.7503 -0.0000
vn 0.9157 0.4018 -0.0000
vn 0.5796 -0.8149 -0.0000
vn 0.5044 -0.8634 -0.0000
vn -0.7721 -0.6356 -0.0000
vn -0.2316 0.9728 -0.0000
vn -0.4609 0.8875 -0.0000
vn -0.6545 0.7561 -0.0000
vn -0.7933 0.6088 -0.0000
vn -0.8819 0.4714 -0.0000
vn -0.9349 0.3550 -0.0000
vn -0.9655 0.2604 -0.0000
vn -0.9828 0.1847 -0.0000
vn -0.9923 0.1238 -0.0000
vn -0.9972 0.0745 -0.0000
vn -0.9994 0.0341 -0.0000
vn -1.0000 0.0060 -0.0000
vn -0.9999 -0.0162 -0.0000
vn -0.9997 -0.0251 -0.0000
vn -0.9994 -0.0347 -0.0000
vn -0.9990 -0.0449 -0.0000
vn -0.9984 -0.0560 -0.0000
vn -0.9977 -0.0679 -0.0000
vn -0.9967 -0.0810 -0.0000
vn -0.9955 -0.0952 -0.0000
vn -0.9938 -0.1107 -0.0000
vn -0.9918 -0.1279 -0.0000
vn -0.9901 -0.1403 -0.0000
vn -0.9897 -0.1429 -0.0000
vn -0.9886 -0.1508 -0.0000
vn -0.9852 -0.1713 -0.0000
vn -0.9799 -0.1993 -0.0000
vn -0.9715 -0.2371 -0.0000
vn -0.9576 -0.2881 -0.0000
vn -0.9341 -0.3569 -0.0000
vn -0.8934 -0.4493 -0.0000
vn -0.8220 -0.5695 -0.0000
vn -0.6999 -0.7142 -0.0000
vn -0.5099 -0.8602 -0.0000
vn -0.2624 -0.9650 -0.0000
vn -0.0000 -1.0000 -0.0000
vn 0.2624 -0.9650 -0.0000
vn 0.5099 -0.8602 -0.0000
vn 0.6999 -0.7142 -0.0000
vn 0.8220 -0.5695 -0.0000
vn 0.8934 -0.4493 -0.0000
vn 0.9341 -0.3569 -0.0000
vn 0.9576 -0.2881 -0.0000
vn 0.9715 -0.2371 -0.0000
vn 0.9799 -0.1993 -0.0000
vn 0.9852 -0.1714 -0.0000
vn 0.9886 -0.1507 -0.0000
vn 0.9897 -0.1429 -0.0000
vn 0.9901 -0.1404 -0.0000
vn 0.9918 -0.1279 -0.0000
vn 0.9939 -0.1107 -0.0000
vn 0.9955 -0.0952 -0.0000
vn 0.9967 -0.0810 -0.0000
vn 0.9977 -0.0679 -0.0000
vn 0.9984 -0.0560 -0.0000
vn 0.9990 -0.0449 -0.0000
vn 0.9994 -0.0347 -0.0000
vn 0.9997 -0.0251 -0.0000
vn 0.9999 -0.0162 -0.0000
vn 1.0000 -0.0079 -0.0000
vn 1.0000 0.0060 -0.0000
vn 0.9994 0.0341 -0.0000
vn 0.9972 0.0745 -0.0000
vn 0.9923 0.1238 -0.0000
vn 0.9828 0.1847 -0.0000
vn 0.9655 0.2604 -0.0000
vn 0.9349 0.3550 -0.0000
vn 0.8819 0.4714 -0.0000
vn 0.7933 0.6088 -0.0000
vn 0.6545 0.7561 -0.0000
vn 0.4609 0.8875 -0.0000
vn 0.2316 0.9728 -0.0000
vn -0.0000 1.0000 -0.0000
vn -0.9909 -0.1349 -0.0000
vn -0.9639 -0.2661 -0.0000
vn -0.9206 -0.3905 -0.0000
vn -0.8624 -0.5062 -0.0000
vn -0.7909 -0.6120 -0.0000
vn -0.6120 -0.7908 -0.0000
vn -0.5062 -0.8624 -0.0000
vn -0.3906 -0.9206 -0.0000
vn -0.2662 -0.9639 -0.0000
vn -0.1349 -0.9909 -0.0000
vn 0.1349 -0.9909 -0.0000
vn 0.2661 -0.9639 -0.0000
vn 0.3906 -0.9206 -0.0000
vn 0.5062 -0.8624 -0.0000
vn 0.6120 -0.7909 -0.0000
vn 0.7909 -0.6120 -0.0000
vn 0.8624 -0.5062 -0.0000
vn 0.9206 -0.3905 -0.0000
vn 0.9639 -0.2661 -0.0000
vn 0.9909 -0.1349 -0.0000
vn 1.0000 -0.0000 -0.0000
vn 0.9909 0.1349 -0.0000
vn 0.9639 0.2661 -0.0000
vn 0.9206 0.3905 -0.0000
vn 0.8624 0.5062 -0.0000
vn 0.7909 0.6120 -0.0000
vn 0.6120 0.7908 -0.0000
vn 0.5062 0.8624 -0.0000
vn 0.3906 0.9206 -0.0000
vn 0.2661 0.9639 -0.0000
vn 0.1349 0.9909 -0.0000
vn -0.1349 0.9909 -0.0000
vn -0.2662 0.9639 -0.0000
vn -0.3906 0.9206 -0.0000
vn -0.5062 0.8624 -0.0000
vn -0.6120 0.7908 -0.0000
vn -0.7909 0.6120 -0.0000
vn -0.8624 0.5062 -0.0000
vn -0.9206 0.3906 -0.0000
vn -0.9639 0.2661 -0.0000
vn -0.9909 0.1349 -0.0000
vn -1.0000 -0.0000 -0.0000
vt 0.793388 0.000000
vt 0.785124 0.000000
vt 0.776860 0.000000
vt 0.801653 0.000000
vt 0.834711 0.000000
vt 0.768595 0.000000
vt 0.760331 0.000000
vt 0.842975 0.000000
vt 0.826446 0.000000
vt 0.809917 0.000000
vt 0.818182 0.000000
vt 0.314050 0.000000
vt 0.305785 0.000000
vt 0.297521 0.000000
vt 0.719008 0.000000
vt 0.710744 0.000000
vt 0.727273 0.000000
vt 0.892562 0.000000
vt 0.884298 0.000000
vt 0.876033 0.000000
vt 0.603306 0.000000
vt 0.595041 0.000000
vt 0.578512 0.000000
vt 0.586777 0.000000
vt 0.752066 0.000000
vt 0.851240 0.000000
vt 0.694215 0.000000
vt 0.685950 0.000000
vt 0.677686 0.000000
vt 0.702479 0.000000
vt 0.669421 0.000000
vt 0.933884 0.000000
vt 0.925620 0.000000
vt 0.900826 0.000000
vt 0.909091 0.000000
vt 0.917355 0.000000
vt 0.008264 0.000000
vt 0.000000 0.000000
vt 0.016529 0.000000
vt 0.950413 0.000000
vt 0.652893 0.000000
vt 0.644628 0.000000
vt 0.958678 0.000000
vt 0.636364 0.000000
vt 0.966942 0.000000
vt 0.628099 0.000000
vt 0.619835 0.000000
vt 0.611570 0.000000
vt 1.000000 0.000000
vt 0.991736 0.000000
vt 0.975207 0.000000
vt 0.983471 0.000000
vt 0.735537 0.000000
vt 0.661157 0.000000
vt 0.743802 0.000000
vt 0.942149 0.000000
vt 0.859504 0.000000
vt 0.867769 0.000000
vt 0.289256 0.000000
vt 0.280992 0.000000
vt 0.322314 0.000000
vt 0.272727 0.000000
vt 0.330579 0.000000
vt 0.264463 0.000000
vt 0.338843 0.000000
vt 0.256198 0.000000
vt 0.347107 0.000000
vt 0.247934 0.000000
vt 0.355372 0.000000
vt 0.239669 0.000000
vt 0.363636 0.000000
vt 0.231405 0.000000
vt 0.371901 0.000000
vt 0.223140 0.000000
vt 0.380165 0.000000
vt 0.214876 0.000000
vt 0.388430 0.000000
vt 0.206612 0.000000
vt 0.396694 0.000000
vt 0.198347 0.000000
vt 0.404959 0.000000
vt 0.190083 0.000000
vt 0.181818 0.000000
vt 0.413223 0.000000
vt 0.421488 0.000000
vt 0.173554 0.000000
vt 0.429752 0.000000
vt 0.165289 0.000000
vt 0.438017 0.000000
vt 0.157025 0.000000
vt 0.446281 0.000000
vt 0.148760 0.000000
vt 0.454545 0.000000
vt 0.140496 0.000000
vt 0.462810 0.000000
vt 0.132231 0.000000
vt 0.471074 0.000000
vt 0.123967 0.000000
vt 0.479339 0.000000
vt 0.115702 0.000000
vt 0.487603 0.000000
vt 0.107438 0.000000
vt 0.495868 0.000000
vt 0.099174 0.000000
vt 0.504132 0.000000
vt 0.090909 0.000000
vt 0.082645 0.000000
vt 0.512397 0.000000
vt 0.074380 0.000000
vt 0.520661 0.000000
vt 0.066116 0.000000
vt 0.528926 0.000000
vt 0.057851 0.000000
vt 0.537190 0.000000
vt 0.049587 0.000000
vt 0.545455 0.000000
vt 0.041322 0.000000
vt 0.553719 0.000000
vt 0.033058 0.000000
vt 0.561983 0.000000
vt 0.024793 0.000000
vt 0.570248 0.000000
vt 0.214286 0.000000
vt 0.204082 0.000000
vt 0.510204 0.000000
vt 0.500000 0.000000
vt 0.224490 0.000000
vt 0.489796 0.000000
vt 0.234694 0.000000
vt 0.989796 0.000000
vt 0.244898 0.000000
vt 0.255102 0.000000
vt 0.979592 0.000000
vt 0.265306 0.000000
vt 0.969388 0.000000
vt 0.275510 0.000000
vt 0.959184 0.000000
vt 0.285714 0.000000
vt 0.581633 0.000000
vt 0.122449 0.000000
vt 0.591837 0.000000
vt 0.867347 0.000000
vt 0.357143 0.000000
vt 0.877551 0.000000
vt 0.132653 0.000000
vt 0.571429 0.000000
vt 0.346939 0.000000
vt 0.887755 0.000000
vt 0.142857 0.000000
vt 0.561224 0.000000
vt 0.908163 0.000000
vt 0.897959 0.000000
vt 0.326531 0.000000
vt 0.336735 0.000000
vt 0.153061 0.000000
vt 0.551020 0.000000
vt 0.163265 0.000000
vt 0.540816 0.000000
vt 0.173469 0.000000
vt 0.183673 0.000000
vt 0.530612 0.000000
vt 0.193878 0.000000
vt 0.520408 0.000000
vt 0.948980 0.000000
vt 0.295918 0.000000
vt 0.938776 0.000000
vt 0.306122 0.000000
vt 0.928571 0.000000
vt 0.918367 0.000000
vt 0.316327 0.000000
vt 0.602041 0.000000
vt 0.102041 0.000000
vt 0.612245 0.000000
vt 0.846939 0.000000
vt 0.367347 0.000000
vt 0.857143 0.000000
vt 0.091837 0.000000
vt 0.622449 0.000000
vt 0.836735 0.000000
vt 0.377551 0.000000
vt 0.642857 0.000000
vt 0.071429 0.000000
vt 0.061224 0.000000
vt 0.653061 0.000000
vt 0.081633 0.000000
vt 0.632653 0.000000
vt 0.826531 0.000000
vt 0.387755 0.000000
vt 0.030612 0.000000
vt 0.020408 0.000000
vt 0.673469 0.000000
vt 0.683673 0.000000
vt 0.724490 0.000000
vt 0.744898 0.000000
vt 0.734694 0.000000
vt 0.704082 0.000000
vt 0.714286 0.000000
vt 0.010204 0.000000
vt 0.693878 0.000000
vt 0.479592 0.000000
vt 0.469388 0.000000
vt 0.459184 0.000000
vt 0.755102 0.000000
vt 0.448980 0.000000
vt 0.051020 0.000000
vt 0.040816 0.000000
vt 0.663265 0.000000
vt 0.765306 0.000000
vt 0.775510 0.000000
vt 0.438776 0.000000
vt 0.785714 0.000000
vt 0.428571 0.000000
vt 0.795918 0.000000
vt 0.418367 0.000000
vt 0.806122 0.000000
vt 0.408163 0.000000
vt 0.816327 0.000000
vt 0.397959 0.000000
vt 0.112245 0.000000
vt 0.497110 0.000000
vt 0.491329 0.000000
vt 0.485549 0.000000
vt 0.479769 0.000000
vt 0.473988 0.000000
vt 0.520231 0.000000
vt 0.456647 0.000000
vt 0.450867 0.000000
vt 0.526012 0.000000
vt 0.254335 0.000000
vt 0.248555 0.000000
vt 0.872832 0.000000
vt 0.260116 0.000000
vt 0.867052 0.000000
vt 0.265896 0.000000
vt 0.861272 0.000000
vt 0.271676 0.000000
vt 0.277457 0.000000
vt 0.855491 0.000000
vt 0.283237 0.000000
vt 0.849711 0.000000
vt 0.289017 0.000000
vt 0.294798 0.000000
vt 0.843931 0.000000
vt 0.300578 0.000000
vt 0.306358 0.000000
vt 0.468208 0.000000
vt 0.462428 0.000000
vt 0.502890 0.000000
vt 0.508671 0.000000
vt 0.514451 0.000000
vt 0.190751 0.000000
vt 0.913295 0.000000
vt 0.196532 0.000000
vt 0.907514 0.000000
vt 0.202312 0.000000
vt 0.901734 0.000000
vt 0.826590 0.000000
vt 0.820809 0.000000
vt 0.323699 0.000000
vt 0.329480 0.000000
vt 0.433526 0.000000
vt 0.554913 0.000000
vt 0.549133 0.000000
vt 0.919075 0.000000
vt 0.184971 0.000000
vt 0.179191 0.000000
vt 0.924855 0.000000
vt 0.560694 0.000000
vt 0.427746 0.000000
vt 0.421965 0.000000
vt 0.566474 0.000000
vt 0.410405 0.000000
vt 0.572254 0.000000
vt 0.416185 0.000000
vt 0.173410 0.000000
vt 0.167630 0.000000
vt 0.930636 0.000000
vt 0.161850 0.000000
vt 0.936416 0.000000
vt 0.809249 0.000000
vt 0.803468 0.000000
vt 0.341040 0.000000
vt 0.815029 0.000000
vt 0.335260 0.000000
vt 0.208092 0.000000
vt 0.895954 0.000000
vt 0.213873 0.000000
vt 0.219653 0.000000
vt 0.890173 0.000000
vt 0.225434 0.000000
vt 0.884393 0.000000
vt 0.231214 0.000000
vt 0.236994 0.000000
vt 0.878613 0.000000
vt 0.242775 0.000000
vt 0.838150 0.000000
vt 0.312139 0.000000
vt 0.832370 0.000000
vt 0.317919 0.000000
vt 0.445087 0.000000
vt 0.531792 0.000000
vt 0.537572 0.000000
vt 0.439306 0.000000
vt 0.543353 0.000000
vt 0.953757 0.000000
vt 0.150289 0.000000
vt 0.144509 0.000000
vt 0.959538 0.000000
vt 0.138728 0.000000
vt 0.965318 0.000000
vt 0.404624 0.000000
vt 0.398844 0.000000
vt 0.583815 0.000000
vt 0.578035 0.000000
vt 0.104046 0.000000
vt 0.098266 0.000000
vt 0.109827 0.000000
vt 0.132948 0.000000
vt 0.971098 0.000000
vt 0.976879 0.000000
vt 0.982659 0.000000
vt 0.988439 0.000000
vt 0.994220 0.000000
vt 0.346821 0.000000
vt 0.791907 0.000000
vt 0.387283 0.000000
vt 0.381503 0.000000
vt 0.606936 0.000000
vt 0.601156 0.000000
vt 0.595376 0.000000
vt 0.393064 0.000000
vt 0.589595 0.000000
vt 0.034682 0.000000
vt 0.693642 0.000000
vt 0.040462 0.000000
vt 0.687861 0.000000
vt 0.046243 0.000000
vt 0.052023 0.000000
vt 0.057803 0.000000
vt 0.682081 0.000000
vt 0.063584 0.000000
vt 0.676301 0.000000
vt 0.069364 0.000000
vt 0.699422 0.000000
vt 0.028902 0.000000
vt 0.023121 0.000000
vt 0.705202 0.000000
vt 0.017341 0.000000
vt 0.710983 0.000000
vt 0.716763 0.000000
vt 0.774566 0.000000
vt 0.786127 0.000000
vt 0.780347 0.000000
vt 0.768786 0.000000
vt 0.763006 0.000000
vt 0.745665 0.000000
vt 0.751445 0.000000
vt 0.757225 0.000000
vt 0.011561 0.000000
vt 0.722543 0.000000
vt 0.005780 0.000000
vt 0.728324 0.000000
vt 0.734104 0.000000
vt 0.739884 0.000000
vt 0.075145 0.000000
vt 0.670520 0.000000
vt 0.080925 0.000000
vt 0.086705 0.000000
vt 0.092486 0.000000
vt 0.115607 0.000000
vt 0.121387 0.000000
vt 0.664740 0.000000
vt 0.127168 0.000000
vt 0.658960 0.000000
vt 0.653179 0.000000
vt 0.647399 0.000000
vt 0.641618 0.000000
vt 0.635838 0.000000
vt 0.352601 0.000000
vt 0.358382 0.000000
vt 0.630058 0.000000
vt 0.364162 0.000000
vt 0.624277 0.000000
vt 0.369942 0.000000
vt 0.618497 0.000000
vt 0.375723 0.000000
vt 0.612717 0.000000
vt 0.156069 0.000000
vt 0.942197 0.000000
vt 0.947977 0.000000
vt 0.797688 0.000000
vt 0.721649 0.000000
vt 0.711340 0.000000
vt 0.268041 0.000000
vt 0.257732 0.000000
vt 0.731959 0.000000
vt 0.247423 0.000000
vt 0.742268 0.000000
vt 0.237113 0.000000
vt 0.752577 0.000000
vt 0.226804 0.000000
vt 0.762887 0.000000
vt 0.216495 0.000000
vt 0.773196 0.000000
vt 0.206186 0.000000
vt 0.195876 0.000000
vt 0.783505 0.000000
vt 0.793814 0.000000
vt 0.618557 0.000000
vt 0.350515 0.000000
vt 0.628866 0.000000
vt 0.340206 0.000000
vt 0.113402 0.000000
vt 0.865979 0.000000
vt 0.123711 0.000000
vt 0.639175 0.000000
vt 0.329897 0.000000
vt 0.855670 0.000000
vt 0.134021 0.000000
vt 0.649485 0.000000
vt 0.319588 0.000000
vt 0.659794 0.000000
vt 0.309278 0.000000
vt 0.835052 0.000000
vt 0.154639 0.000000
vt 0.144330 0.000000
vt 0.845361 0.000000
vt 0.670103 0.000000
vt 0.298969 0.000000
vt 0.680412 0.000000
vt 0.288660 0.000000
vt 0.690722 0.000000
vt 0.278351 0.000000
vt 0.701031 0.000000
vt 0.185567 0.000000
vt 0.804124 0.000000
vt 0.175258 0.000000
vt 0.814433 0.000000
vt 0.164948 0.000000
vt 0.824742 0.000000
vt 0.092784 0.000000
vt 0.886598 0.000000
vt 0.103093 0.000000
vt 0.876289 0.000000
vt 0.371134 0.000000
vt 0.597938 0.000000
vt 0.587629 0.000000
vt 0.381443 0.000000
vt 0.360825 0.000000
vt 0.608247 0.000000
vt 0.082474 0.000000
vt 0.896907 0.000000
vt 0.391753 0.000000
vt 0.577320 0.000000
vt 0.567010 0.000000
vt 0.402062 0.000000
vt 0.072165 0.000000
vt 0.061856 0.000000
vt 0.927835 0.000000
vt 0.917526 0.000000
vt 0.907216 0.000000
vt 0.546392 0.000000
vt 0.536082 0.000000
vt 0.422680 0.000000
vt 0.432990 0.000000
vt 0.494845 0.000000
vt 0.484536 0.000000
vt 0.474227 0.000000
vt 0.505155 0.000000
vt 0.453608 0.000000
vt 0.463918 0.000000
vt 0.989691 0.000000
vt 0.525773 0.000000
vt 0.443299 0.000000
vt 0.515464 0.000000
vt 0.010309 0.000000
vt 0.020619 0.000000
vt 0.979381 0.000000
vt 0.030928 0.000000
vt 0.969072 0.000000
vt 0.556701 0.000000
vt 0.412371 0.000000
vt 0.041237 0.000000
vt 0.958763 0.000000
vt 0.051546 0.000000
vt 0.948454 0.000000
vt 0.938144 0.000000
vt 0.506494 0.000000
vt 0.493506 0.000000
vt 0.532468 0.000000
vt 0.519481 0.000000
vt 0.012987 0.000000
vt 0.987013 0.000000
vt 0.441558 0.000000
vt 0.597403 0.000000
vt 0.584416 0.000000
vt 0.467532 0.000000
vt 0.480519 0.000000
vt 0.558442 0.000000
vt 0.649351 0.000000
vt 0.376623 0.000000
vt 0.389610 0.000000
vt 0.402597 0.000000
vt 0.623377 0.000000
vt 0.662338 0.000000
vt 0.350649 0.000000
vt 0.337662 0.000000
vt 0.675325 0.000000
vt 0.324675 0.000000
vt 0.688312 0.000000
vt 0.948052 0.000000
vt 0.051948 0.000000
vt 0.961039 0.000000
vt 0.038961 0.000000
vt 0.974026 0.000000
vt 0.025974 0.000000
vt 0.415584 0.000000
vt 0.610390 0.000000
vt 0.701299 0.000000
vt 0.311688 0.000000
vt 0.298701 0.000000
vt 0.922078 0.000000
vt 0.064935 0.000000
vt 0.935065 0.000000
vt 0.077922 0.000000
vt 0.207792 0.000000
vt 0.194805 0.000000
vt 0.792208 0.000000
vt 0.805195 0.000000
vt 0.831169 0.000000
vt 0.168831 0.000000
vt 0.844156 0.000000
vt 0.155844 0.000000
vt 0.740260 0.000000
vt 0.259740 0.000000
vt 0.753247 0.000000
vt 0.246753 0.000000
vt 0.766234 0.000000
vt 0.233766 0.000000
vt 0.220779 0.000000
vt 0.779221 0.000000
vt 0.870130 0.000000
vt 0.129870 0.000000
vt 0.883117 0.000000
vt 0.116883 0.000000
vt 0.103896 0.000000
vt 0.896104 0.000000
vt 0.556391 0.000000
vt 0.548872 0.000000
vt 0.533835 0.000000
vt 0.541353 0.000000
vt 0.488722 0.000000
vt 0.593985 0.000000
vt 0.496241 0.000000
vt 0.586466 0.000000
vt 0.503759 0.000000
vt 0.511278 0.000000
vt 0.578947 0.000000
vt 0.518797 0.000000
vt 0.526316 0.000000
vt 0.563910 0.000000
vt 0.819549 0.000000
vt 0.812030 0.000000
vt 0.172932 0.000000
vt 0.165414 0.000000
vt 0.827068 0.000000
vt 0.082707 0.000000
vt 0.902256 0.000000
vt 0.090226 0.000000
vt 0.624060 0.000000
vt 0.451128 0.000000
vt 0.631579 0.000000
vt 0.458647 0.000000
vt 0.616541 0.000000
vt 0.097744 0.000000
vt 0.894737 0.000000
vt 0.466165 0.000000
vt 0.473684 0.000000
vt 0.609023 0.000000
vt 0.240602 0.000000
vt 0.233083 0.000000
vt 0.766917 0.000000
vt 0.112782 0.000000
vt 0.105263 0.000000
vt 0.887218 0.000000
vt 0.481203 0.000000
vt 0.601504 0.000000
vt 0.774436 0.000000
vt 0.225564 0.000000
vt 0.218045 0.000000
vt 0.781955 0.000000
vt 0.210526 0.000000
vt 0.789474 0.000000
vt 0.203008 0.000000
vt 0.195489 0.000000
vt 0.796992 0.000000
vt 0.187970 0.000000
vt 0.804511 0.000000
vt 0.180451 0.000000
vt 0.157895 0.000000
vt 0.834586 0.000000
vt 0.150376 0.000000
vt 0.842105 0.000000
vt 0.849624 0.000000
vt 0.135338 0.000000
vt 0.864662 0.000000
vt 0.127820 0.000000
vt 0.872180 0.000000
vt 0.120301 0.000000
vt 0.879699 0.000000
vt 0.639098 0.000000
vt 0.443609 0.000000
vt 0.436090 0.000000
vt 0.646617 0.000000
vt 0.654135 0.000000
vt 0.060150 0.000000
vt 0.924812 0.000000
vt 0.067669 0.000000
vt 0.917293 0.000000
vt 0.075188 0.000000
vt 0.909774 0.000000
vt 0.661654 0.000000
vt 0.255639 0.000000
vt 0.751880 0.000000
vt 0.263158 0.000000
vt 0.052632 0.000000
vt 0.939850 0.000000
vt 0.932331 0.000000
vt 0.030075 0.000000
vt 0.022556 0.000000
vt 0.977444 0.000000
vt 0.969925 0.000000
vt 0.992481 0.000000
vt 0.007519 0.000000
vt 0.015038 0.000000
vt 0.984962 0.000000
vt 0.421053 0.000000
vt 0.669173 0.000000
vt 0.413534 0.000000
vt 0.676692 0.000000
vt 0.406015 0.000000
vt 0.684211 0.000000
vt 0.398496 0.000000
vt 0.691729 0.000000
vt 0.390977 0.000000
vt 0.699248 0.000000
vt 0.383459 0.000000
vt 0.375940 0.000000
vt 0.706767 0.000000
vt 0.368421 0.000000
vt 0.360902 0.000000
vt 0.721804 0.000000
vt 0.353383 0.000000
vt 0.345865 0.000000
vt 0.338346 0.000000
vt 0.330827 0.000000
vt 0.729323 0.000000
vt 0.323308 0.000000
vt 0.315789 0.000000
vt 0.308271 0.000000
vt 0.300752 0.000000
vt 0.293233 0.000000
vt 0.736842 0.000000
vt 0.278196 0.000000
vt 0.744361 0.000000
vt 0.270677 0.000000
vt 0.037594 0.000000
vt 0.962406 0.000000
vt 0.954887 0.000000
vt 0.045113 0.000000
vt 0.947368 0.000000
vt 0.759399 0.000000
vt 0.248120 0.000000
vt 0.962963 0.000000
vt 0.944444 0.000000
vt 0.925926 0.000000
vt 0.981481 0.000000
vt 0.907407 0.000000
vt 0.888889 0.000000
vt 0.870370 0.000000
vt 0.851852 0.000000
vt 0.833333 0.000000
vt 0.018519 0.000000
vt 0.796296 0.000000
vt 0.777778 0.000000
vt 0.055556 0.000000
vt 0.074074 0.000000
vt 0.148148 0.000000
vt 0.129630 0.000000
vt 0.722222 0.000000
vt 0.759259 0.000000
vt 0.092593 0.000000
vt 0.740741 0.000000
vt 0.111111 0.000000
vt 0.814815 0.000000
vt 0.037037 0.000000
vt 0.222222 0.000000
vt 0.666667 0.000000
vt 0.240741 0.000000
vt 0.685185 0.000000
vt 0.203704 0.000000
vt 0.629630 0.000000
vt 0.296296 0.000000
vt 0.648148 0.000000
vt 0.277778 0.000000
vt 0.259259 0.000000
vt 0.481481 0.000000
vt 0.462963 0.000000
vt 0.518519 0.000000
vt 0.444444 0.000000
vt 0.537037 0.000000
vt 0.425926 0.000000
vt 0.555556 0.000000
vt 0.407407 0.000000
vt 0.574074 0.000000
vt 0.388889 0.000000
vt 0.370370 0.000000
vt 0.592593 0.000000
vt 0.351852 0.000000
vt 0.611111 0.000000
vt 0.333333 0.000000
vt 0.314815 0.000000
vt 0.703704 0.000000
vt 0.166667 0.000000
vt 0.185185 0.000000
vt 0.000000 1.000000
vt 0.025000 1.000000
vt 0.025000 0.000000
vt 0.050000 1.000000
vt 0.050000 0.000000
vt 0.075000 1.000000
vt 0.075000 0.000000
vt 0.100000 1.000000
vt 0.100000 0.000000
vt 0.125000 1.000000
vt 0.125000 0.000000
vt 0.150000 1.000000
vt 0.150000 0.000000
vt 0.175000 1.000000
vt 0.175000 0.000000
vt 0.200000 1.000000
vt 0.200000 0.000000
vt 0.225000 1.000000
vt 0.225000 0.000000
vt 0.250000 1.000000
vt 0.250000 0.000000
vt 0.275000 1.000000
vt 0.275000 0.000000
vt 0.300000 1.000000
vt 0.300000 0.000000
vt 0.325000 1.000000
vt 0.325000 0.000000
vt 0.350000 1.000000
vt 0.350000 0.000000
vt 0.375000 1.000000
vt 0.375000 0.000000
vt 0.400000 1.000000
vt 0.400000 0.000000
vt 0.425000 1.000000
vt 0.425000 0.000000
vt 0.450000 1.000000
vt 0.450000 0.000000
vt 0.475000 1.000000
vt 0.475000 0.000000
vt 0.500000 1.000000
vt 0.525000 1.000000
vt 0.525000 0.000000
vt 0.550000 1.000000
vt 0.550000 0.000000
vt 0.575000 1.000000
vt 0.575000 0.000000
vt 0.600000 1.000000
vt 0.600000 0.000000
vt 0.625000 1.000000
vt 0.625000 0.000000
vt 0.650000 1.000000
vt 0.650000 0.000000
vt 0.675000 1.000000
vt 0.675000 0.000000
vt 0.700000 1.000000
vt 0.700000 0.000000
vt 0.725000 1.000000
vt 0.725000 0.000000
vt 0.750000 1.000000
vt 0.750000 0.000000
vt 0.775000 1.000000
vt 0.775000 0.000000
vt 0.800000 1.000000
vt 0.800000 0.000000
vt 0.825000 1.000000
vt 0.825000 0.000000
vt 0.850000 1.000000
vt 0.850000 0.000000
vt 0.875000 1.000000
vt 0.875000 0.000000
vt 0.900000 1.000000
vt 0.900000 0.000000
vt 0.925000 1.000000
vt 0.925000 0.000000
vt 0.950000 1.000000
vt 0.950000 0.000000
vt 0.975000 1.000000
vt 0.975000 0.000000
vt 1.000000 1.000000
vt 0.026316 1.000000
vt 0.026316 0.000000
vt 0.052632 1.000000
vt 0.078947 1.000000
vt 0.078947 0.000000
vt 0.105263 1.000000
vt 0.131579 1.000000
vt 0.131579 0.000000
vt 0.157895 1.000000
vt 0.184211 1.000000
vt 0.184211 0.000000
vt 0.210526 1.000000
vt 0.236842 1.000000
vt 0.236842 0.000000
vt 0.263158 1.000000
vt 0.289474 1.000000
vt 0.289474 0.000000
vt 0.315789 1.000000
vt 0.342105 1.000000
vt 0.342105 0.000000
vt 0.368421 1.000000
vt 0.394737 1.000000
vt 0.394737 0.000000
vt 0.421053 1.000000
vt 0.447368 1.000000
vt 0.447368 0.000000
vt 0.473684 1.000000
vt 0.526316 1.000000
vt 0.552632 1.000000
vt 0.552632 0.000000
vt 0.578947 1.000000
vt 0.605263 1.000000
vt 0.605263 0.000000
vt 0.631579 1.000000
vt 0.657895 1.000000
vt 0.657895 0.000000
vt 0.684211 1.000000
vt 0.710526 1.000000
vt 0.710526 0.000000
vt 0.736842 1.000000
vt 0.763158 1.000000
vt 0.763158 0.000000
vt 0.789474 1.000000
vt 0.815789 1.000000
vt 0.815789 0.000000
vt 0.842105 1.000000
vt 0.868421 1.000000
vt 0.868421 0.000000
vt 0.894737 1.000000
vt 0.921053 1.000000
vt 0.921053 0.000000
vt 0.947368 1.000000
vt 0.973684 1.000000
vt 0.973684 0.000000
vt 0.018182 1.000000
vt 0.018182 0.000000
vt 0.036364 1.000000
vt 0.036364 0.000000
vt 0.054545 1.000000
vt 0.054545 0.000000
vt 0.072727 1.000000
vt 0.072727 0.000000
vt 0.090909 1.000000
vt 0.109091 1.000000
vt 0.109091 0.000000
vt 0.127273 1.000000
vt 0.127273 0.000000
vt 0.145455 1.000000
vt 0.145455 0.000000
vt 0.163636 1.000000
vt 0.163636 0.000000
vt 0.181818 1.000000
vt 0.218182 1.000000
vt 0.218182 0.000000
vt 0.236364 1.000000
vt 0.236364 0.000000
vt 0.254545 1.000000
vt 0.254545 0.000000
vt 0.272727 1.000000
vt 0.290909 1.000000
vt 0.290909 0.000000
vt 0.309091 1.000000
vt 0.309091 0.000000
vt 0.327273 1.000000
vt 0.327273 0.000000
vt 0.345455 1.000000
vt 0.345455 0.000000
vt 0.363636 1.000000
vt 0.381818 1.000000
vt 0.381818 0.000000
vt 0.418182 1.000000
vt 0.418182 0.000000
vt 0.436364 1.000000
vt 0.436364 0.000000
vt 0.454545 1.000000
vt 0.472727 1.000000
vt 0.472727 0.000000
vt 0.490909 1.000000
vt 0.490909 0.000000
vt 0.509091 1.000000
vt 0.509091 0.000000
vt 0.527273 1.000000
vt 0.527273 0.000000
vt 0.545455 1.000000
vt 0.563636 1.000000
vt 0.563636 0.000000
vt 0.581818 1.000000
vt 0.581818 0.000000
vt 0.618182 1.000000
vt 0.618182 0.000000
vt 0.636364 1.000000
vt 0.654545 1.000000
vt 0.654545 0.000000
vt 0.672727 1.000000
vt 0.672727 0.000000
vt 0.690909 1.000000
vt 0.690909 0.000000
vt 0.709091 1.000000
vt 0.709091 0.000000
vt 0.727273 1.000000
vt 0.745455 1.000000
vt 0.745455 0.000000
vt 0.763636 1.000000
vt 0.763636 0.000000
vt 0.781818 1.000000
vt 0.781818 0.000000
vt 0.818182 1.000000
vt 0.836364 1.000000
vt 0.836364 0.000000
vt 0.854545 1.000000
vt 0.854545 0.000000
vt 0.872727 1.000000
vt 0.872727 0.000000
vt 0.890909 1.000000
vt 0.890909 0.000000
vt 0.909091 1.000000
vt 0.927273 1.000000
vt 0.927273 0.000000
vt 0.945455 1.000000
vt 0.945455 0.000000
vt 0.963636 1.000000
vt 0.963636 0.000000
vt 0.981818 1.000000
vt 0.981818 0.000000
vt 0.013514 1.000000
vt 0.013514 0.000000
vt 0.027027 1.000000
vt 0.027027 0.000000
vt 0.040541 1.000000
vt 0.040541 0.000000
vt 0.054054 1.000000
vt 0.054054 0.000000
vt 0.067568 1.000000
vt 0.067568 0.000000
vt 0.081081 1.000000
vt 0.081081 0.000000
vt 0.094595 1.000000
vt 0.094595 0.000000
vt 0.108108 1.000000
vt 0.108108 0.000000
vt 0.121622 1.000000
vt 0.121622 0.000000
vt 0.135135 1.000000
vt 0.135135 0.000000
vt 0.148649 1.000000
vt 0.148649 0.000000
vt 0.162162 1.000000
vt 0.162162 0.000000
vt 0.175676 1.000000
vt 0.175676 0.000000
vt 0.189189 1.000000
vt 0.189189 0.000000
vt 0.202703 1.000000
vt 0.202703 0.000000
vt 0.216216 1.000000
vt 0.216216 0.000000
vt 0.229730 1.000000
vt 0.229730 0.000000
vt 0.243243 1.000000
vt 0.243243 0.000000
vt 0.256757 1.000000
vt 0.256757 0.000000
vt 0.270270 1.000000
vt 0.270270 0.000000
vt 0.283784 1.000000
vt 0.283784 0.000000
vt 0.297297 1.000000
vt 0.297297 0.000000
vt 0.310811 1.000000
vt 0.310811 0.000000
vt 0.324324 1.000000
vt 0.324324 0.000000
vt 0.337838 1.000000
vt 0.337838 0.000000
vt 0.351351 1.000000
vt 0.351351 0.000000
vt 0.364865 1.000000
vt 0.364865 0.000000
vt 0.378378 1.000000
vt 0.378378 0.000000
vt 0.391892 1.000000
vt 0.391892 0.000000
vt 0.405405 1.000000
vt 0.405405 0.000000
vt 0.418919 1.000000
vt 0.418919 0.000000
vt 0.432432 1.000000
vt 0.432432 0.000000
vt 0.445946 1.000000
vt 0.445946 0.000000
vt 0.459459 1.000000
vt 0.459459 0.000000
vt 0.472973 1.000000
vt 0.472973 0.000000
vt 0.486486 1.000000
vt 0.486486 0.000000
vt 0.513514 1.000000
vt 0.513514 0.000000
vt 0.527027 1.000000
vt 0.527027 0.000000
vt 0.540541 1.000000
vt 0.540541 0.000000
vt 0.554054 1.000000
vt 0.554054 0.000000
vt 0.567568 1.000000
vt 0.567568 0.000000
vt 0.581081 1.000000
vt 0.581081 0.000000
vt 0.594595 1.000000
vt 0.594595 0.000000
vt 0.608108 1.000000
vt 0.608108 0.000000
vt 0.621622 1.000000
vt 0.621622 0.000000
vt 0.635135 1.000000
vt 0.635135 0.000000
vt 0.648649 1.000000
vt 0.648649 0.000000
vt 0.662162 1.000000
vt 0.662162 0.000000
vt 0.675676 1.000000
vt 0.675676 0.000000
vt 0.689189 1.000000
vt 0.689189 0.000000
vt 0.702703 1.000000
vt 0.702703 0.000000
vt 0.716216 1.000000
vt 0.716216 0.000000
vt 0.729730 1.000000
vt 0.729730 0.000000
vt 0.743243 1.000000
vt 0.743243 0.000000
vt 0.756757 1.000000
vt 0.756757 0.000000
vt 0.770270 1.000000
vt 0.770270 0.000000
vt 0.783784 1.000000
vt 0.783784 0.000000
vt 0.797297 1.000000
vt 0.797297 0.000000
vt 0.810811 1.000000
vt 0.810811 0.000000
vt 0.824324 1.000000
vt 0.824324 0.000000
vt 0.837838 1.000000
vt 0.837838 0.000000
vt 0.851351 1.000000
vt 0.851351 0.000000
vt 0.864865 1.000000
vt 0.864865 0.000000
vt 0.878378 1.000000
vt 0.878378 0.000000
vt 0.891892 1.000000
vt 0.891892 0.000000
vt 0.905405 1.000000
vt 0.905405 0.000000
vt 0.918919 1.000000
vt 0.918919 0.000000
vt 0.932432 1.000000
vt 0.932432 0.000000
vt 0.945946 1.000000
vt 0.945946 0.000000
vt 0.959459 1.000000
vt 0.959459 0.000000
vt 0.972973 1.000000
vt 0.972973 0.000000
vt 0.986486 1.000000
vt 0.986486 0.000000
vt 0.040000 1.000000
vt 0.040000 0.000000
vt 0.080000 1.000000
vt 0.080000 0.000000
vt 0.120000 1.000000
vt 0.120000 0.000000
vt 0.160000 1.000000
vt 0.160000 0.000000
vt 0.240000 1.000000
vt 0.240000 0.000000
vt 0.280000 1.000000
vt 0.280000 0.000000
vt 0.320000 1.000000
vt 0.320000 0.000000
vt 0.360000 1.000000
vt 0.360000 0.000000
vt 0.440000 1.000000
vt 0.440000 0.000000
vt 0.480000 1.000000
vt 0.480000 0.000000
vt 0.520000 1.000000
vt 0.520000 0.000000
vt 0.560000 1.000000
vt 0.560000 0.000000
vt 0.640000 1.000000
vt 0.640000 0.000000
vt 0.680000 1.000000
vt 0.680000 0.000000
vt 0.720000 1.000000
vt 0.720000 0.000000
vt 0.760000 1.000000
vt 0.760000 0.000000
vt 0.840000 1.000000
vt 0.840000 0.000000
vt 0.880000 1.000000
vt 0.880000 0.000000
vt 0.920000 1.000000
vt 0.920000 0.000000
vt 0.960000 1.000000
vt 0.960000 0.000000
vt 0.007463 1.000000
vt 0.007463 0.000000
vt 0.014925 1.000000
vt 0.014925 0.000000
vt 0.022388 1.000000
vt 0.022388 0.000000
vt 0.029851 1.000000
vt 0.029851 0.000000
vt 0.037313 1.000000
vt 0.037313 0.000000
vt 0.044776 1.000000
vt 0.044776 0.000000
vt 0.052239 1.000000
vt 0.052239 0.000000
vt 0.059701 1.000000
vt 0.059701 0.000000
vt 0.067164 1.000000
vt 0.067164 0.000000
vt 0.074627 1.000000
vt 0.074627 0.000000
vt 0.082090 1.000000
vt 0.082090 0.000000
vt 0.089552 1.000000
vt 0.089552 0.000000
vt 0.097015 1.000000
vt 0.097015 0.000000
vt 0.104478 1.000000
vt 0.104478 0.000000
vt 0.111940 1.000000
vt 0.111940 0.000000
vt 0.119403 1.000000
vt 0.119403 0.000000
vt 0.126866 1.000000
vt 0.126866 0.000000
vt 0.134328 1.000000
vt 0.134328 0.000000
vt 0.141791 1.000000
vt 0.141791 0.000000
vt 0.149254 1.000000
vt 0.149254 0.000000
vt 0.156716 1.000000
vt 0.156716 0.000000
vt 0.164179 1.000000
vt 0.164179 0.000000
vt 0.171642 1.000000
vt 0.171642 0.000000
vt 0.179104 1.000000
vt 0.179104 0.000000
vt 0.186567 1.000000
vt 0.186567 0.000000
vt 0.194030 1.000000
vt 0.194030 0.000000
vt 0.201493 1.000000
vt 0.201493 0.000000
vt 0.208955 1.000000
vt 0.208955 0.000000
vt 0.216418 1.000000
vt 0.216418 0.000000
vt 0.223881 1.000000
vt 0.223881 0.000000
vt 0.231343 1.000000
vt 0.231343 0.000000
vt 0.238806 1.000000
vt 0.238806 0.000000
vt 0.246269 1.000000
vt 0.246269 0.000000
vt 0.253731 1.000000
vt 0.253731 0.000000
vt 0.261194 1.000000
vt 0.261194 0.000000
vt 0.268657 1.000000
vt 0.268657 0.000000
vt 0.276119 1.000000
vt 0.276119 0.000000
vt 0.283582 1.000000
vt 0.283582 0.000000
vt 0.291045 1.000000
vt 0.291045 0.000000
vt 0.298507 1.000000
vt 0.298507 0.000000
vt 0.305970 1.000000
vt 0.305970 0.000000
vt 0.313433 1.000000
vt 0.313433 0.000000
vt 0.320896 1.000000
vt 0.320896 0.000000
vt 0.328358 1.000000
vt 0.328358 0.000000
vt 0.335821 1.000000
vt 0.335821 0.000000
vt 0.343284 1.000000
vt 0.343284 0.000000
vt 0.350746 1.000000
vt 0.350746 0.000000
vt 0.358209 1.000000
vt 0.358209 0.000000
vt 0.365672 1.000000
vt 0.365672 0.000000
vt 0.373134 1.000000
vt 0.373134 0.000000
vt 0.380597 1.000000
vt 0.380597 0.000000
vt 0.388060 1.000000
vt 0.388060 0.000000
vt 0.395522 1.000000
vt 0.395522 0.000000
vt 0.402985 1.000000
vt 0.402985 0.000000
vt 0.410448 1.000000
vt 0.410448 0.000000
vt 0.417910 1.000000
vt 0.417910 0.000000
vt 0.425373 1.000000
vt 0.425373 0.000000
vt 0.432836 1.000000
vt 0.432836 0.000000
vt 0.440298 1.000000
vt 0.440298 0.000000
vt 0.447761 1.000000
vt 0.447761 0.000000
vt 0.455224 1.000000
vt 0.455224 0.000000
vt 0.462687 1.000000
vt 0.462687 0.000000
vt 0.470149 1.000000
vt 0.470149 0.000000
vt 0.477612 1.000000
vt 0.477612 0.000000
vt 0.485075 1.000000
vt 0.485075 0.000000
vt 0.492537 1.000000
vt 0.492537 0.000000
vt 0.507463 1.000000
vt 0.507463 0.000000
vt 0.514925 1.000000
vt 0.514925 0.000000
vt 0.522388 1.000000
vt 0.522388 0.000000
vt 0.529851 1.000000
vt 0.529851 0.000000
vt 0.537313 1.000000
vt 0.537313 0.000000
vt 0.544776 1.000000
vt 0.544776 0.000000
vt 0.552239 1.000000
vt 0.552239 0.000000
vt 0.559702 1.000000
vt 0.559702 0.000000
vt 0.567164 1.000000
vt 0.567164 0.000000
vt 0.574627 1.000000
vt 0.574627 0.000000
vt 0.582090 1.000000
vt 0.582090 0.000000
vt 0.589552 1.000000
vt 0.589552 0.000000
vt 0.597015 1.000000
vt 0.597015 0.000000
vt 0.604478 1.000000
vt 0.604478 0.000000
vt 0.611940 1.000000
vt 0.611940 0.000000
vt 0.619403 1.000000
vt 0.619403 0.000000
vt 0.626866 1.000000
vt 0.626866 0.000000
vt 0.634328 1.000000
vt 0.634328 0.000000
vt 0.641791 1.000000
vt 0.641791 0.000000
vt 0.649254 1.000000
vt 0.649254 0.000000
vt 0.656716 1.000000
vt 0.656716 0.000000
vt 0.664179 1.000000
vt 0.664179 0.000000
vt 0.671642 1.000000
vt 0.671642 0.000000
vt 0.679105 1.000000
vt 0.679105 0.000000
vt 0.686567 1.000000
vt 0.686567 0.000000
vt 0.694030 1.000000
vt 0.694030 0.000000
vt 0.701493 1.000000
vt 0.701493 0.000000
vt 0.708955 1.000000
vt 0.708955 0.000000
vt 0.716418 1.000000
vt 0.716418 0.000000
vt 0.723881 1.000000
vt 0.723881 0.000000
vt 0.731343 1.000000
vt 0.731343 0.000000
vt 0.738806 1.000000
vt 0.738806 0.000000
vt 0.746269 1.000000
vt 0.746269 0.000000
vt 0.753731 1.000000
vt 0.753731 0.000000
vt 0.761194 1.000000
vt 0.761194 0.000000
vt 0.768657 1.000000
vt 0.768657 0.000000
vt 0.776119 1.000000
vt 0.776119 0.000000
vt 0.783582 1.000000
vt 0.783582 0.000000
vt 0.791045 1.000000
vt 0.791045 0.000000
vt 0.798507 1.000000
vt 0.798507 0.000000
vt 0.805970 1.000000
vt 0.805970 0.000000
vt 0.813433 1.000000
vt 0.813433 0.000000
vt 0.820895 1.000000
vt 0.820895 0.000000
vt 0.828358 1.000000
vt 0.828358 0.000000
vt 0.835821 1.000000
vt 0.835821 0.000000
vt 0.843284 1.000000
vt 0.843284 0.000000
vt 0.850746 1.000000
vt 0.850746 0.000000
vt 0.858209 1.000000
vt 0.858209 0.000000
vt 0.865672 1.000000
vt 0.865672 0.000000
vt 0.873134 1.000000
vt 0.873134 0.000000
vt 0.880597 1.000000
vt 0.880597 0.000000
vt 0.888060 1.000000
vt 0.888060 0.000000
vt 0.895522 1.000000
vt 0.895522 0.000000
vt 0.902985 1.000000
vt 0.902985 0.000000
vt 0.910448 1.000000
vt 0.910448 0.000000
vt 0.917910 1.000000
vt 0.917910 0.000000
vt 0.925373 1.000000
vt 0.925373 0.000000
vt 0.932836 1.000000
vt 0.932836 0.000000
vt 0.940298 1.000000
vt 0.940298 0.000000
vt 0.947761 1.000000
vt 0.947761 0.000000
vt 0.955224 1.000000
vt 0.955224 0.000000
vt 0.962687 1.000000
vt 0.962687 0.000000
vt 0.970149 1.000000
vt 0.970149 0.000000
vt 0.977612 1.000000
vt 0.977612 0.000000
vt 0.985075 1.000000
vt 0.985075 0.000000
vt 0.992537 1.000000
vt 0.992537 0.000000
vt 0.008197 1.000000
vt 0.008197 0.000000
vt 0.016393 1.000000
vt 0.016393 0.000000
vt 0.024590 1.000000
vt 0.024590 0.000000
vt 0.032787 1.000000
vt 0.032787 0.000000
vt 0.040984 1.000000
vt 0.040984 0.000000
vt 0.049180 1.000000
vt 0.049180 0.000000
vt 0.057377 1.000000
vt 0.057377 0.000000
vt 0.065574 1.000000
vt 0.065574 0.000000
vt 0.073770 1.000000
vt 0.073770 0.000000
vt 0.081967 1.000000
vt 0.081967 0.000000
vt 0.090164 1.000000
vt 0.090164 0.000000
vt 0.098361 1.000000
vt 0.098361 0.000000
vt 0.106557 1.000000
vt 0.106557 0.000000
vt 0.114754 1.000000
vt 0.114754 0.000000
vt 0.122951 1.000000
vt 0.122951 0.000000
vt 0.131148 1.000000
vt 0.131148 0.000000
vt 0.139344 1.000000
vt 0.139344 0.000000
vt 0.147541 1.000000
vt 0.147541 0.000000
vt 0.155738 1.000000
vt 0.155738 0.000000
vt 0.163934 1.000000
vt 0.163934 0.000000
vt 0.172131 1.000000
vt 0.172131 0.000000
vt 0.180328 1.000000
vt 0.180328 0.000000
vt 0.188525 1.000000
vt 0.188525 0.000000
vt 0.196721 1.000000
vt 0.196721 0.000000
vt 0.204918 1.000000
vt 0.204918 0.000000
vt 0.213115 1.000000
vt 0.213115 0.000000
vt 0.221311 1.000000
vt 0.221311 0.000000
vt 0.229508 1.000000
vt 0.229508 0.000000
vt 0.237705 1.000000
vt 0.237705 0.000000
vt 0.245902 1.000000
vt 0.245902 0.000000
vt 0.254098 1.000000
vt 0.254098 0.000000
vt 0.262295 1.000000
vt 0.262295 0.000000
vt 0.270492 1.000000
vt 0.270492 0.000000
vt 0.278689 1.000000
vt 0.278689 0.000000
vt 0.286885 1.000000
vt 0.286885 0.000000
vt 0.295082 1.000000
vt 0.295082 0.000000
vt 0.303279 1.000000
vt 0.303279 0.000000
vt 0.311475 1.000000
vt 0.311475 0.000000
vt 0.319672 1.000000
vt 0.319672 0.000000
vt 0.327869 1.000000
vt 0.327869 0.000000
vt 0.336066 1.000000
vt 0.336066 0.000000
vt 0.344262 1.000000
vt 0.344262 0.000000
vt 0.352459 1.000000
vt 0.352459 0.000000
vt 0.360656 1.000000
vt 0.360656 0.000000
vt 0.368852 1.000000
vt 0.368852 0.000000
vt 0.377049 1.000000
vt 0.377049 0.000000
vt 0.385246 1.000000
vt 0.385246 0.000000
vt 0.393443 1.000000
vt 0.393443 0.000000
vt 0.401639 1.000000
vt 0.401639 0.000000
vt 0.409836 1.000000
vt 0.409836 0.000000
vt 0.418033 1.000000
vt 0.418033 0.000000
vt 0.426230 1.000000
vt 0.426230 0.000000
vt 0.434426 1.000000
vt 0.434426 0.000000
vt 0.442623 1.000000
vt 0.442623 0.000000
vt 0.450820 1.000000
vt 0.450820 0.000000
vt 0.459016 1.000000
vt 0.459016 0.000000
vt 0.467213 1.000000
vt 0.467213 0.000000
vt 0.475410 1.000000
vt 0.475410 0.000000
vt 0.483607 1.000000
vt 0.483607 0.000000
vt 0.491803 1.000000
vt 0.491803 0.000000
vt 0.508197 1.000000
vt 0.508197 0.000000
vt 0.516393 1.000000
vt 0.516393 0.000000
vt 0.524590 1.000000
vt 0.524590 0.000000
vt 0.532787 1.000000
vt 0.532787 0.000000
vt 0.540984 1.000000
vt 0.540984 0.000000
vt 0.549180 1.000000
vt 0.549180 0.000000
vt 0.557377 1.000000
vt 0.557377 0.000000
vt 0.565574 1.000000
vt 0.565574 0.000000
vt 0.573770 1.000000
vt 0.573770 0.000000
vt 0.581967 1.000000
vt 0.581967 0.000000
vt 0.590164 1.000000
vt 0.590164 0.000000
vt 0.598361 1.000000
vt 0.598361 0.000000
vt 0.606557 1.000000
vt 0.606557 0.000000
vt 0.614754 1.000000
vt 0.614754 0.000000
vt 0.622951 1.000000
vt 0.622951 0.000000
vt 0.631148 1.000000
vt 0.631148 0.000000
vt 0.639344 1.000000
vt 0.639344 0.000000
vt 0.647541 1.000000
vt 0.647541 0.000000
vt 0.655738 1.000000
vt 0.655738 0.000000
vt 0.663934 1.000000
vt 0.663934 0.000000
vt 0.672131 1.000000
vt 0.672131 0.000000
vt 0.680328 1.000000
vt 0.680328 0.000000
vt 0.688525 1.000000
vt 0.688525 0.000000
vt 0.696721 1.000000
vt 0.696721 0.000000
vt 0.704918 1.000000
vt 0.704918 0.000000
vt 0.713115 1.000000
vt 0.713115 0.000000
vt 0.721311 1.000000
vt 0.721311 0.000000
vt 0.729508 1.000000
vt 0.729508 0.000000
vt 0.737705 1.000000
vt 0.737705 0.000000
vt 0.745902 1.000000
vt 0.745902 0.000000
vt 0.754098 1.000000
vt 0.754098 0.000000
vt 0.762295 1.000000
vt 0.762295 0.000000
vt 0.770492 1.000000
vt 0.770492 0.000000
vt 0.778689 1.000000
vt 0.778689 0.000000
vt 0.786885 1.000000
vt 0.786885 0.000000
vt 0.795082 1.000000
vt 0.795082 0.000000
vt 0.803279 1.000000
vt 0.803279 0.000000
vt 0.811475 1.000000
vt 0.811475 0.000000
vt 0.819672 1.000000
vt 0.819672 0.000000
vt 0.827869 1.000000
vt 0.827869 0.000000
vt 0.836066 1.000000
vt 0.836066 0.000000
vt 0.844262 1.000000
vt 0.844262 0.000000
vt 0.852459 1.000000
vt 0.852459 0.000000
vt 0.860656 1.000000
vt 0.860656 0.000000
vt 0.868852 1.000000
vt 0.868852 0.000000
vt 0.877049 1.000000
vt 0.877049 0.000000
vt 0.885246 1.000000
vt 0.885246 0.000000
vt 0.893443 1.000000
vt 0.893443 0.000000
vt 0.901639 1.000000
vt 0.901639 0.000000
vt 0.909836 1.000000
vt 0.909836 0.000000
vt 0.918033 1.000000
vt 0.918033 0.000000
vt 0.926230 1.000000
vt 0.926230 0.000000
vt 0.934426 1.000000
vt 0.934426 0.000000
vt 0.942623 1.000000
vt 0.942623 0.000000
vt 0.950820 1.000000
vt 0.950820 0.000000
vt 0.959016 1.000000
vt 0.959016 0.000000
vt 0.967213 1.000000
vt 0.967213 0.000000
vt 0.975410 1.000000
vt 0.975410 0.000000
vt 0.983607 1.000000
vt 0.983607 0.000000
vt 0.991803 1.000000
vt 0.991803 0.000000
vt 0.010204 1.000000
vt 0.020408 1.000000
vt 0.030612 1.000000
vt 0.040816 1.000000
vt 0.051020 1.000000
vt 0.061224 1.000000
vt 0.071429 1.000000
vt 0.081633 1.000000
vt 0.091837 1.000000
vt 0.102041 1.000000
vt 0.112245 1.000000
vt 0.122449 1.000000
vt 0.132653 1.000000
vt 0.142857 1.000000
vt 0.153061 1.000000
vt 0.163265 1.000000
vt 0.173469 1.000000
vt 0.183673 1.000000
vt 0.193878 1.000000
vt 0.204082 1.000000
vt 0.214286 1.000000
vt 0.224490 1.000000
vt 0.234694 1.000000
vt 0.244898 1.000000
vt 0.255102 1.000000
vt 0.265306 1.000000
vt 0.275510 1.000000
vt 0.285714 1.000000
vt 0.295918 1.000000
vt 0.306122 1.000000
vt 0.316327 1.000000
vt 0.326531 1.000000
vt 0.336735 1.000000
vt 0.346939 1.000000
vt 0.357143 1.000000
vt 0.367347 1.000000
vt 0.377551 1.000000
vt 0.387755 1.000000
vt 0.397959 1.000000
vt 0.408163 1.000000
vt 0.418367 1.000000
vt 0.428571 1.000000
vt 0.438776 1.000000
vt 0.448980 1.000000
vt 0.459184 1.000000
vt 0.469388 1.000000
vt 0.479592 1.000000
vt 0.489796 1.000000
vt 0.510204 1.000000
vt 0.520408 1.000000
vt 0.530612 1.000000
vt 0.540816 1.000000
vt 0.551020 1.000000
vt 0.561224 1.000000
vt 0.571429 1.000000
vt 0.581633 1.000000
vt 0.591837 1.000000
vt 0.602041 1.000000
vt 0.612245 1.000000
vt 0.622449 1.000000
vt 0.632653 1.000000
vt 0.642857 1.000000
vt 0.653061 1.000000
vt 0.663265 1.000000
vt 0.673469 1.000000
vt 0.683673 1.000000
vt 0.693878 1.000000
vt 0.704082 1.000000
vt 0.714286 1.000000
vt 0.724490 1.000000
vt 0.734694 1.000000
vt 0.744898 1.000000
vt 0.755102 1.000000
vt 0.765306 1.000000
vt 0.775510 1.000000
vt 0.785714 1.000000
vt 0.795918 1.000000
vt 0.806122 1.000000
vt 0.816327 1.000000
vt 0.826531 1.000000
vt 0.836735 1.000000
vt 0.846939 1.000000
vt 0.857143 1.000000
vt 0.867347 1.000000
vt 0.877551 1.000000
vt 0.887755 1.000000
vt 0.897959 1.000000
vt 0.908163 1.000000
vt 0.918367 1.000000
vt 0.928571 1.000000
vt 0.938776 1.000000
vt 0.948980 1.000000
vt 0.959184 1.000000
vt 0.969388 1.000000
vt 0.979592 1.000000
vt 0.989796 1.000000
vt 0.007299 1.000000
vt 0.007299 0.000000
vt 0.014599 1.000000
vt 0.014599 0.000000
vt 0.021898 1.000000
vt 0.021898 0.000000
vt 0.029197 1.000000
vt 0.029197 0.000000
vt 0.036496 1.000000
vt 0.036496 0.000000
vt 0.043796 1.000000
vt 0.043796 0.000000
vt 0.051095 1.000000
vt 0.051095 0.000000
vt 0.058394 1.000000
vt 0.058394 0.000000
vt 0.065693 1.000000
vt 0.065693 0.000000
vt 0.072993 1.000000
vt 0.072993 0.000000
vt 0.080292 1.000000
vt 0.080292 0.000000
vt 0.087591 1.000000
vt 0.087591 0.000000
vt 0.094891 1.000000
vt 0.094891 0.000000
vt 0.102190 1.000000
vt 0.102190 0.000000
vt 0.109489 1.000000
vt 0.109489 0.000000
vt 0.116788 1.000000
vt 0.116788 0.000000
vt 0.124088 1.000000
vt 0.124088 0.000000
vt 0.131387 1.000000
vt 0.131387 0.000000
vt 0.138686 1.000000
vt 0.138686 0.000000
vt 0.145985 1.000000
vt 0.145985 0.000000
vt 0.153285 1.000000
vt 0.153285 0.000000
vt 0.160584 1.000000
vt 0.160584 0.000000
vt 0.167883 1.000000
vt 0.167883 0.000000
vt 0.175182 1.000000
vt 0.175182 0.000000
vt 0.182482 1.000000
vt 0.182482 0.000000
vt 0.189781 1.000000
vt 0.189781 0.000000
vt 0.197080 1.000000
vt 0.197080 0.000000
vt 0.204380 1.000000
vt 0.204380 0.000000
vt 0.211679 1.000000
vt 0.211679 0.000000
vt 0.218978 1.000000
vt 0.218978 0.000000
vt 0.226277 1.000000
vt 0.226277 0.000000
vt 0.233577 1.000000
vt 0.233577 0.000000
vt 0.240876 1.000000
vt 0.240876 0.000000
vt 0.248175 1.000000
vt 0.248175 0.000000
vt 0.255474 1.000000
vt 0.255474 0.000000
vt 0.262774 1.000000
vt 0.262774 0.000000
vt 0.270073 1.000000
vt 0.270073 0.000000
vt 0.277372 1.000000
vt 0.277372 0.000000
vt 0.284672 1.000000
vt 0.284672 0.000000
vt 0.291971 1.000000
vt 0.291971 0.000000
vt 0.299270 1.000000
vt 0.299270 0.000000
vt 0.306569 1.000000
vt 0.306569 0.000000
vt 0.313869 1.000000
vt 0.313869 0.000000
vt 0.321168 1.000000
vt 0.321168 0.000000
vt 0.328467 1.000000
vt 0.328467 0.000000
vt 0.335766 1.000000
vt 0.335766 0.000000
vt 0.343066 1.000000
vt 0.343066 0.000000
vt 0.350365 1.000000
vt 0.350365 0.000000
vt 0.357664 1.000000
vt 0.357664 0.000000
vt 0.364964 1.000000
vt 0.364964 0.000000
vt 0.372263 1.000000
vt 0.372263 0.000000
vt 0.379562 1.000000
vt 0.379562 0.000000
vt 0.386861 1.000000
vt 0.386861 0.000000
vt 0.394161 1.000000
vt 0.394161 0.000000
vt 0.401460 1.000000
vt 0.401460 0.000000
vt 0.408759 1.000000
vt 0.408759 0.000000
vt 0.416058 1.000000
vt 0.416058 0.000000
vt 0.423358 1.000000
vt 0.423358 0.000000
vt 0.430657 1.000000
vt 0.430657 0.000000
vt 0.437956 1.000000
vt 0.437956 0.000000
vt 0.445255 1.000000
vt 0.445255 0.000000
vt 0.452555 1.000000
vt 0.452555 0.000000
vt 0.459854 1.000000
vt 0.459854 0.000000
vt 0.467153 1.000000
vt 0.467153 0.000000
vt 0.474453 1.000000
vt 0.474453 0.000000
vt 0.481752 1.000000
vt 0.481752 0.000000
vt 0.489051 1.000000
vt 0.489051 0.000000
vt 0.496350 1.000000
vt 0.496350 0.000000
vt 0.503650 1.000000
vt 0.503650 0.000000
vt 0.510949 1.000000
vt 0.510949 0.000000
vt 0.518248 1.000000
vt 0.518248 0.000000
vt 0.525547 1.000000
vt 0.525547 0.000000
vt 0.532847 1.000000
vt 0.532847 0.000000
vt 0.540146 1.000000
vt 0.540146 0.000000
vt 0.547445 1.000000
vt 0.547445 0.000000
vt 0.554745 1.000000
vt 0.554745 0.000000
vt 0.562044 1.000000
vt 0.562044 0.000000
vt 0.569343 1.000000
vt 0.569343 0.000000
vt 0.576642 1.000000
vt 0.576642 0.000000
vt 0.583942 1.000000
vt 0.583942 0.000000
vt 0.591241 1.000000
vt 0.591241 0.000000
vt 0.598540 1.000000
vt 0.598540 0.000000
vt 0.605839 1.000000
vt 0.605839 0.000000
vt 0.613139 1.000000
vt 0.613139 0.000000
vt 0.620438 1.000000
vt 0.620438 0.000000
vt 0.627737 1.000000
vt 0.627737 0.000000
vt 0.635036 1.000000
vt 0.635036 0.000000
vt 0.642336 1.000000
vt 0.642336 0.000000
vt 0.649635 1.000000
vt 0.649635 0.000000
vt 0.656934 1.000000
vt 0.656934 0.000000
vt 0.664234 1.000000
vt 0.664234 0.000000
vt 0.671533 1.000000
vt 0.671533 0.000000
vt 0.678832 1.000000
vt 0.678832 0.000000
vt 0.686131 1.000000
vt 0.686131 0.000000
vt 0.693431 1.000000
vt 0.693431 0.000000
vt 0.700730 1.000000
vt 0.700730 0.000000
vt 0.708029 1.000000
vt 0.708029 0.000000
vt 0.715328 1.000000
vt 0.715328 0.000000
vt 0.722628 1.000000
vt 0.722628 0.000000
vt 0.729927 1.000000
vt 0.729927 0.000000
vt 0.737226 1.000000
vt 0.737226 0.000000
vt 0.744526 1.000000
vt 0.744526 0.000000
vt 0.751825 1.000000
vt 0.751825 0.000000
vt 0.759124 1.000000
vt 0.759124 0.000000
vt 0.766423 1.000000
vt 0.766423 0.000000
vt 0.773723 1.000000
vt 0.773723 0.000000
vt 0.781022 1.000000
vt 0.781022 0.000000
vt 0.788321 1.000000
vt 0.788321 0.000000
vt 0.795620 1.000000
vt 0.795620 0.000000
vt 0.802920 1.000000
vt 0.802920 0.000000
vt 0.810219 1.000000
vt 0.810219 0.000000
vt 0.817518 1.000000
vt 0.817518 0.000000
vt 0.824818 1.000000
vt 0.824818 0.000000
vt 0.832117 1.000000
vt 0.832117 0.000000
vt 0.839416 1.000000
vt 0.839416 0.000000
vt 0.846715 1.000000
vt 0.846715 0.000000
vt 0.854015 1.000000
vt 0.854015 0.000000
vt 0.861314 1.000000
vt 0.861314 0.000000
vt 0.868613 1.000000
vt 0.868613 0.000000
vt 0.875912 1.000000
vt 0.875912 0.000000
vt 0.883212 1.000000
vt 0.883212 0.000000
vt 0.890511 1.000000
vt 0.890511 0.000000
vt 0.897810 1.000000
vt 0.897810 0.000000
vt 0.905109 1.000000
vt 0.905109 0.000000
vt 0.912409 1.000000
vt 0.912409 0.000000
vt 0.919708 1.000000
vt 0.919708 0.000000
vt 0.927007 1.000000
vt 0.927007 0.000000
vt 0.934307 1.000000
vt 0.934307 0.000000
vt 0.941606 1.000000
vt 0.941606 0.000000
vt 0.948905 1.000000
vt 0.948905 0.000000
vt 0.956204 1.000000
vt 0.956204 0.000000
vt 0.963504 1.000000
vt 0.963504 0.000000
vt 0.970803 1.000000
vt 0.970803 0.000000
vt 0.978102 1.000000
vt 0.978102 0.000000
vt 0.985401 1.000000
vt 0.985401 0.000000
vt 0.992701 1.000000
vt 0.992701 0.000000
vt 0.020833 1.000000
vt 0.020833 0.000000
vt 0.041667 1.000000
vt 0.041667 0.000000
vt 0.062500 1.000000
vt 0.062500 0.000000
vt 0.083333 1.000000
vt 0.083333 0.000000
vt 0.104167 1.000000
vt 0.104167 0.000000
vt 0.145833 1.000000
vt 0.145833 0.000000
vt 0.166667 1.000000
vt 0.187500 1.000000
vt 0.187500 0.000000
vt 0.208333 1.000000
vt 0.208333 0.000000
vt 0.229167 1.000000
vt 0.229167 0.000000
vt 0.270833 1.000000
vt 0.270833 0.000000
vt 0.291667 1.000000
vt 0.291667 0.000000
vt 0.312500 1.000000
vt 0.312500 0.000000
vt 0.333333 1.000000
vt 0.354167 1.000000
vt 0.354167 0.000000
vt 0.395833 1.000000
vt 0.395833 0.000000
vt 0.416667 1.000000
vt 0.416667 0.000000
vt 0.437500 1.000000
vt 0.437500 0.000000
vt 0.458333 1.000000
vt 0.458333 0.000000
vt 0.479167 1.000000
vt 0.479167 0.000000
vt 0.520833 1.000000
vt 0.520833 0.000000
vt 0.541667 1.000000
vt 0.541667 0.000000
vt 0.562500 1.000000
vt 0.562500 0.000000
vt 0.583333 1.000000
vt 0.583333 0.000000
vt 0.604167 1.000000
vt 0.604167 0.000000
vt 0.645833 1.000000
vt 0.645833 0.000000
vt 0.666667 1.000000
vt 0.687500 1.000000
vt 0.687500 0.000000
vt 0.708333 1.000000
vt 0.708333 0.000000
vt 0.729167 1.000000
vt 0.729167 0.000000
vt 0.770833 1.000000
vt 0.770833 0.000000
vt 0.791667 1.000000
vt 0.791667 0.000000
vt 0.812500 1.000000
vt 0.812500 0.000000
vt 0.833333 1.000000
vt 0.854167 1.000000
vt 0.854167 0.000000
vt 0.895833 1.000000
vt 0.895833 0.000000
vt 0.916667 1.000000
vt 0.916667 0.000000
vt 0.937500 1.000000
vt 0.937500 0.000000
vt 0.958333 1.000000
vt 0.958333 0.000000
vt 0.979167 1.000000
vt 0.979167 0.000000
s 0
f 5105/2261/997 5104/2262/997 5103/2263/997
f 5106/2264/997 5105/2261/997 5103/2263/997
f 5110/2265/997 5102/2266/997 5101/2267/997
f 5101/2267/997 5111/2268/997 5110/2265/997
f 5106/2264/997 5103/2263/997 5102/2266/997
f 5102/2266/997 5110/2265/997 5106/2264/997
f 5110/2265/997 5109/2269/997 5106/2264/997
f 5107/2270/997 5106/2264/997 5109/2269/997
f 5108/2271/998 5107/2270/998 5109/2269/998
f 5047/2272/997 5046/2273/997 5045/2274/997
f 5096/2275/997 5095/2276/997 5097/2277/997
f 5117/2278/997 5116/2279/997 5115/2280/997
f 5082/2281/997 5081/2282/997 5079/2283/997
f 5081/2282/997 5080/2284/997 5079/2283/997
f 5111/2268/997 5101/2267/997 5100/2285/997
f 5100/2285/997 5112/2286/997 5111/2268/997
f 5093/2287/997 5092/2288/997 5091/2289/997
f 5094/2290/997 5093/2287/997 5091/2289/997
f 5091/2289/997 5090/2291/997 5094/2290/997
f 5122/2292/997 5121/2293/997 5118/2294/997
f 5119/2295/997 5118/2294/997 5121/2293/997
f 5120/2296/997 5119/2295/997 5121/2293/997
f 5010/2297/997 5009/2298/997 5011/2299/997
f 5124/2300/997 5088/2301/997 5087/2302/997
f 5087/2302/997 5125/2303/997 5124/2300/997
f 5125/2303/997 5087/2302/997 5086/2304/997
f 5086/2304/997 5126/2305/997 5125/2303/997
f 5085/2306/997 5084/2307/997 5083/2308/997
f 5083/2308/997 5130/2309/997 5085/2306/997
f 5130/2309/997 5129/2310/997 5127/2311/997
f 5129/2310/997 5128/2312/997 5127/2311/997
f 5085/2306/997 5130/2309/997 5086/2304/997
f 5126/2305/997 5086/2304/997 5130/2309/997
f 5130/2309/997 5127/2311/997 5126/2305/997
f 5097/2277/997 5095/2276/997 5094/2290/997
f 5098/2313/997 5097/2277/997 5094/2290/997
f 5094/2290/997 5090/2291/997 5098/2313/997
f 5090/2291/997 5089/2314/997 5098/2313/997
f 5099/2315/997 5098/2313/997 5089/2314/997
f 5089/2314/997 5088/2301/997 5099/2315/997
f 5100/2285/997 5099/2315/997 5088/2301/997
f 5112/2286/997 5100/2285/997 5088/2301/997
f 5088/2301/997 5124/2300/997 5112/2286/997
f 5124/2300/997 5123/2316/997 5112/2286/997
f 5113/2317/997 5112/2286/997 5123/2316/997
f 5123/2316/997 5122/2292/997 5113/2317/997
f 5114/2318/997 5113/2317/997 5122/2292/997
f 5122/2292/997 5118/2294/997 5114/2318/997
f 5115/2280/997 5114/2318/997 5118/2294/997
f 5117/2278/997 5115/2280/997 5118/2294/997
f 5044/2319/997 5043/2320/997 5045/2274/997
f 5047/2272/997 5045/2274/997 5043/2320/997
f 5048/2321/997 5047/2272/997 5043/2320/997
f 5043/2320/997 5042/2322/997 5048/2321/997
f 5049/2323/997 5048/2321/997 5042/2322/997
f 5042/2322/997 5041/2324/997 5049/2323/997
f 5050/2325/997 5049/2323/997 5041/2324/997
f 5041/2324/997 5040/2326/997 5050/2325/997
f 5051/2327/997 5050/2325/997 5040/2326/997
f 5040/2326/997 5039/2328/997 5051/2327/997
f 5052/2329/997 5051/2327/997 5039/2328/997
f 5039/2328/997 5038/2330/997 5052/2329/997
f 5053/2331/997 5052/2329/997 5038/2330/997
f 5038/2330/997 5037/2332/997 5053/2331/997
f 5054/2333/997 5053/2331/997 5037/2332/997
f 5037/2332/997 5036/2334/997 5054/2333/997
f 5055/2335/997 5054/2333/997 5036/2334/997
f 5036/2334/997 5035/2336/997 5055/2335/997
f 5056/2337/997 5055/2335/997 5035/2336/997
f 5035/2336/997 5034/2338/997 5056/2337/997
f 5057/2339/997 5056/2337/997 5034/2338/997
f 5034/2338/997 5033/2340/997 5057/2339/997
f 5058/2341/997 5057/2339/997 5033/2340/997
f 5033/2340/997 5032/2342/997 5058/2341/997
f 5032/2342/997 5031/2343/997 5058/2341/997
f 5059/2344/997 5058/2341/997 5031/2343/997
f 5060/2345/997 5059/2344/997 5031/2343/997
f 5031/2343/997 5030/2346/997 5060/2345/997
f 5061/2347/997 5060/2345/997 5030/2346/997
f 5030/2346/997 5029/2348/997 5061/2347/997
f 5062/2349/997 5061/2347/997 5029/2348/997
f 5029/2348/997 5028/2350/997 5062/2349/997
f 5063/2351/997 5062/2349/997 5028/2350/997
f 5028/2350/997 5027/2352/997 5063/2351/997
f 5064/2353/997 5063/2351/997 5027/2352/997
f 5027/2352/997 5026/2354/997 5064/2353/997
f 5065/2355/997 5064/2353/997 5026/2354/997
f 5026/2354/997 5025/2356/997 5065/2355/997
f 5066/2357/997 5065/2355/997 5025/2356/997
f 5025/2356/997 5024/2358/997 5066/2357/997
f 5067/2359/997 5066/2357/997 5024/2358/997
f 5024/2358/997 5023/2360/997 5067/2359/997
f 5068/2361/997 5067/2359/997 5023/2360/997
f 5023/2360/997 5022/2362/997 5068/2361/997
f 5069/2363/997 5068/2361/997 5022/2362/997
f 5022/2362/997 5021/2364/997 5069/2363/997
f 5070/2365/997 5069/2363/997 5021/2364/997
f 5021/2364/997 5020/2366/997 5070/2365/997
f 5020/2366/997 5019/2367/997 5070/2365/997
f 5071/2368/997 5070/2365/997 5019/2367/997
f 5019/2367/997 5018/2369/997 5071/2368/997
f 5072/2370/997 5071/2368/997 5018/2369/997
f 5018/2369/997 5017/2371/997 5072/2370/997
f 5073/2372/997 5072/2370/997 5017/2371/997
f 5017/2371/997 5016/2373/997 5073/2372/997
f 5074/2374/997 5073/2372/997 5016/2373/997
f 5016/2373/997 5015/2375/997 5074/2374/997
f 5075/2376/997 5074/2374/997 5015/2375/997
f 5015/2375/997 5014/2377/997 5075/2376/997
f 5076/2378/997 5075/2376/997 5014/2377/997
f 5014/2377/997 5013/2379/997 5076/2378/997
f 5077/2380/997 5076/2378/997 5013/2379/997
f 5013/2379/997 5012/2381/997 5077/2380/997
f 5078/2382/997 5077/2380/997 5012/2381/997
f 5012/2381/997 5011/2299/997 5078/2382/997
f 5079/2283/997 5078/2382/997 5011/2299/997
f 5082/2281/997 5079/2283/997 5011/2299/997
f 5011/2299/997 5009/2298/997 5082/2281/997
f 5152/2383/997 5151/2384/997 5181/2385/997
f 5181/2385/997 5180/2386/997 5152/2383/997
f 5153/2387/997 5152/2383/997 5180/2386/997
f 5180/2386/997 5179/2388/997 5153/2387/997
f 5154/2389/997 5153/2387/997 5179/2388/997
f 5179/2388/997 5228/2390/997 5154/2389/997
f 5155/2391/997 5154/2389/997 5228/2390/997
f 5156/2392/997 5155/2391/997 5228/2390/997
f 5228/2390/997 5227/2393/997 5156/2392/997
f 5157/2394/997 5156/2392/997 5227/2393/997
f 5227/2393/997 5226/2395/997 5157/2394/997
f 5158/2396/997 5157/2394/997 5226/2395/997
f 5226/2395/997 5225/2397/997 5158/2396/997
f 5159/2398/997 5158/2396/997 5225/2397/997
f 5188/2399/997 5143/2400/997 5189/2401/997
f 5216/2402/997 5166/2403/997 5217/2404/997
f 5143/2400/997 5188/2399/997 5144/2405/997
f 5187/2406/997 5144/2405/997 5188/2399/997
f 5165/2407/997 5218/2408/997 5217/2404/997
f 5217/2404/997 5166/2403/997 5165/2407/997
f 5144/2405/997 5187/2406/997 5145/2409/997
f 5186/2410/997 5145/2409/997 5187/2406/997
f 5220/2411/997 5219/2412/997 5163/2413/997
f 5164/2414/997 5163/2413/997 5219/2412/997
f 5219/2412/997 5218/2408/997 5164/2414/997
f 5218/2408/997 5165/2407/997 5164/2414/997
f 5145/2409/997 5186/2410/997 5146/2415/997
f 5186/2410/997 5185/2416/997 5146/2415/997
f 5147/2417/997 5146/2415/997 5185/2416/997
f 5185/2416/997 5184/2418/997 5147/2417/997
f 5148/2419/997 5147/2417/997 5184/2418/997
f 5149/2420/997 5148/2419/997 5184/2418/997
f 5184/2418/997 5183/2421/997 5149/2420/997
f 5150/2422/997 5149/2420/997 5183/2421/997
f 5183/2421/997 5182/2423/997 5150/2422/997
f 5151/2384/997 5150/2422/997 5182/2423/997
f 5181/2385/997 5151/2384/997 5182/2423/997
f 5159/2398/997 5225/2397/997 5224/2424/997
f 5160/2425/997 5159/2398/997 5224/2424/997
f 5224/2424/997 5223/2426/997 5160/2425/997
f 5161/2427/997 5160/2425/997 5223/2426/997
f 5223/2426/997 5222/2428/997 5161/2427/997
f 5222/2428/997 5221/2429/997 5161/2427/997
f 5162/2430/997 5161/2427/997 5221/2429/997
f 5221/2429/997 5220/2411/997 5162/2430/997
f 5220/2411/997 5163/2413/997 5162/2430/997
f 5190/2431/997 5141/2432/997 5191/2433/997
f 5214/2434/997 5167/2435/997 5215/2436/997
f 5191/2433/997 5141/2432/997 5140/2437/997
f 5140/2437/997 5192/2438/997 5191/2433/997
f 5213/2439/997 5168/2440/997 5214/2434/997
f 5167/2435/997 5214/2434/997 5168/2440/997
f 5194/2441/997 5138/2442/997 5137/2443/997
f 5137/2443/997 5195/2444/997 5194/2441/997
f 5192/2438/997 5140/2437/997 5139/2445/997
f 5193/2446/997 5192/2438/997 5139/2445/997
f 5139/2445/997 5138/2442/997 5193/2446/997
f 5138/2442/997 5194/2441/997 5193/2446/997
f 5213/2439/997 5212/2447/997 5169/2448/997
f 5168/2440/997 5213/2439/997 5169/2448/997
f 5134/2449/997 5133/2450/997 5197/2451/997
f 5133/2450/997 5198/2452/997 5197/2451/997
f 5202/2453/997 5204/2454/997 5203/2455/997
f 5200/2456/997 5131/2298/997 5204/2454/997
f 5201/2457/997 5200/2456/997 5204/2454/997
f 5204/2454/997 5202/2453/997 5201/2457/997
f 5198/2452/997 5133/2450/997 5132/2458/997
f 5199/2459/997 5198/2452/997 5132/2458/997
f 5132/2458/997 5131/2298/997 5199/2459/997
f 5131/2298/997 5200/2456/997 5199/2459/997
f 5178/2460/997 5229/2309/997 5179/2388/997
f 5178/2460/997 5177/2461/997 5229/2309/997
f 5177/2461/997 5176/2462/997 5229/2309/997
f 5205/2463/997 5229/2309/997 5176/2462/997
f 5176/2462/997 5175/2464/997 5205/2463/997
f 5195/2444/997 5137/2443/997 5136/2465/997
f 5136/2465/997 5135/2466/997 5195/2444/997
f 5196/2467/997 5195/2444/997 5135/2466/997
f 5135/2466/997 5134/2449/997 5196/2467/997
f 5134/2449/997 5197/2451/997 5196/2467/997
f 5205/2463/997 5175/2464/997 5206/2468/997
f 5207/2469/997 5206/2468/997 5175/2464/997
f 5175/2464/997 5174/2470/997 5207/2469/997
f 5208/2471/997 5207/2469/997 5174/2470/997
f 5174/2470/997 5173/2472/997 5208/2471/997
f 5209/2473/997 5208/2471/997 5173/2472/997
f 5173/2472/997 5172/2474/997 5209/2473/997
f 5210/2475/997 5209/2473/997 5172/2474/997
f 5172/2474/997 5171/2476/997 5210/2475/997
f 5211/2477/997 5210/2475/997 5171/2476/997
f 5171/2476/997 5170/2478/997 5211/2477/997
f 5212/2447/997 5211/2477/997 5170/2478/997
f 5169/2448/997 5212/2447/997 5170/2478/997
f 5141/2432/997 5190/2431/997 5142/2479/997
f 5143/2400/997 5142/2479/997 5190/2431/997
f 5189/2401/997 5143/2400/997 5190/2431/997
f 5228/2390/997 5179/2388/997 5229/2309/997
f 5166/2403/997 5216/2402/997 5215/2436/997
f 5215/2436/997 5167/2435/997 5166/2403/997
f 5316/2480/997 5315/2481/997 5314/2482/997
f 5314/2482/997 5313/2483/997 5316/2480/997
f 5313/2483/997 5312/2484/997 5316/2480/997
f 5320/2485/997 5309/2486/997 5308/2487/997
f 5321/2488/997 5320/2485/997 5308/2487/997
f 5274/2489/997 5273/2490/997 5381/2491/997
f 5275/2492/997 5274/2489/997 5381/2491/997
f 5381/2491/997 5380/2493/997 5275/2492/997
f 5276/2494/997 5275/2492/997 5380/2493/997
f 5380/2493/997 5379/2495/997 5276/2494/997
f 5277/2496/997 5276/2494/997 5379/2495/997
f 5278/2497/997 5277/2496/997 5379/2495/997
f 5379/2495/997 5378/2498/997 5278/2497/997
f 5279/2499/997 5278/2497/997 5378/2498/997
f 5378/2498/997 5377/2500/997 5279/2499/997
f 5280/2501/997 5279/2499/997 5377/2500/997
f 5281/2502/997 5280/2501/997 5377/2500/997
f 5377/2500/997 5376/2503/997 5281/2502/997
f 5282/2504/997 5281/2502/997 5376/2503/997
f 5376/2503/997 5283/2505/997 5282/2504/997
f 5316/2480/997 5312/2484/997 5311/2506/997
f 5311/2506/997 5310/2507/997 5316/2480/997
f 5317/2508/997 5316/2480/997 5310/2507/997
f 5318/2509/997 5317/2508/997 5310/2507/997
f 5310/2507/997 5309/2486/997 5318/2509/997
f 5319/2510/997 5318/2509/997 5309/2486/997
f 5309/2486/997 5320/2485/997 5319/2510/997
f 5263/2511/997 5388/2512/997 5264/2513/997
f 5388/2512/997 5387/2514/997 5264/2513/997
f 5264/2513/997 5387/2514/997 5265/2515/997
f 5387/2514/997 5386/2516/997 5265/2515/997
f 5373/2517/997 5372/2518/997 5286/2519/997
f 5372/2518/997 5287/2520/997 5286/2519/997
f 5305/2521/997 5326/2522/997 5325/2523/997
f 5389/2524/997 5262/2525/997 5261/2526/997
f 5261/2526/997 5390/2527/997 5389/2524/997
f 5327/2528/997 5304/2529/997 5303/2530/997
f 5303/2530/997 5328/2531/997 5327/2528/997
f 5301/2532/997 5329/2533/997 5302/2534/997
f 5390/2527/997 5261/2526/997 5260/2535/997
f 5260/2535/997 5259/2536/997 5390/2527/997
f 5391/2537/997 5390/2527/997 5259/2536/997
f 5259/2536/997 5258/2538/997 5391/2537/997
f 5258/2538/997 5392/2539/997 5391/2537/997
f 5370/2540/997 5369/2541/997 5289/2542/997
f 5328/2531/997 5303/2530/997 5302/2534/997
f 5302/2534/997 5329/2533/997 5328/2531/997
f 5388/2512/997 5263/2511/997 5262/2525/997
f 5262/2525/997 5389/2524/997 5388/2512/997
f 5287/2520/997 5372/2518/997 5371/2543/997
f 5288/2544/997 5287/2520/997 5371/2543/997
f 5371/2543/997 5370/2540/997 5288/2544/997
f 5370/2540/997 5289/2542/997 5288/2544/997
f 5326/2522/997 5305/2521/997 5304/2529/997
f 5304/2529/997 5327/2528/997 5326/2522/997
f 5265/2515/997 5386/2516/997 5266/2545/997
f 5386/2516/997 5385/2546/997 5266/2545/997
f 5267/2547/997 5266/2545/997 5385/2546/997
f 5268/2548/997 5267/2547/997 5385/2546/997
f 5385/2546/997 5384/2549/997 5268/2548/997
f 5269/2550/997 5268/2548/997 5384/2549/997
f 5384/2549/997 5383/2551/997 5269/2550/997
f 5270/2552/997 5269/2550/997 5383/2551/997
f 5271/2553/997 5270/2552/997 5383/2551/997
f 5383/2551/997 5382/2554/997 5271/2553/997
f 5272/2555/997 5271/2553/997 5382/2554/997
f 5273/2490/997 5272/2555/997 5382/2554/997
f 5381/2491/997 5273/2490/997 5382/2554/997
f 5283/2505/997 5376/2503/997 5375/2556/997
f 5284/2557/997 5283/2505/997 5375/2556/997
f 5375/2556/997 5374/2558/997 5284/2557/997
f 5285/2559/997 5284/2557/997 5374/2558/997
f 5374/2558/997 5373/2517/997 5285/2559/997
f 5373/2517/997 5286/2519/997 5285/2559/997
f 5321/2488/997 5308/2487/997 5307/2560/997
f 5322/2561/997 5321/2488/997 5307/2560/997
f 5323/2562/997 5322/2561/997 5307/2560/997
f 5307/2560/997 5306/2563/997 5323/2562/997
f 5324/2564/997 5323/2562/997 5306/2563/997
f 5306/2563/997 5305/2521/997 5324/2564/997
f 5305/2521/997 5325/2523/997 5324/2564/997
f 5395/2565/997 5256/2566/997 5255/2567/997
f 5396/2568/997 5395/2565/997 5255/2567/997
f 5255/2567/997 5254/2569/997 5396/2568/997
f 5397/2570/997 5396/2568/997 5254/2569/997
f 5300/2571/997 5299/2572/997 5331/2573/997
f 5330/2574/997 5300/2571/997 5331/2573/997
f 5248/2575/997 5247/2576/997 5249/2577/997
f 5397/2570/997 5254/2569/997 5253/2578/997
f 5398/2579/997 5397/2570/997 5253/2578/997
f 5399/2580/997 5398/2579/997 5253/2578/997
f 5400/2581/997 5399/2580/997 5253/2578/997
f 5401/2582/997 5400/2581/997 5253/2578/997
f 5253/2578/997 5402/2583/997 5401/2582/997
f 5403/2309/997 5290/2584/997 5367/2585/997
f 5297/2586/997 5296/2587/997 5335/2588/997
f 5335/2588/997 5334/2589/997 5297/2586/997
f 5334/2589/997 5333/2590/997 5297/2586/997
f 5298/2591/997 5297/2586/997 5333/2590/997
f 5333/2590/997 5332/2592/997 5298/2591/997
f 5299/2572/997 5298/2591/997 5332/2592/997
f 5331/2573/997 5299/2572/997 5332/2592/997
f 5236/2593/997 5350/2594/997 5237/2595/997
f 5350/2594/997 5349/2596/997 5237/2595/997
f 5237/2595/997 5349/2596/997 5238/2597/997
f 5239/2598/997 5238/2597/997 5349/2596/997
f 5240/2599/997 5239/2598/997 5349/2596/997
f 5349/2596/997 5348/2600/997 5240/2599/997
f 5241/2601/997 5240/2599/997 5348/2600/997
f 5348/2600/997 5347/2602/997 5241/2601/997
f 5242/2603/997 5241/2601/997 5347/2602/997
f 5351/2604/997 5235/2605/997 5234/2606/997
f 5352/2607/997 5351/2604/997 5234/2606/997
f 5234/2606/997 5233/2608/997 5352/2607/997
f 5353/2609/997 5352/2607/997 5233/2608/997
f 5354/2610/997 5353/2609/997 5233/2608/997
f 5364/2611/997 5366/2612/997 5365/2613/997
f 5363/2614/997 5362/2615/997 5366/2612/997
f 5366/2612/997 5364/2611/997 5363/2614/997
f 5230/2298/997 5366/2612/997 5359/2616/997
f 5360/2617/997 5359/2616/997 5366/2612/997
f 5361/2618/997 5360/2617/997 5366/2612/997
f 5366/2612/997 5362/2615/997 5361/2618/997
f 5354/2610/997 5233/2608/997 5232/2619/997
f 5355/2620/997 5354/2610/997 5232/2619/997
f 5232/2619/997 5231/2621/997 5355/2620/997
f 5356/2622/997 5355/2620/997 5231/2621/997
f 5357/2623/997 5356/2622/997 5231/2621/997
f 5231/2621/997 5230/2298/997 5357/2623/997
f 5358/2624/997 5357/2623/997 5230/2298/997
f 5230/2298/997 5359/2616/997 5358/2624/997
f 5235/2605/997 5351/2604/997 5236/2593/997
f 5350/2594/997 5236/2593/997 5351/2604/997
f 5242/2603/997 5347/2602/997 5243/2625/997
f 5347/2602/997 5346/2626/997 5243/2625/997
f 5244/2627/997 5243/2625/997 5346/2626/997
f 5245/2628/997 5244/2627/997 5346/2626/997
f 5246/2629/997 5245/2628/997 5346/2626/997
f 5247/2576/997 5246/2629/997 5346/2626/997
f 5249/2577/997 5247/2576/997 5346/2626/997
f 5250/2630/997 5249/2577/997 5346/2626/997
f 5251/2631/997 5250/2630/997 5346/2626/997
f 5346/2626/997 5345/2632/997 5251/2631/997
f 5252/2633/997 5251/2631/997 5345/2632/997
f 5253/2578/997 5252/2633/997 5345/2632/997
f 5345/2632/997 5344/2634/997 5253/2578/997
f 5344/2634/997 5343/2635/997 5253/2578/997
f 5402/2583/997 5253/2578/997 5343/2635/997
f 5343/2635/997 5342/2636/997 5402/2583/997
f 5342/2636/997 5341/2637/997 5402/2583/997
f 5403/2309/997 5402/2583/997 5341/2637/997
f 5341/2637/997 5340/2638/997 5403/2309/997
f 5290/2584/997 5403/2309/997 5340/2638/997
f 5291/2639/997 5290/2584/997 5340/2638/997
f 5292/2640/997 5291/2639/997 5340/2638/997
f 5340/2638/997 5339/2641/997 5292/2640/997
f 5293/2642/997 5292/2640/997 5339/2641/997
f 5339/2641/997 5338/2643/997 5293/2642/997
f 5294/2644/997 5293/2642/997 5338/2643/997
f 5338/2643/997 5337/2645/997 5294/2644/997
f 5295/2646/997 5294/2644/997 5337/2645/997
f 5337/2645/997 5336/2647/997 5295/2646/997
f 5296/2587/997 5295/2646/997 5336/2647/997
f 5335/2588/997 5296/2587/997 5336/2647/997
f 5392/2539/997 5258/2538/997 5257/2648/997
f 5393/2649/997 5392/2539/997 5257/2648/997
f 5394/2650/997 5393/2649/997 5257/2648/997
f 5257/2648/997 5256/2566/997 5394/2650/997
f 5256/2566/997 5395/2565/997 5394/2650/997
f 5289/2542/997 5369/2541/997 5368/2651/997
f 5368/2651/997 5367/2585/997 5289/2542/997
f 5367/2585/997 5290/2584/997 5289/2542/997
f 5300/2571/997 5330/2574/997 5301/2532/997
f 5329/2533/997 5301/2532/997 5330/2574/997
f 5474/2652/997 5473/2653/997 5430/2654/997
f 5430/2654/997 5429/2655/997 5474/2652/997
f 5475/2656/997 5474/2652/997 5429/2655/997
f 5429/2655/997 5428/2657/997 5475/2656/997
f 5476/2658/997 5475/2656/997 5428/2657/997
f 5428/2657/997 5427/2659/997 5476/2658/997
f 5477/2660/997 5476/2658/997 5427/2659/997
f 5427/2659/997 5426/2661/997 5477/2660/997
f 5478/2662/997 5477/2660/997 5426/2661/997
f 5426/2661/997 5425/2663/997 5478/2662/997
f 5479/2664/997 5478/2662/997 5425/2663/997
f 5425/2663/997 5424/2665/997 5479/2664/997
f 5424/2665/997 5423/2666/997 5479/2664/997
f 5480/2667/997 5479/2664/997 5423/2666/997
f 5481/2668/997 5480/2667/997 5423/2666/997
f 5464/2669/997 5438/2670/997 5465/2671/997
f 5437/2672/997 5465/2671/997 5438/2670/997
f 5415/2673/997 5488/2674/997 5416/2675/997
f 5465/2671/997 5437/2672/997 5466/2676/997
f 5436/2677/997 5466/2676/997 5437/2672/997
f 5487/2678/997 5417/2679/997 5416/2675/997
f 5416/2675/997 5488/2674/997 5487/2678/997
f 5466/2676/997 5436/2677/997 5467/2680/997
f 5436/2677/997 5435/2681/997 5467/2680/997
f 5468/2682/997 5467/2680/997 5435/2681/997
f 5434/2683/997 5468/2682/997 5435/2681/997
f 5485/2684/997 5419/2685/997 5418/2686/997
f 5486/2687/997 5485/2684/997 5418/2686/997
f 5418/2686/997 5417/2679/997 5486/2687/997
f 5417/2679/997 5487/2678/997 5486/2687/997
f 5468/2682/997 5434/2683/997 5469/2688/997
f 5434/2683/997 5433/2689/997 5469/2688/997
f 5470/2690/997 5469/2688/997 5433/2689/997
f 5433/2689/997 5432/2691/997 5470/2690/997
f 5471/2692/997 5470/2690/997 5432/2691/997
f 5432/2691/997 5431/2693/997 5471/2692/997
f 5472/2694/997 5471/2692/997 5431/2693/997
f 5473/2653/997 5472/2694/997 5431/2693/997
f 5430/2654/997 5473/2653/997 5431/2693/997
f 5481/2668/997 5423/2666/997 5422/2695/997
f 5482/2696/997 5481/2668/997 5422/2695/997
f 5422/2695/997 5421/2697/997 5482/2696/997
f 5483/2698/997 5482/2696/997 5421/2697/997
f 5421/2697/997 5420/2699/997 5483/2698/997
f 5484/2700/997 5483/2698/997 5420/2699/997
f 5420/2699/997 5419/2685/997 5484/2700/997
f 5419/2685/997 5485/2684/997 5484/2700/997
f 5413/2701/997 5490/2702/997 5414/2703/997
f 5489/2704/997 5414/2703/997 5490/2702/997
f 5440/2705/997 5462/2706/997 5461/2707/997
f 5461/2707/997 5441/2708/997 5440/2705/997
f 5439/2709/997 5463/2710/997 5462/2706/997
f 5462/2706/997 5440/2705/997 5439/2709/997
f 5412/2711/997 5491/2712/997 5413/2701/997
f 5490/2702/997 5413/2701/997 5491/2712/997
f 5442/2713/997 5460/2714/997 5459/2715/997
f 5459/2715/997 5443/2716/997 5442/2713/997
f 5411/2717/997 5410/2718/997 5494/2719/997
f 5493/2720/997 5411/2717/997 5494/2719/997
f 5441/2708/997 5461/2707/997 5460/2714/997
f 5460/2714/997 5442/2713/997 5441/2708/997
f 5411/2717/997 5493/2720/997 5412/2711/997
f 5493/2720/997 5492/2721/997 5412/2711/997
f 5491/2712/997 5412/2711/997 5492/2721/997
f 5457/2722/997 5456/2723/997 5445/2724/997
f 5446/2725/997 5445/2724/997 5456/2723/997
f 5452/2726/997 5451/2727/997 5450/2728/997
f 5453/2729/997 5452/2726/997 5448/2730/997
f 5449/2731/997 5448/2730/997 5452/2726/997
f 5452/2726/997 5450/2728/997 5449/2731/997
f 5501/2309/997 5500/2732/997 5404/2298/997
f 5446/2725/997 5456/2723/997 5455/2733/997
f 5447/2734/997 5446/2725/997 5455/2733/997
f 5455/2733/997 5454/2735/997 5447/2734/997
f 5454/2735/997 5453/2729/997 5447/2734/997
f 5453/2729/997 5448/2730/997 5447/2734/997
f 5404/2298/997 5500/2732/997 5405/2736/997
f 5406/2737/997 5405/2736/997 5500/2732/997
f 5500/2732/997 5499/2738/997 5406/2737/997
f 5407/2739/997 5406/2737/997 5499/2738/997
f 5499/2738/997 5498/2740/997 5407/2739/997
f 5443/2716/997 5459/2715/997 5458/2741/997
f 5444/2742/997 5443/2716/997 5458/2741/997
f 5458/2741/997 5457/2722/997 5444/2742/997
f 5457/2722/997 5445/2724/997 5444/2742/997
f 5407/2739/997 5498/2740/997 5408/2743/997
f 5498/2740/997 5497/2744/997 5408/2743/997
f 5409/2745/997 5408/2743/997 5497/2744/997
f 5497/2744/997 5496/2746/997 5409/2745/997
f 5496/2746/997 5495/2747/997 5409/2745/997
f 5410/2718/997 5409/2745/997 5495/2747/997
f 5494/2719/997 5410/2718/997 5495/2747/997
f 5463/2710/997 5439/2709/997 5464/2669/997
f 5438/2670/997 5464/2669/997 5439/2709/997
f 5414/2703/997 5489/2704/997 5415/2673/997
f 5488/2674/997 5415/2673/997 5489/2704/997
f 5541/2748/997 5540/2749/997 5502/2298/997
f 5543/2750/997 5542/2751/997 5540/2749/997
f 5542/2751/997 5579/2309/997 5540/2749/997
f 5502/2298/997 5540/2749/997 5579/2309/997
f 5503/2752/997 5502/2298/997 5579/2309/997
f 5579/2309/997 5578/2753/997 5503/2752/997
f 5537/2353/997 5536/2754/997 5548/2755/997
f 5548/2755/997 5547/2756/997 5537/2353/997
f 5538/2757/997 5537/2353/997 5547/2756/997
f 5547/2756/997 5546/2406/997 5538/2757/997
f 5538/2757/997 5546/2406/997 5539/2758/997
f 5546/2406/997 5545/2759/997 5539/2758/997
f 5540/2749/997 5539/2758/997 5545/2759/997
f 5545/2759/997 5544/2376/997 5540/2749/997
f 5543/2750/997 5540/2749/997 5544/2376/997
f 5530/2331/997 5552/2760/997 5531/2761/997
f 5551/2304/997 5531/2761/997 5552/2760/997
f 5531/2761/997 5551/2304/997 5532/2762/997
f 5533/2763/997 5532/2762/997 5551/2304/997
f 5550/2764/997 5533/2763/997 5551/2304/997
f 5553/2765/997 5529/2766/997 5528/2767/997
f 5528/2767/997 5554/2768/997 5553/2765/997
f 5554/2768/997 5528/2767/997 5527/2769/997
f 5527/2769/997 5555/2770/997 5554/2768/997
f 5575/2771/997 5506/2772/997 5576/2773/997
f 5506/2772/997 5505/2774/997 5576/2773/997
f 5529/2766/997 5553/2765/997 5530/2331/997
f 5552/2760/997 5530/2331/997 5553/2765/997
f 5576/2773/997 5505/2774/997 5577/2775/997
f 5504/2776/997 5577/2775/997 5505/2774/997
f 5533/2763/997 5550/2764/997 5534/2777/997
f 5550/2764/997 5549/2778/997 5534/2777/997
f 5535/2472/997 5534/2777/997 5549/2778/997
f 5536/2754/997 5535/2472/997 5549/2778/997
f 5548/2755/997 5536/2754/997 5549/2778/997
f 5577/2775/997 5504/2776/997 5578/2753/997
f 5503/2752/997 5578/2753/997 5504/2776/997
f 5556/2779/997 5526/2780/997 5525/2781/997
f 5557/2457/997 5556/2779/997 5525/2781/997
f 5573/2782/997 5507/2783/997 5574/2784/997
f 5557/2457/997 5525/2781/997 5524/2398/997
f 5558/2277/997 5557/2457/997 5524/2398/997
f 5573/2782/997 5572/2295/997 5508/2785/997
f 5507/2783/997 5573/2782/997 5508/2785/997
f 5518/2786/997 5517/2787/997 5563/2788/997
f 5564/2789/997 5563/2788/997 5517/2787/997
f 5517/2787/997 5516/2343/997 5564/2789/997
f 5565/2271/997 5564/2789/997 5516/2343/997
f 5566/2790/997 5565/2271/997 5516/2343/997
f 5516/2343/997 5515/2791/997 5566/2790/997
f 5567/2792/997 5566/2790/997 5515/2791/997
f 5515/2791/997 5514/2793/997 5567/2792/997
f 5558/2277/997 5524/2398/997 5523/2322/997
f 5559/2794/997 5558/2277/997 5523/2322/997
f 5523/2322/997 5522/2795/997 5559/2794/997
f 5560/2796/997 5559/2794/997 5522/2795/997
f 5522/2795/997 5521/2797/997 5560/2796/997
f 5561/2798/997 5560/2796/997 5521/2797/997
f 5521/2797/997 5520/2799/997 5561/2798/997
f 5520/2799/997 5519/2800/997 5561/2798/997
f 5562/2801/997 5561/2798/997 5519/2800/997
f 5519/2800/997 5518/2786/997 5562/2801/997
f 5518/2786/997 5563/2788/997 5562/2801/997
f 5567/2792/997 5514/2793/997 5568/2436/997
f 5514/2793/997 5513/2409/997 5568/2436/997
f 5569/2802/997 5568/2436/997 5513/2409/997
f 5513/2409/997 5512/2803/997 5569/2802/997
f 5570/2804/997 5569/2802/997 5512/2803/997
f 5512/2803/997 5511/2805/997 5570/2804/997
f 5511/2805/997 5510/2806/997 5570/2804/997
f 5571/2807/997 5570/2804/997 5510/2806/997
f 5510/2806/997 5509/2366/997 5571/2807/997
f 5572/2295/997 5571/2807/997 5509/2366/997
f 5508/2785/997 5572/2295/997 5509/2366/997
f 5555/2770/997 5527/2769/997 5526/2780/997
f 5526/2780/997 5556/2779/997 5555/2770/997
f 5506/2772/997 5575/2771/997 5574/2784/997
f 5574/2784/997 5507/2783/997 5506/2772/997
f 5643/2370/997 5642/2368/997 5639/2361/997
f 5642/2368/997 5641/2365/997 5639/2361/997
f 5640/2363/997 5639/2361/997 5641/2365/997
f 5636/2355/997 5635/2353/997 5646/2376/997
f 5636/2355/997 5646/2376/997 5637/2357/997
f 5646/2376/997 5645/2374/997 5637/2357/997
f 5638/2359/997 5637/2357/997 5645/2374/997
f 5645/2374/997 5644/2372/997 5638/2359/997
f 5639/2361/997 5638/2359/997 5644/2372/997
f 5643/2370/997 5639/2361/997 5644/2372/997
f 5675/2262/997 5674/2263/997 5604/2340/997
f 5676/2261/997 5675/2262/997 5604/2340/997
f 5604/2340/997 5603/2342/997 5676/2261/997
f 5677/2264/997 5676/2261/997 5603/2342/997
f 5603/2342/997 5602/2343/997 5677/2264/997
f 5678/2270/997 5677/2264/997 5602/2343/997
f 5602/2343/997 5601/2346/997 5678/2270/997
f 5679/2271/997 5678/2270/997 5601/2346/997
f 5631/2345/997 5649/2382/997 5632/2347/997
f 5629/2341/997 5651/2284/997 5630/2344/997
f 5651/2284/997 5650/2283/997 5630/2344/997
f 5627/2337/997 5652/2282/997 5628/2339/997
f 5687/2279/997 5593/2362/997 5592/2364/997
f 5651/2284/997 5629/2341/997 5628/2339/997
f 5628/2339/997 5652/2282/997 5651/2284/997
f 5686/2280/997 5594/2360/997 5593/2362/997
f 5593/2362/997 5687/2279/997 5686/2280/997
f 5630/2344/997 5650/2283/997 5631/2345/997
f 5649/2382/997 5631/2345/997 5650/2283/997
f 5670/2315/997 5607/2334/997 5671/2285/997
f 5606/2336/997 5671/2285/997 5607/2334/997
f 5684/2317/997 5596/2356/997 5595/2358/997
f 5685/2318/997 5684/2317/997 5595/2358/997
f 5595/2358/997 5594/2360/997 5685/2318/997
f 5594/2360/997 5686/2280/997 5685/2318/997
f 5632/2347/997 5649/2382/997 5633/2349/997
f 5649/2382/997 5648/2380/997 5633/2349/997
f 5634/2351/997 5633/2349/997 5648/2380/997
f 5648/2380/997 5647/2378/997 5634/2351/997
f 5635/2353/997 5634/2351/997 5647/2378/997
f 5646/2376/997 5635/2353/997 5647/2378/997
f 5671/2285/997 5606/2336/997 5672/2267/997
f 5673/2266/997 5672/2267/997 5606/2336/997
f 5606/2336/997 5605/2338/997 5673/2266/997
f 5674/2263/997 5673/2266/997 5605/2338/997
f 5604/2340/997 5674/2263/997 5605/2338/997
f 5679/2271/997 5601/2346/997 5600/2348/997
f 5680/2269/997 5679/2271/997 5600/2348/997
f 5600/2348/997 5599/2350/997 5680/2269/997
f 5681/2265/997 5680/2269/997 5599/2350/997
f 5599/2350/997 5598/2352/997 5681/2265/997
f 5682/2268/997 5681/2265/997 5598/2352/997
f 5598/2352/997 5597/2354/997 5682/2268/997
f 5683/2286/997 5682/2268/997 5597/2354/997
f 5597/2354/997 5596/2356/997 5683/2286/997
f 5596/2356/997 5684/2317/997 5683/2286/997
f 5590/2367/997 5688/2278/997 5591/2366/997
f 5589/2369/997 5690/2295/997 5689/2294/997
f 5588/2371/997 5691/2296/997 5589/2369/997
f 5690/2295/997 5589/2369/997 5691/2296/997
f 5654/2308/997 5653/2281/997 5626/2335/997
f 5589/2369/997 5689/2294/997 5590/2367/997
f 5688/2278/997 5590/2367/997 5689/2294/997
f 5692/2293/997 5587/2373/997 5693/2292/997
f 5654/2308/997 5626/2335/997 5625/2333/997
f 5655/2307/997 5654/2308/997 5625/2333/997
f 5625/2333/997 5624/2331/997 5655/2307/997
f 5624/2331/997 5656/2306/997 5655/2307/997
f 5609/2330/997 5668/2277/997 5610/2328/997
f 5587/2373/997 5692/2293/997 5588/2371/997
f 5691/2296/997 5588/2371/997 5692/2293/997
f 5580/2298/997 5701/2309/997 5700/2310/997
f 5581/2297/997 5580/2298/997 5700/2310/997
f 5619/2321/997 5618/2272/997 5661/2291/997
f 5662/2289/997 5661/2291/997 5618/2272/997
f 5618/2272/997 5617/2273/997 5662/2289/997
f 5663/2288/997 5662/2289/997 5617/2273/997
f 5617/2273/997 5616/2274/997 5663/2288/997
f 5664/2287/997 5663/2288/997 5616/2274/997
f 5616/2274/997 5615/2319/997 5664/2287/997
f 5665/2290/997 5664/2287/997 5615/2319/997
f 5615/2319/997 5614/2320/997 5665/2290/997
f 5614/2320/997 5613/2322/997 5665/2290/997
f 5581/2297/997 5700/2310/997 5582/2299/997
f 5583/2381/997 5582/2299/997 5700/2310/997
f 5700/2310/997 5699/2312/997 5583/2381/997
f 5699/2312/997 5698/2311/997 5583/2381/997
f 5584/2379/997 5583/2381/997 5698/2311/997
f 5697/2305/997 5584/2379/997 5698/2311/997
f 5656/2306/997 5624/2331/997 5623/2329/997
f 5657/2304/997 5656/2306/997 5623/2329/997
f 5623/2329/997 5622/2327/997 5657/2304/997
f 5658/2302/997 5657/2304/997 5622/2327/997
f 5622/2327/997 5621/2325/997 5658/2302/997
f 5659/2301/997 5658/2302/997 5621/2325/997
f 5621/2325/997 5620/2323/997 5659/2301/997
f 5660/2314/997 5659/2301/997 5620/2323/997
f 5620/2323/997 5619/2321/997 5660/2314/997
f 5619/2321/997 5661/2291/997 5660/2314/997
f 5665/2290/997 5613/2322/997 5666/2276/997
f 5613/2322/997 5612/2324/997 5666/2276/997
f 5667/2275/997 5666/2276/997 5612/2324/997
f 5612/2324/997 5611/2326/997 5667/2275/997
f 5668/2277/997 5667/2275/997 5611/2326/997
f 5610/2328/997 5668/2277/997 5611/2326/997
f 5584/2379/997 5697/2305/997 5585/2377/997
f 5697/2305/997 5696/2303/997 5585/2377/997
f 5696/2303/997 5695/2300/997 5585/2377/997
f 5586/2375/997 5585/2377/997 5695/2300/997
f 5695/2300/997 5694/2316/997 5586/2375/997
f 5587/2373/997 5586/2375/997 5694/2316/997
f 5693/2292/997 5587/2373/997 5694/2316/997
f 5626/2335/997 5653/2281/997 5627/2337/997
f 5652/2282/997 5627/2337/997 5653/2281/997
f 5668/2277/997 5609/2330/997 5669/2313/997
f 5609/2330/997 5608/2332/997 5669/2313/997
f 5670/2315/997 5669/2313/997 5608/2332/997
f 5607/2334/997 5670/2315/997 5608/2332/997
f 5687/2279/997 5592/2364/997 5591/2366/997
f 5591/2366/997 5688/2278/997 5687/2279/997
f 5776/2808/997 5775/2809/997 5773/2810/997
f 5774/2811/997 5773/2810/997 5775/2809/997
f 5767/2812/997 5781/2813/997 5768/2814/997
f 5781/2813/997 5780/2815/997 5768/2814/997
f 5769/2816/997 5768/2814/997 5780/2815/997
f 5769/2816/997 5780/2815/997 5770/2817/997
f 5780/2815/997 5779/2818/997 5770/2817/997
f 5771/2819/997 5770/2817/997 5779/2818/997
f 5779/2818/997 5778/2406/997 5771/2819/997
f 5772/2820/997 5771/2819/997 5778/2406/997
f 5778/2406/997 5777/2821/997 5772/2820/997
f 5773/2810/997 5772/2820/997 5777/2821/997
f 5776/2808/997 5773/2810/997 5777/2821/997
f 5811/2822/997 5810/2823/997 5725/2824/997
f 5725/2824/997 5724/2825/997 5811/2822/997
f 5812/2826/997 5811/2822/997 5724/2825/997
f 5713/2827/997 5822/2828/997 5714/2829/997
f 5785/2830/997 5762/2831/997 5786/2832/997
f 5762/2831/997 5785/2830/997 5763/2833/997
f 5784/2834/997 5763/2833/997 5785/2830/997
f 5715/2835/997 5714/2829/997 5821/2836/997
f 5714/2829/997 5822/2828/997 5821/2836/997
f 5763/2833/997 5784/2834/997 5764/2837/997
f 5765/2838/997 5764/2837/997 5784/2834/997
f 5783/2839/997 5765/2838/997 5784/2834/997
f 5734/2840/997 5733/2841/997 5804/2842/997
f 5717/2843/997 5716/2844/997 5820/2845/997
f 5716/2844/997 5715/2835/997 5820/2845/997
f 5715/2835/997 5821/2836/997 5820/2845/997
f 5765/2838/997 5783/2839/997 5766/2846/997
f 5783/2839/997 5782/2847/997 5766/2846/997
f 5767/2812/997 5766/2846/997 5782/2847/997
f 5781/2813/997 5767/2812/997 5782/2847/997
f 5804/2842/997 5733/2841/997 5805/2848/997
f 5733/2841/997 5732/2849/997 5805/2848/997
f 5732/2849/997 5731/2850/997 5805/2848/997
f 5806/2851/997 5805/2848/997 5731/2850/997
f 5731/2850/997 5730/2852/997 5806/2851/997
f 5807/2853/997 5806/2851/997 5730/2852/997
f 5730/2852/997 5729/2854/997 5807/2853/997
f 5729/2854/997 5728/2855/997 5807/2853/997
f 5808/2856/997 5807/2853/997 5728/2855/997
f 5728/2855/997 5727/2857/997 5808/2856/997
f 5809/2858/997 5808/2856/997 5727/2857/997
f 5727/2857/997 5726/2859/997 5809/2858/997
f 5810/2823/997 5809/2858/997 5726/2859/997
f 5725/2824/997 5810/2823/997 5726/2859/997
f 5812/2826/997 5724/2825/997 5723/2860/997
f 5813/2861/997 5812/2826/997 5723/2860/997
f 5723/2860/997 5722/2862/997 5813/2861/997
f 5814/2863/997 5813/2861/997 5722/2862/997
f 5815/2864/997 5814/2863/997 5722/2862/997
f 5722/2862/997 5721/2409/997 5815/2864/997
f 5816/2436/997 5815/2864/997 5721/2409/997
f 5721/2409/997 5720/2865/997 5816/2436/997
f 5817/2866/997 5816/2436/997 5720/2865/997
f 5720/2865/997 5719/2867/997 5817/2866/997
f 5818/2868/997 5817/2866/997 5719/2867/997
f 5719/2867/997 5718/2869/997 5818/2868/997
f 5819/2870/997 5818/2868/997 5718/2869/997
f 5718/2869/997 5717/2843/997 5819/2870/997
f 5717/2843/997 5820/2845/997 5819/2870/997
f 5787/2871/997 5761/2872/997 5760/2873/997
f 5788/2874/997 5787/2871/997 5760/2873/997
f 5760/2873/997 5789/2875/997 5788/2874/997
f 5710/2876/997 5825/2877/997 5711/2878/997
f 5825/2877/997 5824/2879/997 5711/2878/997
f 5712/2880/997 5711/2878/997 5824/2879/997
f 5823/2881/997 5712/2880/997 5824/2879/997
f 5789/2875/997 5760/2873/997 5759/2472/997
f 5790/2882/997 5789/2875/997 5759/2472/997
f 5736/2883/997 5802/2884/997 5737/2885/997
f 5709/2886/997 5827/2887/997 5710/2876/997
f 5827/2887/997 5826/2888/997 5710/2876/997
f 5825/2877/997 5710/2876/997 5826/2888/997
f 5706/2889/997 5705/2890/997 5832/2891/997
f 5832/2891/997 5831/2892/997 5706/2889/997
f 5835/2309/997 5834/2893/997 5702/2298/997
f 5702/2298/997 5834/2893/997 5703/2894/997
f 5704/2895/997 5703/2894/997 5834/2893/997
f 5834/2893/997 5833/2896/997 5704/2895/997
f 5705/2890/997 5704/2895/997 5833/2896/997
f 5832/2891/997 5705/2890/997 5833/2896/997
f 5790/2882/997 5759/2472/997 5758/2897/997
f 5791/2898/997 5790/2882/997 5758/2897/997
f 5758/2897/997 5757/2899/997 5791/2898/997
f 5792/2900/997 5791/2898/997 5757/2899/997
f 5757/2899/997 5756/2901/997 5792/2900/997
f 5793/2902/997 5792/2900/997 5756/2901/997
f 5756/2901/997 5755/2903/997 5793/2902/997
f 5794/2904/997 5793/2902/997 5755/2903/997
f 5755/2903/997 5754/2905/997 5794/2904/997
f 5795/2906/997 5794/2904/997 5754/2905/997
f 5754/2905/997 5753/2907/997 5795/2906/997
f 5753/2907/997 5752/2908/997 5795/2906/997
f 5796/2909/997 5795/2906/997 5752/2908/997
f 5752/2908/997 5751/2910/997 5796/2909/997
f 5797/2457/997 5796/2909/997 5751/2910/997
f 5751/2910/997 5750/2911/997 5797/2457/997
f 5798/2912/997 5797/2457/997 5750/2911/997
f 5750/2911/997 5749/2913/997 5798/2912/997
f 5749/2913/997 5748/2914/997 5798/2912/997
f 5748/2914/997 5747/2915/997 5798/2912/997
f 5747/2915/997 5746/2916/997 5798/2912/997
f 5799/2917/997 5798/2912/997 5746/2916/997
f 5746/2916/997 5745/2918/997 5799/2917/997
f 5745/2918/997 5744/2919/997 5799/2917/997
f 5744/2919/997 5743/2920/997 5799/2917/997
f 5743/2920/997 5742/2921/997 5799/2917/997
f 5742/2921/997 5741/2922/997 5799/2917/997
f 5800/2923/997 5799/2917/997 5741/2922/997
f 5741/2922/997 5740/2398/997 5800/2923/997
f 5740/2398/997 5739/2924/997 5800/2923/997
f 5801/2925/997 5800/2923/997 5739/2924/997
f 5739/2924/997 5738/2926/997 5801/2925/997
f 5802/2884/997 5801/2925/997 5738/2926/997
f 5737/2885/997 5802/2884/997 5738/2926/997
f 5706/2889/997 5831/2892/997 5707/2927/997
f 5831/2892/997 5830/2928/997 5707/2927/997
f 5830/2928/997 5829/2929/997 5707/2927/997
f 5708/2930/997 5707/2927/997 5829/2929/997
f 5829/2929/997 5828/2931/997 5708/2930/997
f 5709/2886/997 5708/2930/997 5828/2931/997
f 5827/2887/997 5709/2886/997 5828/2931/997
f 5786/2832/997 5762/2831/997 5761/2872/997
f 5761/2872/997 5787/2871/997 5786/2832/997
f 5802/2884/997 5736/2883/997 5803/2932/997
f 5736/2883/997 5735/2933/997 5803/2932/997
f 5804/2842/997 5803/2932/997 5735/2933/997
f 5734/2840/997 5804/2842/997 5735/2933/997
f 5712/2880/997 5823/2881/997 5713/2827/997
f 5822/2828/997 5713/2827/997 5823/2881/997
f 5910/2808/997 5909/2809/997 5907/2810/997
f 5908/2811/997 5907/2810/997 5909/2809/997
f 5901/2812/997 5915/2813/997 5902/2814/997
f 5915/2813/997 5914/2815/997 5902/2814/997
f 5903/2816/997 5902/2814/997 5914/2815/997
f 5903/2816/997 5914/2815/997 5904/2817/997
f 5914/2815/997 5913/2818/997 5904/2817/997
f 5905/2819/997 5904/2817/997 5913/2818/997
f 5913/2818/997 5912/2406/997 5905/2819/997
f 5906/2820/997 5905/2819/997 5912/2406/997
f 5912/2406/997 5911/2821/997 5906/2820/997
f 5907/2810/997 5906/2820/997 5911/2821/997
f 5910/2808/997 5907/2810/997 5911/2821/997
f 5945/2822/997 5944/2823/997 5859/2824/997
f 5859/2824/997 5858/2825/997 5945/2822/997
f 5946/2826/997 5945/2822/997 5858/2825/997
f 5847/2827/997 5956/2828/997 5848/2829/997
f 5919/2830/997 5896/2831/997 5920/2832/997
f 5896/2831/997 5919/2830/997 5897/2833/997
f 5918/2834/997 5897/2833/997 5919/2830/997
f 5849/2835/997 5848/2829/997 5955/2836/997
f 5848/2829/997 5956/2828/997 5955/2836/997
f 5897/2833/997 5918/2834/997 5898/2837/997
f 5899/2838/997 5898/2837/997 5918/2834/997
f 5917/2839/997 5899/2838/997 5918/2834/997
f 5868/2840/997 5867/2841/997 5938/2842/997
f 5851/2843/997 5850/2844/997 5954/2845/997
f 5850/2844/997 5849/2835/997 5954/2845/997
f 5849/2835/997 5955/2836/997 5954/2845/997
f 5899/2838/997 5917/2839/997 5900/2846/997
f 5917/2839/997 5916/2847/997 5900/2846/997
f 5901/2812/997 5900/2846/997 5916/2847/997
f 5915/2813/997 5901/2812/997 5916/2847/997
f 5938/2842/997 5867/2841/997 5939/2848/997
f 5867/2841/997 5866/2849/997 5939/2848/997
f 5866/2849/997 5865/2850/997 5939/2848/997
f 5940/2851/997 5939/2848/997 5865/2850/997
f 5865/2850/997 5864/2852/997 5940/2851/997
f 5941/2853/997 5940/2851/997 5864/2852/997
f 5864/2852/997 5863/2854/997 5941/2853/997
f 5863/2854/997 5862/2855/997 5941/2853/997
f 5942/2856/997 5941/2853/997 5862/2855/997
f 5862/2855/997 5861/2857/997 5942/2856/997
f 5943/2858/997 5942/2856/997 5861/2857/997
f 5861/2857/997 5860/2859/997 5943/2858/997
f 5944/2823/997 5943/2858/997 5860/2859/997
f 5859/2824/997 5944/2823/997 5860/2859/997
f 5946/2826/997 5858/2825/997 5857/2860/997
f 5947/2861/997 5946/2826/997 5857/2860/997
f 5857/2860/997 5856/2862/997 5947/2861/997
f 5948/2863/997 5947/2861/997 5856/2862/997
f 5949/2864/997 5948/2863/997 5856/2862/997
f 5856/2862/997 5855/2409/997 5949/2864/997
f 5950/2436/997 5949/2864/997 5855/2409/997
f 5855/2409/997 5854/2865/997 5950/2436/997
f 5951/2866/997 5950/2436/997 5854/2865/997
f 5854/2865/997 5853/2867/997 5951/2866/997
f 5952/2868/997 5951/2866/997 5853/2867/997
f 5853/2867/997 5852/2869/997 5952/2868/997
f 5953/2870/997 5952/2868/997 5852/2869/997
f 5852/2869/997 5851/2843/997 5953/2870/997
f 5851/2843/997 5954/2845/997 5953/2870/997
f 5921/2871/997 5895/2872/997 5894/2873/997
f 5922/2874/997 5921/2871/997 5894/2873/997
f 5894/2873/997 5923/2875/997 5922/2874/997
f 5844/2876/997 5959/2877/997 5845/2878/997
f 5959/2877/997 5958/2879/997 5845/2878/997
f 5846/2880/997 5845/2878/997 5958/2879/997
f 5957/2881/997 5846/2880/997 5958/2879/997
f 5923/2875/997 5894/2873/997 5893/2472/997
f 5924/2882/997 5923/2875/997 5893/2472/997
f 5870/2883/997 5936/2884/997 5871/2885/997
f 5843/2886/997 5961/2887/997 5844/2876/997
f 5961/2887/997 5960/2888/997 5844/2876/997
f 5959/2877/997 5844/2876/997 5960/2888/997
f 5840/2889/997 5839/2890/997 5966/2891/997
f 5966/2891/997 5965/2892/997 5840/2889/997
f 5969/2309/997 5968/2893/997 5836/2298/997
f 5836/2298/997 5968/2893/997 5837/2894/997
f 5838/2895/997 5837/2894/997 5968/2893/997
f 5968/2893/997 5967/2896/997 5838/2895/997
f 5839/2890/997 5838/2895/997 5967/2896/997
f 5966/2891/997 5839/2890/997 5967/2896/997
f 5924/2882/997 5893/2472/997 5892/2897/997
f 5925/2898/997 5924/2882/997 5892/2897/997
f 5892/2897/997 5891/2899/997 5925/2898/997
f 5926/2900/997 5925/2898/997 5891/2899/997
f 5891/2899/997 5890/2901/997 5926/2900/997
f 5927/2902/997 5926/2900/997 5890/2901/997
f 5890/2901/997 5889/2903/997 5927/2902/997
f 5928/2904/997 5927/2902/997 5889/2903/997
f 5889/2903/997 5888/2905/997 5928/2904/997
f 5929/2906/997 5928/2904/997 5888/2905/997
f 5888/2905/997 5887/2907/997 5929/2906/997
f 5887/2907/997 5886/2908/997 5929/2906/997
f 5930/2909/997 5929/2906/997 5886/2908/997
f 5886/2908/997 5885/2910/997 5930/2909/997
f 5931/2457/997 5930/2909/997 5885/2910/997
f 5885/2910/997 5884/2911/997 5931/2457/997
f 5932/2912/997 5931/2457/997 5884/2911/997
f 5884/2911/997 5883/2913/997 5932/2912/997
f 5883/2913/997 5882/2914/997 5932/2912/997
f 5882/2914/997 5881/2915/997 5932/2912/997
f 5881/2915/997 5880/2916/997 5932/2912/997
f 5933/2917/997 5932/2912/997 5880/2916/997
f 5880/2916/997 5879/2918/997 5933/2917/997
f 5879/2918/997 5878/2919/997 5933/2917/997
f 5878/2919/997 5877/2920/997 5933/2917/997
f 5877/2920/997 5876/2921/997 5933/2917/997
f 5876/2921/997 5875/2922/997 5933/2917/997
f 5934/2923/997 5933/2917/997 5875/2922/997
f 5875/2922/997 5874/2398/997 5934/2923/997
f 5874/2398/997 5873/2924/997 5934/2923/997
f 5935/2925/997 5934/2923/997 5873/2924/997
f 5873/2924/997 5872/2926/997 5935/2925/997
f 5936/2884/997 5935/2925/997 5872/2926/997
f 5871/2885/997 5936/2884/997 5872/2926/997
f 5840/2889/997 5965/2892/997 5841/2927/997
f 5965/2892/997 5964/2928/997 5841/2927/997
f 5964/2928/997 5963/2929/997 5841/2927/997
f 5842/2930/997 5841/2927/997 5963/2929/997
f 5963/2929/997 5962/2931/997 5842/2930/997
f 5843/2886/997 5842/2930/997 5962/2931/997
f 5961/2887/997 5843/2886/997 5962/2931/997
f 5920/2832/997 5896/2831/997 5895/2872/997
f 5895/2872/997 5921/2871/997 5920/2832/997
f 5936/2884/997 5870/2883/997 5937/2932/997
f 5870/2883/997 5869/2933/997 5937/2932/997
f 5938/2842/997 5937/2932/997 5869/2933/997
f 5868/2840/997 5938/2842/997 5869/2933/997
f 5846/2880/997 5957/2881/997 5847/2827/997
f 5956/2828/997 5847/2827/997 5957/2881/997
f 5991/2383/997 5990/2384/997 6020/2385/997
f 6020/2385/997 6019/2386/997 5991/2383/997
f 5992/2387/997 5991/2383/997 6019/2386/997
f 6019/2386/997 6018/2388/997 5992/2387/997
f 5993/2389/997 5992/2387/997 6018/2388/997
f 6018/2388/997 6067/2390/997 5993/2389/997
f 5994/2391/997 5993/2389/997 6067/2390/997
f 5995/2392/997 5994/2391/997 6067/2390/997
f 6067/2390/997 6066/2393/997 5995/2392/997
f 5996/2394/997 5995/2392/997 6066/2393/997
f 6066/2393/997 6065/2395/997 5996/2394/997
f 5997/2396/997 5996/2394/997 6065/2395/997
f 6065/2395/997 6064/2397/997 5997/2396/997
f 5998/2398/997 5997/2396/997 6064/2397/997
f 6027/2399/997 5982/2400/997 6028/2401/997
f 6055/2402/997 6005/2403/997 6056/2404/997
f 5982/2400/997 6027/2399/997 5983/2405/997
f 6026/2406/997 5983/2405/997 6027/2399/997
f 6004/2407/997 6057/2408/997 6056/2404/997
f 6056/2404/997 6005/2403/997 6004/2407/997
f 5983/2405/997 6026/2406/997 5984/2409/997
f 6025/2410/997 5984/2409/997 6026/2406/997
f 6059/2411/997 6058/2412/997 6002/2413/997
f 6003/2414/997 6002/2413/997 6058/2412/997
f 6058/2412/997 6057/2408/997 6003/2414/997
f 6057/2408/997 6004/2407/997 6003/2414/997
f 5984/2409/997 6025/2410/997 5985/2415/997
f 6025/2410/997 6024/2416/997 5985/2415/997
f 5986/2417/997 5985/2415/997 6024/2416/997
f 6024/2416/997 6023/2418/997 5986/2417/997
f 5987/2419/997 5986/2417/997 6023/2418/997
f 5988/2420/997 5987/2419/997 6023/2418/997
f 6023/2418/997 6022/2421/997 5988/2420/997
f 5989/2422/997 5988/2420/997 6022/2421/997
f 6022/2421/997 6021/2423/997 5989/2422/997
f 5990/2384/997 5989/2422/997 6021/2423/997
f 6020/2385/997 5990/2384/997 6021/2423/997
f 5998/2398/997 6064/2397/997 6063/2424/997
f 5999/2425/997 5998/2398/997 6063/2424/997
f 6063/2424/997 6062/2426/997 5999/2425/997
f 6000/2427/997 5999/2425/997 6062/2426/997
f 6062/2426/997 6061/2428/997 6000/2427/997
f 6061/2428/997 6060/2429/997 6000/2427/997
f 6001/2430/997 6000/2427/997 6060/2429/997
f 6060/2429/997 6059/2411/997 6001/2430/997
f 6059/2411/997 6002/2413/997 6001/2430/997
f 6029/2431/997 5980/2432/997 6030/2433/997
f 6053/2434/997 6006/2435/997 6054/2436/997
f 6030/2433/997 5980/2432/997 5979/2437/997
f 5979/2437/997 6031/2438/997 6030/2433/997
f 6052/2439/997 6007/2440/997 6053/2434/997
f 6006/2435/997 6053/2434/997 6007/2440/997
f 6033/2441/997 5977/2442/997 5976/2443/997
f 5976/2443/997 6034/2444/997 6033/2441/997
f 6031/2438/997 5979/2437/997 5978/2445/997
f 6032/2446/997 6031/2438/997 5978/2445/997
f 5978/2445/997 5977/2442/997 6032/2446/997
f 5977/2442/997 6033/2441/997 6032/2446/997
f 6052/2439/997 6051/2447/997 6008/2448/997
f 6007/2440/997 6052/2439/997 6008/2448/997
f 5973/2449/997 5972/2450/997 6036/2451/997
f 5972/2450/997 6037/2452/997 6036/2451/997
f 6041/2453/997 6043/2454/997 6042/2455/997
f 6039/2456/997 5970/2298/997 6043/2454/997
f 6040/2457/997 6039/2456/997 6043/2454/997
f 6043/2454/997 6041/2453/997 6040/2457/997
f 6037/2452/997 5972/2450/997 5971/2458/997
f 6038/2459/997 6037/2452/997 5971/2458/997
f 5971/2458/997 5970/2298/997 6038/2459/997
f 5970/2298/997 6039/2456/997 6038/2459/997
f 6017/2460/997 6068/2309/997 6018/2388/997
f 6017/2460/997 6016/2461/997 6068/2309/997
f 6016/2461/997 6015/2462/997 6068/2309/997
f 6044/2463/997 6068/2309/997 6015/2462/997
f 6015/2462/997 6014/2464/997 6044/2463/997
f 6034/2444/997 5976/2443/997 5975/2465/997
f 5975/2465/997 5974/2466/997 6034/2444/997
f 6035/2467/997 6034/2444/997 5974/2466/997
f 5974/2466/997 5973/2449/997 6035/2467/997
f 5973/2449/997 6036/2451/997 6035/2467/997
f 6044/2463/997 6014/2464/997 6045/2468/997
f 6046/2469/997 6045/2468/997 6014/2464/997
f 6014/2464/997 6013/2470/997 6046/2469/997
f 6047/2471/997 6046/2469/997 6013/2470/997
f 6013/2470/997 6012/2472/997 6047/2471/997
f 6048/2473/997 6047/2471/997 6012/2472/997
f 6012/2472/997 6011/2474/997 6048/2473/997
f 6049/2475/997 6048/2473/997 6011/2474/997
f 6011/2474/997 6010/2476/997 6049/2475/997
f 6050/2477/997 6049/2475/997 6010/2476/997
f 6010/2476/997 6009/2478/997 6050/2477/997
f 6051/2447/997 6050/2477/997 6009/2478/997
f 6008/2448/997 6051/2447/997 6009/2478/997
f 5980/2432/997 6029/2431/997 5981/2479/997
f 5982/2400/997 5981/2479/997 6029/2431/997
f 6028/2401/997 5982/2400/997 6029/2431/997
f 6067/2390/997 6018/2388/997 6068/2309/997
f 6005/2403/997 6055/2402/997 6054/2436/997
f 6054/2436/997 6006/2435/997 6005/2403/997
f 6121/2934/997 6120/2935/997 6119/2936/997
f 6122/2937/997 6121/2934/997 6119/2936/997
f 6122/2937/997 6119/2936/997 6118/2938/997
f 6118/2938/997 6117/2939/997 6122/2937/997
f 6069/2298/997 6122/2937/997 6117/2939/997
f 6117/2939/997 6116/2940/997 6069/2298/997
f 6116/2940/997 6115/2941/997 6069/2298/997
f 6115/2941/997 6114/2942/997 6069/2298/997
f 6114/2942/997 6070/2943/997 6069/2298/997
f 6122/2937/997 6069/2298/997 6123/2309/997
f 6112/2944/997 6111/2945/997 6072/2946/997
f 6073/2947/997 6072/2946/997 6111/2945/997
f 6077/2948/997 6076/2949/997 6108/2950/997
f 6073/2947/997 6111/2945/997 6110/2951/997
f 6074/2952/997 6073/2947/997 6110/2951/997
f 6110/2951/997 6109/2953/997 6074/2952/997
f 6075/2954/997 6074/2952/997 6109/2953/997
f 6109/2953/997 6108/2950/997 6075/2954/997
f 6108/2950/997 6076/2949/997 6075/2954/997
f 6070/2943/997 6114/2942/997 6113/2955/997
f 6071/2956/997 6070/2943/997 6113/2955/997
f 6113/2955/997 6112/2944/997 6071/2956/997
f 6112/2944/997 6072/2946/997 6071/2956/997
f 6081/2957/997 6105/2958/997 6082/2959/997
f 6105/2958/997 6081/2957/997 6106/2960/997
f 6080/2961/997 6106/2960/997 6081/2957/997
f 6103/2962/997 6085/2963/997 6104/2964/997
f 6085/2963/997 6084/2965/997 6104/2964/997
f 6084/2965/997 6083/2966/997 6104/2964/997
f 6105/2958/997 6104/2964/997 6083/2966/997
f 6082/2959/997 6105/2958/997 6083/2966/997
f 6095/2967/997 6094/2968/997 6096/2386/997
f 6097/2969/997 6096/2386/997 6094/2968/997
f 6094/2968/997 6093/2970/997 6097/2969/997
f 6098/2971/997 6097/2969/997 6093/2970/997
f 6093/2970/997 6092/2972/997 6098/2971/997
f 6099/2973/997 6098/2971/997 6092/2972/997
f 6092/2972/997 6091/2974/997 6099/2973/997
f 6099/2973/997 6091/2974/997 6100/2975/997
f 6091/2974/997 6090/2976/997 6100/2975/997
f 6090/2976/997 6089/2977/997 6100/2975/997
f 6101/2978/997 6100/2975/997 6089/2977/997
f 6089/2977/997 6088/2979/997 6101/2978/997
f 6102/2980/997 6101/2978/997 6088/2979/997
f 6088/2979/997 6087/2981/997 6102/2980/997
f 6087/2981/997 6086/2982/997 6102/2980/997
f 6103/2962/997 6102/2980/997 6086/2982/997
f 6085/2963/997 6103/2962/997 6086/2982/997
f 6077/2948/997 6108/2950/997 6107/2983/997
f 6078/2984/997 6077/2948/997 6107/2983/997
f 6079/2985/997 6078/2984/997 6107/2983/997
f 6107/2983/997 6106/2960/997 6079/2985/997
f 6106/2960/997 6080/2961/997 6079/2985/997
f 6163/2748/997 6162/2749/997 6124/2298/997
f 6165/2750/997 6164/2751/997 6162/2749/997
f 6164/2751/997 6201/2309/997 6162/2749/997
f 6124/2298/997 6162/2749/997 6201/2309/997
f 6125/2752/997 6124/2298/997 6201/2309/997
f 6201/2309/997 6200/2753/997 6125/2752/997
f 6159/2353/997 6158/2754/997 6170/2755/997
f 6170/2755/997 6169/2756/997 6159/2353/997
f 6160/2757/997 6159/2353/997 6169/2756/997
f 6169/2756/997 6168/2406/997 6160/2757/997
f 6160/2757/997 6168/2406/997 6161/2758/997
f 6168/2406/997 6167/2759/997 6161/2758/997
f 6162/2749/997 6161/2758/997 6167/2759/997
f 6167/2759/997 6166/2376/997 6162/2749/997
f 6165/2750/997 6162/2749/997 6166/2376/997
f 6152/2331/997 6174/2760/997 6153/2761/997
f 6173/2304/997 6153/2761/997 6174/2760/997
f 6153/2761/997 6173/2304/997 6154/2762/997
f 6155/2763/997 6154/2762/997 6173/2304/997
f 6172/2764/997 6155/2763/997 6173/2304/997
f 6175/2765/997 6151/2766/997 6150/2767/997
f 6150/2767/997 6176/2768/997 6175/2765/997
f 6176/2768/997 6150/2767/997 6149/2769/997
f 6149/2769/997 6177/2770/997 6176/2768/997
f 6197/2771/997 6128/2772/997 6198/2773/997
f 6128/2772/997 6127/2774/997 6198/2773/997
f 6151/2766/997 6175/2765/997 6152/2331/997
f 6174/2760/997 6152/2331/997 6175/2765/997
f 6198/2773/997 6127/2774/997 6199/2775/997
f 6126/2776/997 6199/2775/997 6127/2774/997
f 6155/2763/997 6172/2764/997 6156/2777/997
f 6172/2764/997 6171/2778/997 6156/2777/997
f 6157/2472/997 6156/2777/997 6171/2778/997
f 6158/2754/997 6157/2472/997 6171/2778/997
f 6170/2755/997 6158/2754/997 6171/2778/997
f 6199/2775/997 6126/2776/997 6200/2753/997
f 6125/2752/997 6200/2753/997 6126/2776/997
f 6178/2779/997 6148/2780/997 6147/2781/997
f 6179/2457/997 6178/2779/997 6147/2781/997
f 6195/2782/997 6129/2783/997 6196/2784/997
f 6179/2457/997 6147/2781/997 6146/2398/997
f 6180/2277/997 6179/2457/997 6146/2398/997
f 6195/2782/997 6194/2295/997 6130/2785/997
f 6129/2783/997 6195/2782/997 6130/2785/997
f 6140/2786/997 6139/2787/997 6185/2788/997
f 6186/2789/997 6185/2788/997 6139/2787/997
f 6139/2787/997 6138/2343/997 6186/2789/997
f 6187/2271/997 6186/2789/997 6138/2343/997
f 6188/2790/997 6187/2271/997 6138/2343/997
f 6138/2343/997 6137/2791/997 6188/2790/997
f 6189/2792/997 6188/2790/997 6137/2791/997
f 6137/2791/997 6136/2793/997 6189/2792/997
f 6180/2277/997 6146/2398/997 6145/2322/997
f 6181/2794/997 6180/2277/997 6145/2322/997
f 6145/2322/997 6144/2795/997 6181/2794/997
f 6182/2796/997 6181/2794/997 6144/2795/997
f 6144/2795/997 6143/2797/997 6182/2796/997
f 6183/2798/997 6182/2796/997 6143/2797/997
f 6143/2797/997 6142/2799/997 6183/2798/997
f 6142/2799/997 6141/2800/997 6183/2798/997
f 6184/2801/997 6183/2798/997 6141/2800/997
f 6141/2800/997 6140/2786/997 6184/2801/997
f 6140/2786/997 6185/2788/997 6184/2801/997
f 6189/2792/997 6136/2793/997 6190/2436/997
f 6136/2793/997 6135/2409/997 6190/2436/997
f 6191/2802/997 6190/2436/997 6135/2409/997
f 6135/2409/997 6134/2803/997 6191/2802/997
f 6192/2804/997 6191/2802/997 6134/2803/997
f 6134/2803/997 6133/2805/997 6192/2804/997
f 6133/2805/997 6132/2806/997 6192/2804/997
f 6193/2807/997 6192/2804/997 6132/2806/997
f 6132/2806/997 6131/2366/997 6193/2807/997
f 6194/2295/997 6193/2807/997 6131/2366/997
f 6130/2785/997 6194/2295/997 6131/2366/997
f 6177/2770/997 6149/2769/997 6148/2780/997
f 6148/2780/997 6178/2779/997 6177/2770/997
f 6128/2772/997 6197/2771/997 6196/2784/997
f 6196/2784/997 6129/2783/997 6128/2772/997
f 6298/2261/999 6296/2263/999 6297/2262/999
f 6299/2264/999 6296/2263/999 6298/2261/999
f 6303/2265/999 6294/2267/999 6295/2266/999
f 6294/2267/999 6303/2265/999 6304/2268/999
f 6299/2264/999 6295/2266/999 6296/2263/999
f 6295/2266/999 6299/2264/999 6303/2265/999
f 6303/2265/999 6299/2264/999 6302/2269/999
f 6300/2270/999 6302/2269/999 6299/2264/999
f 6301/2271/1000 6302/2269/1000 6300/2270/1000
f 6240/2272/999 6238/2274/999 6239/2273/999
f 6289/2275/999 6290/2277/999 6288/2276/999
f 6310/2278/999 6308/2280/999 6309/2279/999
f 6275/2281/999 6272/2283/999 6274/2282/999
f 6274/2282/999 6272/2283/999 6273/2284/999
f 6304/2268/999 6293/2285/999 6294/2267/999
f 6293/2285/999 6304/2268/999 6305/2286/999
f 6286/2287/999 6284/2289/999 6285/2288/999
f 6287/2290/999 6284/2289/999 6286/2287/999
f 6284/2289/999 6287/2290/999 6283/2291/999
f 6315/2292/999 6311/2294/999 6314/2293/999
f 6312/2295/999 6314/2293/999 6311/2294/999
f 6313/2296/999 6314/2293/999 6312/2295/999
f 6203/2297/999 6204/2299/999 6202/2298/999
f 6317/2300/999 6280/2302/999 6281/2301/999
f 6280/2302/999 6317/2300/999 6318/2303/999
f 6318/2303/999 6279/2304/999 6280/2302/999
f 6279/2304/999 6318/2303/999 6319/2305/999
f 6278/2306/999 6276/2308/999 6277/2307/999
f 6276/2308/999 6278/2306/999 6323/2309/999
f 6323/2309/999 6320/2311/999 6322/2310/999
f 6322/2310/999 6320/2311/999 6321/2312/999
f 6278/2306/999 6279/2304/999 6323/2309/999
f 6319/2305/999 6323/2309/999 6279/2304/999
f 6323/2309/999 6319/2305/999 6320/2311/999
f 6290/2277/999 6287/2290/999 6288/2276/999
f 6291/2313/999 6287/2290/999 6290/2277/999
f 6287/2290/999 6291/2313/999 6283/2291/999
f 6283/2291/999 6291/2313/999 6282/2314/999
f 6292/2315/999 6282/2314/999 6291/2313/999
f 6282/2314/999 6292/2315/999 6281/2301/999
f 6293/2285/999 6281/2301/999 6292/2315/999
f 6305/2286/999 6281/2301/999 6293/2285/999
f 6281/2301/999 6305/2286/999 6317/2300/999
f 6317/2300/999 6305/2286/999 6316/2316/999
f 6306/2317/999 6316/2316/999 6305/2286/999
f 6316/2316/999 6306/2317/999 6315/2292/999
f 6307/2318/999 6315/2292/999 6306/2317/999
f 6315/2292/999 6307/2318/999 6311/2294/999
f 6308/2280/999 6311/2294/999 6307/2318/999
f 6310/2278/999 6311/2294/999 6308/2280/999
f 6237/2319/999 6238/2274/999 6236/2320/999
f 6240/2272/999 6236/2320/999 6238/2274/999
f 6241/2321/999 6236/2320/999 6240/2272/999
f 6236/2320/999 6241/2321/999 6235/2322/999
f 6242/2323/999 6235/2322/999 6241/2321/999
f 6235/2322/999 6242/2323/999 6234/2324/999
f 6243/2325/999 6234/2324/999 6242/2323/999
f 6234/2324/999 6243/2325/999 6233/2326/999
f 6244/2327/999 6233/2326/999 6243/2325/999
f 6233/2326/999 6244/2327/999 6232/2328/999
f 6245/2329/999 6232/2328/999 6244/2327/999
f 6232/2328/999 6245/2329/999 6231/2330/999
f 6246/2331/999 6231/2330/999 6245/2329/999
f 6231/2330/999 6246/2331/999 6230/2332/999
f 6247/2333/999 6230/2332/999 6246/2331/999
f 6230/2332/999 6247/2333/999 6229/2334/999
f 6248/2335/999 6229/2334/999 6247/2333/999
f 6229/2334/999 6248/2335/999 6228/2336/999
f 6249/2337/999 6228/2336/999 6248/2335/999
f 6228/2336/999 6249/2337/999 6227/2338/999
f 6250/2339/999 6227/2338/999 6249/2337/999
f 6227/2338/999 6250/2339/999 6226/2340/999
f 6251/2341/999 6226/2340/999 6250/2339/999
f 6226/2340/999 6251/2341/999 6225/2342/999
f 6225/2342/999 6251/2341/999 6224/2343/999
f 6252/2344/999 6224/2343/999 6251/2341/999
f 6253/2345/999 6224/2343/999 6252/2344/999
f 6224/2343/999 6253/2345/999 6223/2346/999
f 6254/2347/999 6223/2346/999 6253/2345/999
f 6223/2346/999 6254/2347/999 6222/2348/999
f 6255/2349/999 6222/2348/999 6254/2347/999
f 6222/2348/999 6255/2349/999 6221/2350/999
f 6256/2351/999 6221/2350/999 6255/2349/999
f 6221/2350/999 6256/2351/999 6220/2352/999
f 6257/2353/999 6220/2352/999 6256/2351/999
f 6220/2352/999 6257/2353/999 6219/2354/999
f 6258/2355/999 6219/2354/999 6257/2353/999
f 6219/2354/999 6258/2355/999 6218/2356/999
f 6259/2357/999 6218/2356/999 6258/2355/999
f 6218/2356/999 6259/2357/999 6217/2358/999
f 6260/2359/999 6217/2358/999 6259/2357/999
f 6217/2358/999 6260/2359/999 6216/2360/999
f 6261/2361/999 6216/2360/999 6260/2359/999
f 6216/2360/999 6261/2361/999 6215/2362/999
f 6262/2363/999 6215/2362/999 6261/2361/999
f 6215/2362/999 6262/2363/999 6214/2364/999
f 6263/2365/999 6214/2364/999 6262/2363/999
f 6214/2364/999 6263/2365/999 6213/2366/999
f 6213/2366/999 6263/2365/999 6212/2367/999
f 6264/2368/999 6212/2367/999 6263/2365/999
f 6212/2367/999 6264/2368/999 6211/2369/999
f 6265/2370/999 6211/2369/999 6264/2368/999
f 6211/2369/999 6265/2370/999 6210/2371/999
f 6266/2372/999 6210/2371/999 6265/2370/999
f 6210/2371/999 6266/2372/999 6209/2373/999
f 6267/2374/999 6209/2373/999 6266/2372/999
f 6209/2373/999 6267/2374/999 6208/2375/999
f 6268/2376/999 6208/2375/999 6267/2374/999
f 6208/2375/999 6268/2376/999 6207/2377/999
f 6269/2378/999 6207/2377/999 6268/2376/999
f 6207/2377/999 6269/2378/999 6206/2379/999
f 6270/2380/999 6206/2379/999 6269/2378/999
f 6206/2379/999 6270/2380/999 6205/2381/999
f 6271/2382/999 6205/2381/999 6270/2380/999
f 6205/2381/999 6271/2382/999 6204/2299/999
f 6272/2283/999 6204/2299/999 6271/2382/999
f 6275/2281/999 6204/2299/999 6272/2283/999
f 6204/2299/999 6275/2281/999 6202/2298/999
f 6345/2383/999 6374/2385/999 6344/2384/999
f 6374/2385/999 6345/2383/999 6373/2386/999
f 6346/2387/999 6373/2386/999 6345/2383/999
f 6373/2386/999 6346/2387/999 6372/2388/999
f 6347/2389/999 6372/2388/999 6346/2387/999
f 6372/2388/999 6347/2389/999 6421/2390/999
f 6348/2391/999 6421/2390/999 6347/2389/999
f 6349/2392/999 6421/2390/999 6348/2391/999
f 6421/2390/999 6349/2392/999 6420/2393/999
f 6350/2394/999 6420/2393/999 6349/2392/999
f 6420/2393/999 6350/2394/999 6419/2395/999
f 6351/2396/999 6419/2395/999 6350/2394/999
f 6419/2395/999 6351/2396/999 6418/2397/999
f 6352/2398/999 6418/2397/999 6351/2396/999
f 6381/2399/999 6382/2401/999 6336/2400/999
f 6409/2402/999 6410/2404/999 6359/2403/999
f 6336/2400/999 6337/2405/999 6381/2399/999
f 6380/2406/999 6381/2399/999 6337/2405/999
f 6358/2407/999 6410/2404/999 6411/2408/999
f 6410/2404/999 6358/2407/999 6359/2403/999
f 6337/2405/999 6338/2409/999 6380/2406/999
f 6379/2410/999 6380/2406/999 6338/2409/999
f 6413/2411/999 6356/2413/999 6412/2412/999
f 6357/2414/999 6412/2412/999 6356/2413/999
f 6412/2412/999 6357/2414/999 6411/2408/999
f 6411/2408/999 6357/2414/999 6358/2407/999
f 6338/2409/999 6339/2415/999 6379/2410/999
f 6379/2410/999 6339/2415/999 6378/2416/999
f 6340/2417/999 6378/2416/999 6339/2415/999
f 6378/2416/999 6340/2417/999 6377/2418/999
f 6341/2419/999 6377/2418/999 6340/2417/999
f 6342/2420/999 6377/2418/999 6341/2419/999
f 6377/2418/999 6342/2420/999 6376/2421/999
f 6343/2422/999 6376/2421/999 6342/2420/999
f 6376/2421/999 6343/2422/999 6375/2423/999
f 6344/2384/999 6375/2423/999 6343/2422/999
f 6374/2385/999 6375/2423/999 6344/2384/999
f 6352/2398/999 6417/2424/999 6418/2397/999
f 6353/2425/999 6417/2424/999 6352/2398/999
f 6417/2424/999 6353/2425/999 6416/2426/999
f 6354/2427/999 6416/2426/999 6353/2425/999
f 6416/2426/999 6354/2427/999 6415/2428/999
f 6415/2428/999 6354/2427/999 6414/2429/999
f 6355/2430/999 6414/2429/999 6354/2427/999
f 6414/2429/999 6355/2430/999 6413/2411/999
f 6413/2411/999 6355/2430/999 6356/2413/999
f 6383/2431/999 6384/2433/999 6334/2432/999
f 6407/2434/999 6408/2436/999 6360/2435/999
f 6384/2433/999 6333/2437/999 6334/2432/999
f 6333/2437/999 6384/2433/999 6385/2438/999
f 6406/2439/999 6407/2434/999 6361/2440/999
f 6360/2435/999 6361/2440/999 6407/2434/999
f 6387/2441/999 6330/2443/999 6331/2442/999
f 6330/2443/999 6387/2441/999 6388/2444/999
f 6385/2438/999 6332/2445/999 6333/2437/999
f 6386/2446/999 6332/2445/999 6385/2438/999
f 6332/2445/999 6386/2446/999 6331/2442/999
f 6331/2442/999 6386/2446/999 6387/2441/999
f 6406/2439/999 6362/2448/999 6405/2447/999
f 6361/2440/999 6362/2448/999 6406/2439/999
f 6327/2449/999 6390/2451/999 6326/2450/999
f 6326/2450/999 6390/2451/999 6391/2452/999
f 6395/2453/999 6396/2455/999 6397/2454/999
f 6393/2456/999 6397/2454/999 6324/2298/999
f 6394/2457/999 6397/2454/999 6393/2456/999
f 6397/2454/999 6394/2457/999 6395/2453/999
f 6391/2452/999 6325/2458/999 6326/2450/999
f 6392/2459/999 6325/2458/999 6391/2452/999
f 6325/2458/999 6392/2459/999 6324/2298/999
f 6324/2298/999 6392/2459/999 6393/2456/999
f 6371/2460/999 6372/2388/999 6422/2309/999
f 6371/2460/999 6422/2309/999 6370/2461/999
f 6370/2461/999 6422/2309/999 6369/2462/999
f 6398/2463/999 6369/2462/999 6422/2309/999
f 6369/2462/999 6398/2463/999 6368/2464/999
f 6388/2444/999 6329/2465/999 6330/2443/999
f 6329/2465/999 6388/2444/999 6328/2466/999
f 6389/2467/999 6328/2466/999 6388/2444/999
f 6328/2466/999 6389/2467/999 6327/2449/999
f 6327/2449/999 6389/2467/999 6390/2451/999
f 6398/2463/999 6399/2468/999 6368/2464/999
f 6400/2469/999 6368/2464/999 6399/2468/999
f 6368/2464/999 6400/2469/999 6367/2470/999
f 6401/2471/999 6367/2470/999 6400/2469/999
f 6367/2470/999 6401/2471/999 6366/2472/999
f 6402/2473/999 6366/2472/999 6401/2471/999
f 6366/2472/999 6402/2473/999 6365/2474/999
f 6403/2475/999 6365/2474/999 6402/2473/999
f 6365/2474/999 6403/2475/999 6364/2476/999
f 6404/2477/999 6364/2476/999 6403/2475/999
f 6364/2476/999 6404/2477/999 6363/2478/999
f 6405/2447/999 6363/2478/999 6404/2477/999
f 6362/2448/999 6363/2478/999 6405/2447/999
f 6334/2432/999 6335/2479/999 6383/2431/999
f 6336/2400/999 6383/2431/999 6335/2479/999
f 6382/2401/999 6383/2431/999 6336/2400/999
f 6421/2390/999 6422/2309/999 6372/2388/999
f 6359/2403/999 6408/2436/999 6409/2402/999
f 6408/2436/999 6359/2403/999 6360/2435/999
f 6509/2480/999 6507/2482/999 6508/2481/999
f 6507/2482/999 6509/2480/999 6506/2483/999
f 6506/2483/999 6509/2480/999 6505/2484/999
f 6513/2485/999 6501/2487/999 6502/2486/999
f 6514/2488/999 6501/2487/999 6513/2485/999
f 6467/2489/999 6574/2491/999 6466/2490/999
f 6468/2492/999 6574/2491/999 6467/2489/999
f 6574/2491/999 6468/2492/999 6573/2493/999
f 6469/2494/999 6573/2493/999 6468/2492/999
f 6573/2493/999 6469/2494/999 6572/2495/999
f 6470/2496/999 6572/2495/999 6469/2494/999
f 6471/2497/999 6572/2495/999 6470/2496/999
f 6572/2495/999 6471/2497/999 6571/2498/999
f 6472/2499/999 6571/2498/999 6471/2497/999
f 6571/2498/999 6472/2499/999 6570/2500/999
f 6473/2501/999 6570/2500/999 6472/2499/999
f 6474/2502/999 6570/2500/999 6473/2501/999
f 6570/2500/999 6474/2502/999 6569/2503/999
f 6475/2504/999 6569/2503/999 6474/2502/999
f 6569/2503/999 6475/2504/999 6476/2505/999
f 6509/2480/999 6504/2506/999 6505/2484/999
f 6504/2506/999 6509/2480/999 6503/2507/999
f 6510/2508/999 6503/2507/999 6509/2480/999
f 6511/2509/999 6503/2507/999 6510/2508/999
f 6503/2507/999 6511/2509/999 6502/2486/999
f 6512/2510/999 6502/2486/999 6511/2509/999
f 6502/2486/999 6512/2510/999 6513/2485/999
f 6456/2511/999 6457/2513/999 6581/2512/999
f 6581/2512/999 6457/2513/999 6580/2514/999
f 6457/2513/999 6458/2515/999 6580/2514/999
f 6580/2514/999 6458/2515/999 6579/2516/999
f 6566/2517/999 6479/2519/999 6565/2518/999
f 6565/2518/999 6479/2519/999 6480/2520/999
f 6498/2521/999 6518/2523/999 6519/2522/999
f 6582/2524/999 6454/2526/999 6455/2525/999
f 6454/2526/999 6582/2524/999 6583/2527/999
f 6520/2528/999 6496/2530/999 6497/2529/999
f 6496/2530/999 6520/2528/999 6521/2531/999
f 6494/2532/999 6495/2534/999 6522/2533/999
f 6583/2527/999 6453/2535/999 6454/2526/999
f 6453/2535/999 6583/2527/999 6452/2536/999
f 6584/2537/999 6452/2536/999 6583/2527/999
f 6452/2536/999 6584/2537/999 6451/2538/999
f 6451/2538/999 6584/2537/999 6585/2539/999
f 6563/2540/999 6482/2542/999 6562/2541/999
f 6521/2531/999 6495/2534/999 6496/2530/999
f 6495/2534/999 6521/2531/999 6522/2533/999
f 6581/2512/999 6455/2525/999 6456/2511/999
f 6455/2525/999 6581/2512/999 6582/2524/999
f 6480/2520/999 6564/2543/999 6565/2518/999
f 6481/2544/999 6564/2543/999 6480/2520/999
f 6564/2543/999 6481/2544/999 6563/2540/999
f 6563/2540/999 6481/2544/999 6482/2542/999
f 6519/2522/999 6497/2529/999 6498/2521/999
f 6497/2529/999 6519/2522/999 6520/2528/999
f 6458/2515/999 6459/2545/999 6579/2516/999
f 6579/2516/999 6459/2545/999 6578/2546/999
f 6460/2547/999 6578/2546/999 6459/2545/999
f 6461/2548/999 6578/2546/999 6460/2547/999
f 6578/2546/999 6461/2548/999 6577/2549/999
f 6462/2550/999 6577/2549/999 6461/2548/999
f 6577/2549/999 6462/2550/999 6576/2551/999
f 6463/2552/999 6576/2551/999 6462/2550/999
f 6464/2553/999 6576/2551/999 6463/2552/999
f 6576/2551/999 6464/2553/999 6575/2554/999
f 6465/2555/999 6575/2554/999 6464/2553/999
f 6466/2490/999 6575/2554/999 6465/2555/999
f 6574/2491/999 6575/2554/999 6466/2490/999
f 6476/2505/999 6568/2556/999 6569/2503/999
f 6477/2557/999 6568/2556/999 6476/2505/999
f 6568/2556/999 6477/2557/999 6567/2558/999
f 6478/2559/999 6567/2558/999 6477/2557/999
f 6567/2558/999 6478/2559/999 6566/2517/999
f 6566/2517/999 6478/2559/999 6479/2519/999
f 6514/2488/999 6500/2560/999 6501/2487/999
f 6515/2561/999 6500/2560/999 6514/2488/999
f 6516/2562/999 6500/2560/999 6515/2561/999
f 6500/2560/999 6516/2562/999 6499/2563/999
f 6517/2564/999 6499/2563/999 6516/2562/999
f 6499/2563/999 6517/2564/999 6498/2521/999
f 6498/2521/999 6517/2564/999 6518/2523/999
f 6588/2565/999 6448/2567/999 6449/2566/999
f 6589/2568/999 6448/2567/999 6588/2565/999
f 6448/2567/999 6589/2568/999 6447/2569/999
f 6590/2570/999 6447/2569/999 6589/2568/999
f 6493/2571/999 6524/2573/999 6492/2572/999
f 6523/2574/999 6524/2573/999 6493/2571/999
f 6441/2575/999 6442/2577/999 6440/2576/999
f 6590/2570/999 6446/2578/999 6447/2569/999
f 6591/2579/999 6446/2578/999 6590/2570/999
f 6592/2580/999 6446/2578/999 6591/2579/999
f 6593/2581/999 6446/2578/999 6592/2580/999
f 6594/2582/999 6446/2578/999 6593/2581/999
f 6446/2578/999 6594/2582/999 6595/2583/999
f 6596/2309/999 6560/2585/999 6483/2584/999
f 6490/2586/999 6528/2588/999 6489/2587/999
f 6528/2588/999 6490/2586/999 6527/2589/999
f 6527/2589/999 6490/2586/999 6526/2590/999
f 6491/2591/999 6526/2590/999 6490/2586/999
f 6526/2590/999 6491/2591/999 6525/2592/999
f 6492/2572/999 6525/2592/999 6491/2591/999
f 6524/2573/999 6525/2592/999 6492/2572/999
f 6429/2593/999 6430/2595/999 6543/2594/999
f 6543/2594/999 6430/2595/999 6542/2596/999
f 6430/2595/999 6431/2597/999 6542/2596/999
f 6432/2598/999 6542/2596/999 6431/2597/999
f 6433/2599/999 6542/2596/999 6432/2598/999
f 6542/2596/999 6433/2599/999 6541/2600/999
f 6434/2601/999 6541/2600/999 6433/2599/999
f 6541/2600/999 6434/2601/999 6540/2602/999
f 6435/2603/999 6540/2602/999 6434/2601/999
f 6544/2604/999 6427/2606/999 6428/2605/999
f 6545/2607/999 6427/2606/999 6544/2604/999
f 6427/2606/999 6545/2607/999 6426/2608/999
f 6546/2609/999 6426/2608/999 6545/2607/999
f 6547/2610/999 6426/2608/999 6546/2609/999
f 6557/2611/999 6558/2613/999 6559/2612/999
f 6556/2614/999 6559/2612/999 6555/2615/999
f 6559/2612/999 6556/2614/999 6557/2611/999
f 6423/2298/999 6552/2616/999 6559/2612/999
f 6553/2617/999 6559/2612/999 6552/2616/999
f 6554/2618/999 6559/2612/999 6553/2617/999
f 6559/2612/999 6554/2618/999 6555/2615/999
f 6547/2610/999 6425/2619/999 6426/2608/999
f 6548/2620/999 6425/2619/999 6547/2610/999
f 6425/2619/999 6548/2620/999 6424/2621/999
f 6549/2622/999 6424/2621/999 6548/2620/999
f 6550/2623/999 6424/2621/999 6549/2622/999
f 6424/2621/999 6550/2623/999 6423/2298/999
f 6551/2624/999 6423/2298/999 6550/2623/999
f 6423/2298/999 6551/2624/999 6552/2616/999
f 6428/2605/999 6429/2593/999 6544/2604/999
f 6543/2594/999 6544/2604/999 6429/2593/999
f 6435/2603/999 6436/2625/999 6540/2602/999
f 6540/2602/999 6436/2625/999 6539/2626/999
f 6437/2627/999 6539/2626/999 6436/2625/999
f 6438/2628/999 6539/2626/999 6437/2627/999
f 6439/2629/999 6539/2626/999 6438/2628/999
f 6440/2576/999 6539/2626/999 6439/2629/999
f 6442/2577/999 6539/2626/999 6440/2576/999
f 6443/2630/999 6539/2626/999 6442/2577/999
f 6444/2631/999 6539/2626/999 6443/2630/999
f 6539/2626/999 6444/2631/999 6538/2632/999
f 6445/2633/999 6538/2632/999 6444/2631/999
f 6446/2578/999 6538/2632/999 6445/2633/999
f 6538/2632/999 6446/2578/999 6537/2634/999
f 6537/2634/999 6446/2578/999 6536/2635/999
f 6595/2583/999 6536/2635/999 6446/2578/999
f 6536/2635/999 6595/2583/999 6535/2636/999
f 6535/2636/999 6595/2583/999 6534/2637/999
f 6596/2309/999 6534/2637/999 6595/2583/999
f 6534/2637/999 6596/2309/999 6533/2638/999
f 6483/2584/999 6533/2638/999 6596/2309/999
f 6484/2639/999 6533/2638/999 6483/2584/999
f 6485/2640/999 6533/2638/999 6484/2639/999
f 6533/2638/999 6485/2640/999 6532/2641/999
f 6486/2642/999 6532/2641/999 6485/2640/999
f 6532/2641/999 6486/2642/999 6531/2643/999
f 6487/2644/999 6531/2643/999 6486/2642/999
f 6531/2643/999 6487/2644/999 6530/2645/999
f 6488/2646/999 6530/2645/999 6487/2644/999
f 6530/2645/999 6488/2646/999 6529/2647/999
f 6489/2587/999 6529/2647/999 6488/2646/999
f 6528/2588/999 6529/2647/999 6489/2587/999
f 6585/2539/999 6450/2648/999 6451/2538/999
f 6586/2649/999 6450/2648/999 6585/2539/999
f 6587/2650/999 6450/2648/999 6586/2649/999
f 6450/2648/999 6587/2650/999 6449/2566/999
f 6449/2566/999 6587/2650/999 6588/2565/999
f 6482/2542/999 6561/2651/999 6562/2541/999
f 6561/2651/999 6482/2542/999 6560/2585/999
f 6560/2585/999 6482/2542/999 6483/2584/999
f 6493/2571/999 6494/2532/999 6523/2574/999
f 6522/2533/999 6523/2574/999 6494/2532/999
f 6667/2652/999 6623/2654/999 6666/2653/999
f 6623/2654/999 6667/2652/999 6622/2655/999
f 6668/2656/999 6622/2655/999 6667/2652/999
f 6622/2655/999 6668/2656/999 6621/2657/999
f 6669/2658/999 6621/2657/999 6668/2656/999
f 6621/2657/999 6669/2658/999 6620/2659/999
f 6670/2660/999 6620/2659/999 6669/2658/999
f 6620/2659/999 6670/2660/999 6619/2661/999
f 6671/2662/999 6619/2661/999 6670/2660/999
f 6619/2661/999 6671/2662/999 6618/2663/999
f 6672/2664/999 6618/2663/999 6671/2662/999
f 6618/2663/999 6672/2664/999 6617/2665/999
f 6617/2665/999 6672/2664/999 6616/2666/999
f 6673/2667/999 6616/2666/999 6672/2664/999
f 6674/2668/999 6616/2666/999 6673/2667/999
f 6657/2669/999 6658/2671/999 6631/2670/999
f 6630/2672/999 6631/2670/999 6658/2671/999
f 6608/2673/999 6609/2675/999 6681/2674/999
f 6658/2671/999 6659/2676/999 6630/2672/999
f 6629/2677/999 6630/2672/999 6659/2676/999
f 6680/2678/999 6609/2675/999 6610/2679/999
f 6609/2675/999 6680/2678/999 6681/2674/999
f 6659/2676/999 6660/2680/999 6629/2677/999
f 6629/2677/999 6660/2680/999 6628/2681/999
f 6661/2682/999 6628/2681/999 6660/2680/999
f 6627/2683/999 6628/2681/999 6661/2682/999
f 6678/2684/999 6611/2686/999 6612/2685/999
f 6679/2687/999 6611/2686/999 6678/2684/999
f 6611/2686/999 6679/2687/999 6610/2679/999
f 6610/2679/999 6679/2687/999 6680/2678/999
f 6661/2682/999 6662/2688/999 6627/2683/999
f 6627/2683/999 6662/2688/999 6626/2689/999
f 6663/2690/999 6626/2689/999 6662/2688/999
f 6626/2689/999 6663/2690/999 6625/2691/999
f 6664/2692/999 6625/2691/999 6663/2690/999
f 6625/2691/999 6664/2692/999 6624/2693/999
f 6665/2694/999 6624/2693/999 6664/2692/999
f 6666/2653/999 6624/2693/999 6665/2694/999
f 6623/2654/999 6624/2693/999 6666/2653/999
f 6674/2668/999 6615/2695/999 6616/2666/999
f 6675/2696/999 6615/2695/999 6674/2668/999
f 6615/2695/999 6675/2696/999 6614/2697/999
f 6676/2698/999 6614/2697/999 6675/2696/999
f 6614/2697/999 6676/2698/999 6613/2699/999
f 6677/2700/999 6613/2699/999 6676/2698/999
f 6613/2699/999 6677/2700/999 6612/2685/999
f 6612/2685/999 6677/2700/999 6678/2684/999
f 6606/2701/999 6607/2703/999 6683/2702/999
f 6682/2704/999 6683/2702/999 6607/2703/999
f 6633/2705/999 6654/2707/999 6655/2706/999
f 6654/2707/999 6633/2705/999 6634/2708/999
f 6632/2709/999 6655/2706/999 6656/2710/999
f 6655/2706/999 6632/2709/999 6633/2705/999
f 6605/2711/999 6606/2701/999 6684/2712/999
f 6683/2702/999 6684/2712/999 6606/2701/999
f 6635/2713/999 6652/2715/999 6653/2714/999
f 6652/2715/999 6635/2713/999 6636/2716/999
f 6604/2717/999 6687/2719/999 6603/2718/999
f 6686/2720/999 6687/2719/999 6604/2717/999
f 6634/2708/999 6653/2714/999 6654/2707/999
f 6653/2714/999 6634/2708/999 6635/2713/999
f 6604/2717/999 6605/2711/999 6686/2720/999
f 6686/2720/999 6605/2711/999 6685/2721/999
f 6684/2712/999 6685/2721/999 6605/2711/999
f 6650/2722/999 6638/2724/999 6649/2723/999
f 6639/2725/999 6649/2723/999 6638/2724/999
f 6645/2726/999 6643/2728/999 6644/2727/999
f 6646/2729/999 6641/2730/999 6645/2726/999
f 6642/2731/999 6645/2726/999 6641/2730/999
f 6645/2726/999 6642/2731/999 6643/2728/999
f 6694/2309/999 6597/2298/999 6693/2732/999
f 6639/2725/999 6648/2733/999 6649/2723/999
f 6640/2734/999 6648/2733/999 6639/2725/999
f 6648/2733/999 6640/2734/999 6647/2735/999
f 6647/2735/999 6640/2734/999 6646/2729/999
f 6646/2729/999 6640/2734/999 6641/2730/999
f 6597/2298/999 6598/2736/999 6693/2732/999
f 6599/2737/999 6693/2732/999 6598/2736/999
f 6693/2732/999 6599/2737/999 6692/2738/999
f 6600/2739/999 6692/2738/999 6599/2737/999
f 6692/2738/999 6600/2739/999 6691/2740/999
f 6636/2716/999 6651/2741/999 6652/2715/999
f 6637/2742/999 6651/2741/999 6636/2716/999
f 6651/2741/999 6637/2742/999 6650/2722/999
f 6650/2722/999 6637/2742/999 6638/2724/999
f 6600/2739/999 6601/2743/999 6691/2740/999
f 6691/2740/999 6601/2743/999 6690/2744/999
f 6602/2745/999 6690/2744/999 6601/2743/999
f 6690/2744/999 6602/2745/999 6689/2746/999
f 6689/2746/999 6602/2745/999 6688/2747/999
f 6603/2718/999 6688/2747/999 6602/2745/999
f 6687/2719/999 6688/2747/999 6603/2718/999
f 6656/2710/999 6657/2669/999 6632/2709/999
f 6631/2670/999 6632/2709/999 6657/2669/999
f 6607/2703/999 6608/2673/999 6682/2704/999
f 6681/2674/999 6682/2704/999 6608/2673/999
f 6734/2748/999 6695/2298/999 6733/2749/999
f 6736/2750/999 6733/2749/999 6735/2751/999
f 6735/2751/999 6733/2749/999 6772/2309/999
f 6695/2298/999 6772/2309/999 6733/2749/999
f 6696/2752/999 6772/2309/999 6695/2298/999
f 6772/2309/999 6696/2752/999 6771/2753/999
f 6730/2353/999 6741/2755/999 6729/2754/999
f 6741/2755/999 6730/2353/999 6740/2756/999
f 6731/2757/999 6740/2756/999 6730/2353/999
f 6740/2756/999 6731/2757/999 6739/2406/999
f 6731/2757/999 6732/2758/999 6739/2406/999
f 6739/2406/999 6732/2758/999 6738/2759/999
f 6733/2749/999 6738/2759/999 6732/2758/999
f 6738/2759/999 6733/2749/999 6737/2376/999
f 6736/2750/999 6737/2376/999 6733/2749/999
f 6723/2331/999 6724/2761/999 6745/2760/999
f 6744/2304/999 6745/2760/999 6724/2761/999
f 6724/2761/999 6725/2762/999 6744/2304/999
f 6726/2763/999 6744/2304/999 6725/2762/999
f 6743/2764/999 6744/2304/999 6726/2763/999
f 6746/2765/999 6721/2767/999 6722/2766/999
f 6721/2767/999 6746/2765/999 6747/2768/999
f 6747/2768/999 6720/2769/999 6721/2767/999
f 6720/2769/999 6747/2768/999 6748/2770/999
f 6768/2771/999 6769/2773/999 6699/2772/999
f 6699/2772/999 6769/2773/999 6698/2774/999
f 6722/2766/999 6723/2331/999 6746/2765/999
f 6745/2760/999 6746/2765/999 6723/2331/999
f 6769/2773/999 6770/2775/999 6698/2774/999
f 6697/2776/999 6698/2774/999 6770/2775/999
f 6726/2763/999 6727/2777/999 6743/2764/999
f 6743/2764/999 6727/2777/999 6742/2778/999
f 6728/2472/999 6742/2778/999 6727/2777/999
f 6729/2754/999 6742/2778/999 6728/2472/999
f 6741/2755/999 6742/2778/999 6729/2754/999
f 6770/2775/999 6771/2753/999 6697/2776/999
f 6696/2752/999 6697/2776/999 6771/2753/999
f 6749/2779/999 6718/2781/999 6719/2780/999
f 6750/2457/999 6718/2781/999 6749/2779/999
f 6766/2782/999 6767/2784/999 6700/2783/999
f 6750/2457/999 6717/2398/999 6718/2781/999
f 6751/2277/999 6717/2398/999 6750/2457/999
f 6766/2782/999 6701/2785/999 6765/2295/999
f 6700/2783/999 6701/2785/999 6766/2782/999
f 6711/2786/999 6756/2788/999 6710/2787/999
f 6757/2789/999 6710/2787/999 6756/2788/999
f 6710/2787/999 6757/2789/999 6709/2343/999
f 6758/2271/999 6709/2343/999 6757/2789/999
f 6759/2790/999 6709/2343/999 6758/2271/999
f 6709/2343/999 6759/2790/999 6708/2791/999
f 6760/2792/999 6708/2791/999 6759/2790/999
f 6708/2791/999 6760/2792/999 6707/2793/999
f 6751/2277/999 6716/2322/999 6717/2398/999
f 6752/2794/999 6716/2322/999 6751/2277/999
f 6716/2322/999 6752/2794/999 6715/2795/999
f 6753/2796/999 6715/2795/999 6752/2794/999
f 6715/2795/999 6753/2796/999 6714/2797/999
f 6754/2798/999 6714/2797/999 6753/2796/999
f 6714/2797/999 6754/2798/999 6713/2799/999
f 6713/2799/999 6754/2798/999 6712/2800/999
f 6755/2801/999 6712/2800/999 6754/2798/999
f 6712/2800/999 6755/2801/999 6711/2786/999
f 6711/2786/999 6755/2801/999 6756/2788/999
f 6760/2792/999 6761/2436/999 6707/2793/999
f 6707/2793/999 6761/2436/999 6706/2409/999
f 6762/2802/999 6706/2409/999 6761/2436/999
f 6706/2409/999 6762/2802/999 6705/2803/999
f 6763/2804/999 6705/2803/999 6762/2802/999
f 6705/2803/999 6763/2804/999 6704/2805/999
f 6704/2805/999 6763/2804/999 6703/2806/999
f 6764/2807/999 6703/2806/999 6763/2804/999
f 6703/2806/999 6764/2807/999 6702/2366/999
f 6765/2295/999 6702/2366/999 6764/2807/999
f 6701/2785/999 6702/2366/999 6765/2295/999
f 6748/2770/999 6719/2780/999 6720/2769/999
f 6719/2780/999 6748/2770/999 6749/2779/999
f 6699/2772/999 6767/2784/999 6768/2771/999
f 6767/2784/999 6699/2772/999 6700/2783/999
f 6836/2370/999 6832/2361/999 6835/2368/999
f 6835/2368/999 6832/2361/999 6834/2365/999
f 6833/2363/999 6834/2365/999 6832/2361/999
f 6829/2355/999 6839/2376/999 6828/2353/999
f 6829/2355/999 6830/2357/999 6839/2376/999
f 6839/2376/999 6830/2357/999 6838/2374/999
f 6831/2359/999 6838/2374/999 6830/2357/999
f 6838/2374/999 6831/2359/999 6837/2372/999
f 6832/2361/999 6837/2372/999 6831/2359/999
f 6836/2370/999 6837/2372/999 6832/2361/999
f 6868/2262/999 6797/2340/999 6867/2263/999
f 6869/2261/999 6797/2340/999 6868/2262/999
f 6797/2340/999 6869/2261/999 6796/2342/999
f 6870/2264/999 6796/2342/999 6869/2261/999
f 6796/2342/999 6870/2264/999 6795/2343/999
f 6871/2270/999 6795/2343/999 6870/2264/999
f 6795/2343/999 6871/2270/999 6794/2346/999
f 6872/2271/999 6794/2346/999 6871/2270/999
f 6824/2345/999 6825/2347/999 6842/2382/999
f 6822/2341/999 6823/2344/999 6844/2284/999
f 6844/2284/999 6823/2344/999 6843/2283/999
f 6820/2337/999 6821/2339/999 6845/2282/999
f 6880/2279/999 6785/2364/999 6786/2362/999
f 6844/2284/999 6821/2339/999 6822/2341/999
f 6821/2339/999 6844/2284/999 6845/2282/999
f 6879/2280/999 6786/2362/999 6787/2360/999
f 6786/2362/999 6879/2280/999 6880/2279/999
f 6823/2344/999 6824/2345/999 6843/2283/999
f 6842/2382/999 6843/2283/999 6824/2345/999
f 6863/2315/999 6864/2285/999 6800/2334/999
f 6799/2336/999 6800/2334/999 6864/2285/999
f 6877/2317/999 6788/2358/999 6789/2356/999
f 6878/2318/999 6788/2358/999 6877/2317/999
f 6788/2358/999 6878/2318/999 6787/2360/999
f 6787/2360/999 6878/2318/999 6879/2280/999
f 6825/2347/999 6826/2349/999 6842/2382/999
f 6842/2382/999 6826/2349/999 6841/2380/999
f 6827/2351/999 6841/2380/999 6826/2349/999
f 6841/2380/999 6827/2351/999 6840/2378/999
f 6828/2353/999 6840/2378/999 6827/2351/999
f 6839/2376/999 6840/2378/999 6828/2353/999
f 6864/2285/999 6865/2267/999 6799/2336/999
f 6866/2266/999 6799/2336/999 6865/2267/999
f 6799/2336/999 6866/2266/999 6798/2338/999
f 6867/2263/999 6798/2338/999 6866/2266/999
f 6797/2340/999 6798/2338/999 6867/2263/999
f 6872/2271/999 6793/2348/999 6794/2346/999
f 6873/2269/999 6793/2348/999 6872/2271/999
f 6793/2348/999 6873/2269/999 6792/2350/999
f 6874/2265/999 6792/2350/999 6873/2269/999
f 6792/2350/999 6874/2265/999 6791/2352/999
f 6875/2268/999 6791/2352/999 6874/2265/999
f 6791/2352/999 6875/2268/999 6790/2354/999
f 6876/2286/999 6790/2354/999 6875/2268/999
f 6790/2354/999 6876/2286/999 6789/2356/999
f 6789/2356/999 6876/2286/999 6877/2317/999
f 6783/2367/999 6784/2366/999 6881/2278/999
f 6782/2369/999 6882/2294/999 6883/2295/999
f 6781/2371/999 6782/2369/999 6884/2296/999
f 6883/2295/999 6884/2296/999 6782/2369/999
f 6847/2308/999 6819/2335/999 6846/2281/999
f 6782/2369/999 6783/2367/999 6882/2294/999
f 6881/2278/999 6882/2294/999 6783/2367/999
f 6885/2293/999 6886/2292/999 6780/2373/999
f 6847/2308/999 6818/2333/999 6819/2335/999
f 6848/2307/999 6818/2333/999 6847/2308/999
f 6818/2333/999 6848/2307/999 6817/2331/999
f 6817/2331/999 6848/2307/999 6849/2306/999
f 6802/2330/999 6803/2328/999 6861/2277/999
f 6780/2373/999 6781/2371/999 6885/2293/999
f 6884/2296/999 6885/2293/999 6781/2371/999
f 6773/2298/999 6893/2310/999 6894/2309/999
f 6774/2297/999 6893/2310/999 6773/2298/999
f 6812/2321/999 6854/2291/999 6811/2272/999
f 6855/2289/999 6811/2272/999 6854/2291/999
f 6811/2272/999 6855/2289/999 6810/2273/999
f 6856/2288/999 6810/2273/999 6855/2289/999
f 6810/2273/999 6856/2288/999 6809/2274/999
f 6857/2287/999 6809/2274/999 6856/2288/999
f 6809/2274/999 6857/2287/999 6808/2319/999
f 6858/2290/999 6808/2319/999 6857/2287/999
f 6808/2319/999 6858/2290/999 6807/2320/999
f 6807/2320/999 6858/2290/999 6806/2322/999
f 6774/2297/999 6775/2299/999 6893/2310/999
f 6776/2381/999 6893/2310/999 6775/2299/999
f 6893/2310/999 6776/2381/999 6892/2312/999
f 6892/2312/999 6776/2381/999 6891/2311/999
f 6777/2379/999 6891/2311/999 6776/2381/999
f 6890/2305/999 6891/2311/999 6777/2379/999
f 6849/2306/999 6816/2329/999 6817/2331/999
f 6850/2304/999 6816/2329/999 6849/2306/999
f 6816/2329/999 6850/2304/999 6815/2327/999
f 6851/2302/999 6815/2327/999 6850/2304/999
f 6815/2327/999 6851/2302/999 6814/2325/999
f 6852/2301/999 6814/2325/999 6851/2302/999
f 6814/2325/999 6852/2301/999 6813/2323/999
f 6853/2314/999 6813/2323/999 6852/2301/999
f 6813/2323/999 6853/2314/999 6812/2321/999
f 6812/2321/999 6853/2314/999 6854/2291/999
f 6858/2290/999 6859/2276/999 6806/2322/999
f 6806/2322/999 6859/2276/999 6805/2324/999
f 6860/2275/999 6805/2324/999 6859/2276/999
f 6805/2324/999 6860/2275/999 6804/2326/999
f 6861/2277/999 6804/2326/999 6860/2275/999
f 6803/2328/999 6804/2326/999 6861/2277/999
f 6777/2379/999 6778/2377/999 6890/2305/999
f 6890/2305/999 6778/2377/999 6889/2303/999
f 6889/2303/999 6778/2377/999 6888/2300/999
f 6779/2375/999 6888/2300/999 6778/2377/999
f 6888/2300/999 6779/2375/999 6887/2316/999
f 6780/2373/999 6887/2316/999 6779/2375/999
f 6886/2292/999 6887/2316/999 6780/2373/999
f 6819/2335/999 6820/2337/999 6846/2281/999
f 6845/2282/999 6846/2281/999 6820/2337/999
f 6861/2277/999 6862/2313/999 6802/2330/999
f 6802/2330/999 6862/2313/999 6801/2332/999
f 6863/2315/999 6801/2332/999 6862/2313/999
f 6800/2334/999 6801/2332/999 6863/2315/999
f 6880/2279/999 6784/2366/999 6785/2364/999
f 6784/2366/999 6880/2279/999 6881/2278/999
f 6969/2808/999 6966/2810/999 6968/2809/999
f 6967/2811/999 6968/2809/999 6966/2810/999
f 6960/2812/999 6961/2814/999 6974/2813/999
f 6974/2813/999 6961/2814/999 6973/2815/999
f 6962/2816/999 6973/2815/999 6961/2814/999
f 6962/2816/999 6963/2817/999 6973/2815/999
f 6973/2815/999 6963/2817/999 6972/2818/999
f 6964/2819/999 6972/2818/999 6963/2817/999
f 6972/2818/999 6964/2819/999 6971/2406/999
f 6965/2820/999 6971/2406/999 6964/2819/999
f 6971/2406/999 6965/2820/999 6970/2821/999
f 6966/2810/999 6970/2821/999 6965/2820/999
f 6969/2808/999 6970/2821/999 6966/2810/999
f 7004/2822/999 6918/2824/999 7003/2823/999
f 6918/2824/999 7004/2822/999 6917/2825/999
f 7005/2826/999 6917/2825/999 7004/2822/999
f 6906/2827/999 6907/2829/999 7015/2828/999
f 6978/2830/999 6979/2832/999 6955/2831/999
f 6955/2831/999 6956/2833/999 6978/2830/999
f 6977/2834/999 6978/2830/999 6956/2833/999
f 6908/2835/999 7014/2836/999 6907/2829/999
f 6907/2829/999 7014/2836/999 7015/2828/999
f 6956/2833/999 6957/2837/999 6977/2834/999
f 6958/2838/999 6977/2834/999 6957/2837/999
f 6976/2839/999 6977/2834/999 6958/2838/999
f 6927/2840/999 6997/2842/999 6926/2841/999
f 6910/2843/999 7013/2845/999 6909/2844/999
f 6909/2844/999 7013/2845/999 6908/2835/999
f 6908/2835/999 7013/2845/999 7014/2836/999
f 6958/2838/999 6959/2846/999 6976/2839/999
f 6976/2839/999 6959/2846/999 6975/2847/999
f 6960/2812/999 6975/2847/999 6959/2846/999
f 6974/2813/999 6975/2847/999 6960/2812/999
f 6997/2842/999 6998/2848/999 6926/2841/999
f 6926/2841/999 6998/2848/999 6925/2849/999
f 6925/2849/999 6998/2848/999 6924/2850/999
f 6999/2851/999 6924/2850/999 6998/2848/999
f 6924/2850/999 6999/2851/999 6923/2852/999
f 7000/2853/999 6923/2852/999 6999/2851/999
f 6923/2852/999 7000/2853/999 6922/2854/999
f 6922/2854/999 7000/2853/999 6921/2855/999
f 7001/2856/999 6921/2855/999 7000/2853/999
f 6921/2855/999 7001/2856/999 6920/2857/999
f 7002/2858/999 6920/2857/999 7001/2856/999
f 6920/2857/999 7002/2858/999 6919/2859/999
f 7003/2823/999 6919/2859/999 7002/2858/999
f 6918/2824/999 6919/2859/999 7003/2823/999
f 7005/2826/999 6916/2860/999 6917/2825/999
f 7006/2861/999 6916/2860/999 7005/2826/999
f 6916/2860/999 7006/2861/999 6915/2862/999
f 7007/2863/999 6915/2862/999 7006/2861/999
f 7008/2864/999 6915/2862/999 7007/2863/999
f 6915/2862/999 7008/2864/999 6914/2409/999
f 7009/2436/999 6914/2409/999 7008/2864/999
f 6914/2409/999 7009/2436/999 6913/2865/999
f 7010/2866/999 6913/2865/999 7009/2436/999
f 6913/2865/999 7010/2866/999 6912/2867/999
f 7011/2868/999 6912/2867/999 7010/2866/999
f 6912/2867/999 7011/2868/999 6911/2869/999
f 7012/2870/999 6911/2869/999 7011/2868/999
f 6911/2869/999 7012/2870/999 6910/2843/999
f 6910/2843/999 7012/2870/999 7013/2845/999
f 6980/2871/999 6953/2873/999 6954/2872/999
f 6981/2874/999 6953/2873/999 6980/2871/999
f 6953/2873/999 6981/2874/999 6982/2875/999
f 6903/2876/999 6904/2878/999 7018/2877/999
f 7018/2877/999 6904/2878/999 7017/2879/999
f 6905/2880/999 7017/2879/999 6904/2878/999
f 7016/2881/999 7017/2879/999 6905/2880/999
f 6982/2875/999 6952/2472/999 6953/2873/999
f 6983/2882/999 6952/2472/999 6982/2875/999
f 6929/2883/999 6930/2885/999 6995/2884/999
f 6902/2886/999 6903/2876/999 7020/2887/999
f 7020/2887/999 6903/2876/999 7019/2888/999
f 7018/2877/999 7019/2888/999 6903/2876/999
f 6899/2889/999 7025/2891/999 6898/2890/999
f 7025/2891/999 6899/2889/999 7024/2892/999
f 7028/2309/999 6895/2298/999 7027/2893/999
f 6895/2298/999 6896/2894/999 7027/2893/999
f 6897/2895/999 7027/2893/999 6896/2894/999
f 7027/2893/999 6897/2895/999 7026/2896/999
f 6898/2890/999 7026/2896/999 6897/2895/999
f 7025/2891/999 7026/2896/999 6898/2890/999
f 6983/2882/999 6951/2897/999 6952/2472/999
f 6984/2898/999 6951/2897/999 6983/2882/999
f 6951/2897/999 6984/2898/999 6950/2899/999
f 6985/2900/999 6950/2899/999 6984/2898/999
f 6950/2899/999 6985/2900/999 6949/2901/999
f 6986/2902/999 6949/2901/999 6985/2900/999
f 6949/2901/999 6986/2902/999 6948/2903/999
f 6987/2904/999 6948/2903/999 6986/2902/999
f 6948/2903/999 6987/2904/999 6947/2905/999
f 6988/2906/999 6947/2905/999 6987/2904/999
f 6947/2905/999 6988/2906/999 6946/2907/999
f 6946/2907/999 6988/2906/999 6945/2908/999
f 6989/2909/999 6945/2908/999 6988/2906/999
f 6945/2908/999 6989/2909/999 6944/2910/999
f 6990/2457/999 6944/2910/999 6989/2909/999
f 6944/2910/999 6990/2457/999 6943/2911/999
f 6991/2912/999 6943/2911/999 6990/2457/999
f 6943/2911/999 6991/2912/999 6942/2913/999
f 6942/2913/999 6991/2912/999 6941/2914/999
f 6941/2914/999 6991/2912/999 6940/2915/999
f 6940/2915/999 6991/2912/999 6939/2916/999
f 6992/2917/999 6939/2916/999 6991/2912/999
f 6939/2916/999 6992/2917/999 6938/2918/999
f 6938/2918/999 6992/2917/999 6937/2919/999
f 6937/2919/999 6992/2917/999 6936/2920/999
f 6936/2920/999 6992/2917/999 6935/2921/999
f 6935/2921/999 6992/2917/999 6934/2922/999
f 6993/2923/999 6934/2922/999 6992/2917/999
f 6934/2922/999 6993/2923/999 6933/2398/999
f 6933/2398/999 6993/2923/999 6932/2924/999
f 6994/2925/999 6932/2924/999 6993/2923/999
f 6932/2924/999 6994/2925/999 6931/2926/999
f 6995/2884/999 6931/2926/999 6994/2925/999
f 6930/2885/999 6931/2926/999 6995/2884/999
f 6899/2889/999 6900/2927/999 7024/2892/999
f 7024/2892/999 6900/2927/999 7023/2928/999
f 7023/2928/999 6900/2927/999 7022/2929/999
f 6901/2930/999 7022/2929/999 6900/2927/999
f 7022/2929/999 6901/2930/999 7021/2931/999
f 6902/2886/999 7021/2931/999 6901/2930/999
f 7020/2887/999 7021/2931/999 6902/2886/999
f 6979/2832/999 6954/2872/999 6955/2831/999
f 6954/2872/999 6979/2832/999 6980/2871/999
f 6995/2884/999 6996/2932/999 6929/2883/999
f 6929/2883/999 6996/2932/999 6928/2933/999
f 6997/2842/999 6928/2933/999 6996/2932/999
f 6927/2840/999 6928/2933/999 6997/2842/999
f 6905/2880/999 6906/2827/999 7016/2881/999
f 7015/2828/999 7016/2881/999 6906/2827/999
f 7103/2808/999 7100/2810/999 7102/2809/999
f 7101/2811/999 7102/2809/999 7100/2810/999
f 7094/2812/999 7095/2814/999 7108/2813/999
f 7108/2813/999 7095/2814/999 7107/2815/999
f 7096/2816/999 7107/2815/999 7095/2814/999
f 7096/2816/999 7097/2817/999 7107/2815/999
f 7107/2815/999 7097/2817/999 7106/2818/999
f 7098/2819/999 7106/2818/999 7097/2817/999
f 7106/2818/999 7098/2819/999 7105/2406/999
f 7099/2820/999 7105/2406/999 7098/2819/999
f 7105/2406/999 7099/2820/999 7104/2821/999
f 7100/2810/999 7104/2821/999 7099/2820/999
f 7103/2808/999 7104/2821/999 7100/2810/999
f 7138/2822/999 7052/2824/999 7137/2823/999
f 7052/2824/999 7138/2822/999 7051/2825/999
f 7139/2826/999 7051/2825/999 7138/2822/999
f 7040/2827/999 7041/2829/999 7149/2828/999
f 7112/2830/999 7113/2832/999 7089/2831/999
f 7089/2831/999 7090/2833/999 7112/2830/999
f 7111/2834/999 7112/2830/999 7090/2833/999
f 7042/2835/999 7148/2836/999 7041/2829/999
f 7041/2829/999 7148/2836/999 7149/2828/999
f 7090/2833/999 7091/2837/999 7111/2834/999
f 7092/2838/999 7111/2834/999 7091/2837/999
f 7110/2839/999 7111/2834/999 7092/2838/999
f 7061/2840/999 7131/2842/999 7060/2841/999
f 7044/2843/999 7147/2845/999 7043/2844/999
f 7043/2844/999 7147/2845/999 7042/2835/999
f 7042/2835/999 7147/2845/999 7148/2836/999
f 7092/2838/999 7093/2846/999 7110/2839/999
f 7110/2839/999 7093/2846/999 7109/2847/999
f 7094/2812/999 7109/2847/999 7093/2846/999
f 7108/2813/999 7109/2847/999 7094/2812/999
f 7131/2842/999 7132/2848/999 7060/2841/999
f 7060/2841/999 7132/2848/999 7059/2849/999
f 7059/2849/999 7132/2848/999 7058/2850/999
f 7133/2851/999 7058/2850/999 7132/2848/999
f 7058/2850/999 7133/2851/999 7057/2852/999
f 7134/2853/999 7057/2852/999 7133/2851/999
f 7057/2852/999 7134/2853/999 7056/2854/999
f 7056/2854/999 7134/2853/999 7055/2855/999
f 7135/2856/999 7055/2855/999 7134/2853/999
f 7055/2855/999 7135/2856/999 7054/2857/999
f 7136/2858/999 7054/2857/999 7135/2856/999
f 7054/2857/999 7136/2858/999 7053/2859/999
f 7137/2823/999 7053/2859/999 7136/2858/999
f 7052/2824/999 7053/2859/999 7137/2823/999
f 7139/2826/999 7050/2860/999 7051/2825/999
f 7140/2861/999 7050/2860/999 7139/2826/999
f 7050/2860/999 7140/2861/999 7049/2862/999
f 7141/2863/999 7049/2862/999 7140/2861/999
f 7142/2864/999 7049/2862/999 7141/2863/999
f 7049/2862/999 7142/2864/999 7048/2409/999
f 7143/2436/999 7048/2409/999 7142/2864/999
f 7048/2409/999 7143/2436/999 7047/2865/999
f 7144/2866/999 7047/2865/999 7143/2436/999
f 7047/2865/999 7144/2866/999 7046/2867/999
f 7145/2868/999 7046/2867/999 7144/2866/999
f 7046/2867/999 7145/2868/999 7045/2869/999
f 7146/2870/999 7045/2869/999 7145/2868/999
f 7045/2869/999 7146/2870/999 7044/2843/999
f 7044/2843/999 7146/2870/999 7147/2845/999
f 7114/2871/999 7087/2873/999 7088/2872/999
f 7115/2874/999 7087/2873/999 7114/2871/999
f 7087/2873/999 7115/2874/999 7116/2875/999
f 7037/2876/999 7038/2878/999 7152/2877/999
f 7152/2877/999 7038/2878/999 7151/2879/999
f 7039/2880/999 7151/2879/999 7038/2878/999
f 7150/2881/999 7151/2879/999 7039/2880/999
f 7116/2875/999 7086/2472/999 7087/2873/999
f 7117/2882/999 7086/2472/999 7116/2875/999
f 7063/2883/999 7064/2885/999 7129/2884/999
f 7036/2886/999 7037/2876/999 7154/2887/999
f 7154/2887/999 7037/2876/999 7153/2888/999
f 7152/2877/999 7153/2888/999 7037/2876/999
f 7033/2889/999 7159/2891/999 7032/2890/999
f 7159/2891/999 7033/2889/999 7158/2892/999
f 7162/2309/999 7029/2298/999 7161/2893/999
f 7029/2298/999 7030/2894/999 7161/2893/999
f 7031/2895/999 7161/2893/999 7030/2894/999
f 7161/2893/999 7031/2895/999 7160/2896/999
f 7032/2890/999 7160/2896/999 7031/2895/999
f 7159/2891/999 7160/2896/999 7032/2890/999
f 7117/2882/999 7085/2897/999 7086/2472/999
f 7118/2898/999 7085/2897/999 7117/2882/999
f 7085/2897/999 7118/2898/999 7084/2899/999
f 7119/2900/999 7084/2899/999 7118/2898/999
f 7084/2899/999 7119/2900/999 7083/2901/999
f 7120/2902/999 7083/2901/999 7119/2900/999
f 7083/2901/999 7120/2902/999 7082/2903/999
f 7121/2904/999 7082/2903/999 7120/2902/999
f 7082/2903/999 7121/2904/999 7081/2905/999
f 7122/2906/999 7081/2905/999 7121/2904/999
f 7081/2905/999 7122/2906/999 7080/2907/999
f 7080/2907/999 7122/2906/999 7079/2908/999
f 7123/2909/999 7079/2908/999 7122/2906/999
f 7079/2908/999 7123/2909/999 7078/2910/999
f 7124/2457/999 7078/2910/999 7123/2909/999
f 7078/2910/999 7124/2457/999 7077/2911/999
f 7125/2912/999 7077/2911/999 7124/2457/999
f 7077/2911/999 7125/2912/999 7076/2913/999
f 7076/2913/999 7125/2912/999 7075/2914/999
f 7075/2914/999 7125/2912/999 7074/2915/999
f 7074/2915/999 7125/2912/999 7073/2916/999
f 7126/2917/999 7073/2916/999 7125/2912/999
f 7073/2916/999 7126/2917/999 7072/2918/999
f 7072/2918/999 7126/2917/999 7071/2919/999
f 7071/2919/999 7126/2917/999 7070/2920/999
f 7070/2920/999 7126/2917/999 7069/2921/999
f 7069/2921/999 7126/2917/999 7068/2922/999
f 7127/2923/999 7068/2922/999 7126/2917/999
f 7068/2922/999 7127/2923/999 7067/2398/999
f 7067/2398/999 7127/2923/999 7066/2924/999
f 7128/2925/999 7066/2924/999 7127/2923/999
f 7066/2924/999 7128/2925/999 7065/2926/999
f 7129/2884/999 7065/2926/999 7128/2925/999
f 7064/2885/999 7065/2926/999 7129/2884/999
f 7033/2889/999 7034/2927/999 7158/2892/999
f 7158/2892/999 7034/2927/999 7157/2928/999
f 7157/2928/999 7034/2927/999 7156/2929/999
f 7035/2930/999 7156/2929/999 7034/2927/999
f 7156/2929/999 7035/2930/999 7155/2931/999
f 7036/2886/999 7155/2931/999 7035/2930/999
f 7154/2887/999 7155/2931/999 7036/2886/999
f 7113/2832/999 7088/2872/999 7089/2831/999
f 7088/2872/999 7113/2832/999 7114/2871/999
f 7129/2884/999 7130/2932/999 7063/2883/999
f 7063/2883/999 7130/2932/999 7062/2933/999
f 7131/2842/999 7062/2933/999 7130/2932/999
f 7061/2840/999 7062/2933/999 7131/2842/999
f 7039/2880/999 7040/2827/999 7150/2881/999
f 7149/2828/999 7150/2881/999 7040/2827/999
f 7184/2383/999 7213/2385/999 7183/2384/999
f 7213/2385/999 7184/2383/999 7212/2386/999
f 7185/2387/999 7212/2386/999 7184/2383/999
f 7212/2386/999 7185/2387/999 7211/2388/999
f 7186/2389/999 7211/2388/999 7185/2387/999
f 7211/2388/999 7186/2389/999 7260/2390/999
f 7187/2391/999 7260/2390/999 7186/2389/999
f 7188/2392/999 7260/2390/999 7187/2391/999
f 7260/2390/999 7188/2392/999 7259/2393/999
f 7189/2394/999 7259/2393/999 7188/2392/999
f 7259/2393/999 7189/2394/999 7258/2395/999
f 7190/2396/999 7258/2395/999 7189/2394/999
f 7258/2395/999 7190/2396/999 7257/2397/999
f 7191/2398/999 7257/2397/999 7190/2396/999
f 7220/2399/999 7221/2401/999 7175/2400/999
f 7248/2402/999 7249/2404/999 7198/2403/999
f 7175/2400/999 7176/2405/999 7220/2399/999
f 7219/2406/999 7220/2399/999 7176/2405/999
f 7197/2407/999 7249/2404/999 7250/2408/999
f 7249/2404/999 7197/2407/999 7198/2403/999
f 7176/2405/999 7177/2409/999 7219/2406/999
f 7218/2410/999 7219/2406/999 7177/2409/999
f 7252/2411/999 7195/2413/999 7251/2412/999
f 7196/2414/999 7251/2412/999 7195/2413/999
f 7251/2412/999 7196/2414/999 7250/2408/999
f 7250/2408/999 7196/2414/999 7197/2407/999
f 7177/2409/999 7178/2415/999 7218/2410/999
f 7218/2410/999 7178/2415/999 7217/2416/999
f 7179/2417/999 7217/2416/999 7178/2415/999
f 7217/2416/999 7179/2417/999 7216/2418/999
f 7180/2419/999 7216/2418/999 7179/2417/999
f 7181/2420/999 7216/2418/999 7180/2419/999
f 7216/2418/999 7181/2420/999 7215/2421/999
f 7182/2422/999 7215/2421/999 7181/2420/999
f 7215/2421/999 7182/2422/999 7214/2423/999
f 7183/2384/999 7214/2423/999 7182/2422/999
f 7213/2385/999 7214/2423/999 7183/2384/999
f 7191/2398/999 7256/2424/999 7257/2397/999
f 7192/2425/999 7256/2424/999 7191/2398/999
f 7256/2424/999 7192/2425/999 7255/2426/999
f 7193/2427/999 7255/2426/999 7192/2425/999
f 7255/2426/999 7193/2427/999 7254/2428/999
f 7254/2428/999 7193/2427/999 7253/2429/999
f 7194/2430/999 7253/2429/999 7193/2427/999
f 7253/2429/999 7194/2430/999 7252/2411/999
f 7252/2411/999 7194/2430/999 7195/2413/999
f 7222/2431/999 7223/2433/999 7173/2432/999
f 7246/2434/999 7247/2436/999 7199/2435/999
f 7223/2433/999 7172/2437/999 7173/2432/999
f 7172/2437/999 7223/2433/999 7224/2438/999
f 7245/2439/999 7246/2434/999 7200/2440/999
f 7199/2435/999 7200/2440/999 7246/2434/999
f 7226/2441/999 7169/2443/999 7170/2442/999
f 7169/2443/999 7226/2441/999 7227/2444/999
f 7224/2438/999 7171/2445/999 7172/2437/999
f 7225/2446/999 7171/2445/999 7224/2438/999
f 7171/2445/999 7225/2446/999 7170/2442/999
f 7170/2442/999 7225/2446/999 7226/2441/999
f 7245/2439/999 7201/2448/999 7244/2447/999
f 7200/2440/999 7201/2448/999 7245/2439/999
f 7166/2449/999 7229/2451/999 7165/2450/999
f 7165/2450/999 7229/2451/999 7230/2452/999
f 7234/2453/999 7235/2455/999 7236/2454/999
f 7232/2456/999 7236/2454/999 7163/2298/999
f 7233/2457/999 7236/2454/999 7232/2456/999
f 7236/2454/999 7233/2457/999 7234/2453/999
f 7230/2452/999 7164/2458/999 7165/2450/999
f 7231/2459/999 7164/2458/999 7230/2452/999
f 7164/2458/999 7231/2459/999 7163/2298/999
f 7163/2298/999 7231/2459/999 7232/2456/999
f 7210/2460/999 7211/2388/999 7261/2309/999
f 7210/2460/999 7261/2309/999 7209/2461/999
f 7209/2461/999 7261/2309/999 7208/2462/999
f 7237/2463/999 7208/2462/999 7261/2309/999
f 7208/2462/999 7237/2463/999 7207/2464/999
f 7227/2444/999 7168/2465/999 7169/2443/999
f 7168/2465/999 7227/2444/999 7167/2466/999
f 7228/2467/999 7167/2466/999 7227/2444/999
f 7167/2466/999 7228/2467/999 7166/2449/999
f 7166/2449/999 7228/2467/999 7229/2451/999
f 7237/2463/999 7238/2468/999 7207/2464/999
f 7239/2469/999 7207/2464/999 7238/2468/999
f 7207/2464/999 7239/2469/999 7206/2470/999
f 7240/2471/999 7206/2470/999 7239/2469/999
f 7206/2470/999 7240/2471/999 7205/2472/999
f 7241/2473/999 7205/2472/999 7240/2471/999
f 7205/2472/999 7241/2473/999 7204/2474/999
f 7242/2475/999 7204/2474/999 7241/2473/999
f 7204/2474/999 7242/2475/999 7203/2476/999
f 7243/2477/999 7203/2476/999 7242/2475/999
f 7203/2476/999 7243/2477/999 7202/2478/999
f 7244/2447/999 7202/2478/999 7243/2477/999
f 7201/2448/999 7202/2478/999 7244/2447/999
f 7173/2432/999 7174/2479/999 7222/2431/999
f 7175/2400/999 7222/2431/999 7174/2479/999
f 7221/2401/999 7222/2431/999 7175/2400/999
f 7260/2390/999 7261/2309/999 7211/2388/999
f 7198/2403/999 7247/2436/999 7248/2402/999
f 7247/2436/999 7198/2403/999 7199/2435/999
f 7314/2934/999 7312/2936/999 7313/2935/999
f 7315/2937/999 7312/2936/999 7314/2934/999
f 7315/2937/999 7311/2938/999 7312/2936/999
f 7311/2938/999 7315/2937/999 7310/2939/999
f 7262/2298/999 7310/2939/999 7315/2937/999
f 7310/2939/999 7262/2298/999 7309/2940/999
f 7309/2940/999 7262/2298/999 7308/2941/999
f 7308/2941/999 7262/2298/999 7307/2942/999
f 7307/2942/999 7262/2298/999 7263/2943/999
f 7315/2937/999 7316/2309/999 7262/2298/999
f 7305/2944/999 7265/2946/999 7304/2945/999
f 7266/2947/999 7304/2945/999 7265/2946/999
f 7270/2948/999 7301/2950/999 7269/2949/999
f 7266/2947/999 7303/2951/999 7304/2945/999
f 7267/2952/999 7303/2951/999 7266/2947/999
f 7303/2951/999 7267/2952/999 7302/2953/999
f 7268/2954/999 7302/2953/999 7267/2952/999
f 7302/2953/999 7268/2954/999 7301/2950/999
f 7301/2950/999 7268/2954/999 7269/2949/999
f 7263/2943/999 7306/2955/999 7307/2942/999
f 7264/2956/999 7306/2955/999 7263/2943/999
f 7306/2955/999 7264/2956/999 7305/2944/999
f 7305/2944/999 7264/2956/999 7265/2946/999
f 7274/2957/999 7275/2959/999 7298/2958/999
f 7298/2958/999 7299/2960/999 7274/2957/999
f 7273/2961/999 7274/2957/999 7299/2960/999
f 7296/2962/999 7297/2964/999 7278/2963/999
f 7278/2963/999 7297/2964/999 7277/2965/999
f 7277/2965/999 7297/2964/999 7276/2966/999
f 7298/2958/999 7276/2966/999 7297/2964/999
f 7275/2959/999 7276/2966/999 7298/2958/999
f 7288/2967/999 7289/2386/999 7287/2968/999
f 7290/2969/999 7287/2968/999 7289/2386/999
f 7287/2968/999 7290/2969/999 7286/2970/999
f 7291/2971/999 7286/2970/999 7290/2969/999
f 7286/2970/999 7291/2971/999 7285/2972/999
f 7292/2973/999 7285/2972/999 7291/2971/999
f 7285/2972/999 7292/2973/999 7284/2974/999
f 7292/2973/999 7293/2975/999 7284/2974/999
f 7284/2974/999 7293/2975/999 7283/2976/999
f 7283/2976/999 7293/2975/999 7282/2977/999
f 7294/2978/999 7282/2977/999 7293/2975/999
f 7282/2977/999 7294/2978/999 7281/2979/999
f 7295/2980/999 7281/2979/999 7294/2978/999
f 7281/2979/999 7295/2980/999 7280/2981/999
f 7280/2981/999 7295/2980/999 7279/2982/999
f 7296/2962/999 7279/2982/999 7295/2980/999
f 7278/2963/999 7279/2982/999 7296/2962/999
f 7270/2948/999 7300/2983/999 7301/2950/999
f 7271/2984/999 7300/2983/999 7270/2948/999
f 7272/2985/999 7300/2983/999 7271/2984/999
f 7300/2983/999 7272/2985/999 7299/2960/999
f 7299/2960/999 7272/2985/999 7273/2961/999
f 7356/2748/999 7317/2298/999 7355/2749/999
f 7358/2750/999 7355/2749/999 7357/2751/999
f 7357/2751/999 7355/2749/999 7394/2309/999
f 7317/2298/999 7394/2309/999 7355/2749/999
f 7318/2752/999 7394/2309/999 7317/2298/999
f 7394/2309/999 7318/2752/999 7393/2753/999
f 7352/2353/999 7363/2755/999 7351/2754/999
f 7363/2755/999 7352/2353/999 7362/2756/999
f 7353/2757/999 7362/2756/999 7352/2353/999
f 7362/2756/999 7353/2757/999 7361/2406/999
f 7353/2757/999 7354/2758/999 7361/2406/999
f 7361/2406/999 7354/2758/999 7360/2759/999
f 7355/2749/999 7360/2759/999 7354/2758/999
f 7360/2759/999 7355/2749/999 7359/2376/999
f 7358/2750/999 7359/2376/999 7355/2749/999
f 7345/2331/999 7346/2761/999 7367/2760/999
f 7366/2304/999 7367/2760/999 7346/2761/999
f 7346/2761/999 7347/2762/999 7366/2304/999
f 7348/2763/999 7366/2304/999 7347/2762/999
f 7365/2764/999 7366/2304/999 7348/2763/999
f 7368/2765/999 7343/2767/999 7344/2766/999
f 7343/2767/999 7368/2765/999 7369/2768/999
f 7369/2768/999 7342/2769/999 7343/2767/999
f 7342/2769/999 7369/2768/999 7370/2770/999
f 7390/2771/999 7391/2773/999 7321/2772/999
f 7321/2772/999 7391/2773/999 7320/2774/999
f 7344/2766/999 7345/2331/999 7368/2765/999
f 7367/2760/999 7368/2765/999 7345/2331/999
f 7391/2773/999 7392/2775/999 7320/2774/999
f 7319/2776/999 7320/2774/999 7392/2775/999
f 7348/2763/999 7349/2777/999 7365/2764/999
f 7365/2764/999 7349/2777/999 7364/2778/999
f 7350/2472/999 7364/2778/999 7349/2777/999
f 7351/2754/999 7364/2778/999 7350/2472/999
f 7363/2755/999 7364/2778/999 7351/2754/999
f 7392/2775/999 7393/2753/999 7319/2776/999
f 7318/2752/999 7319/2776/999 7393/2753/999
f 7371/2779/999 7340/2781/999 7341/2780/999
f 7372/2457/999 7340/2781/999 7371/2779/999
f 7388/2782/999 7389/2784/999 7322/2783/999
f 7372/2457/999 7339/2398/999 7340/2781/999
f 7373/2277/999 7339/2398/999 7372/2457/999
f 7388/2782/999 7323/2785/999 7387/2295/999
f 7322/2783/999 7323/2785/999 7388/2782/999
f 7333/2786/999 7378/2788/999 7332/2787/999
f 7379/2789/999 7332/2787/999 7378/2788/999
f 7332/2787/999 7379/2789/999 7331/2343/999
f 7380/2271/999 7331/2343/999 7379/2789/999
f 7381/2790/999 7331/2343/999 7380/2271/999
f 7331/2343/999 7381/2790/999 7330/2791/999
f 7382/2792/999 7330/2791/999 7381/2790/999
f 7330/2791/999 7382/2792/999 7329/2793/999
f 7373/2277/999 7338/2322/999 7339/2398/999
f 7374/2794/999 7338/2322/999 7373/2277/999
f 7338/2322/999 7374/2794/999 7337/2795/999
f 7375/2796/999 7337/2795/999 7374/2794/999
f 7337/2795/999 7375/2796/999 7336/2797/999
f 7376/2798/999 7336/2797/999 7375/2796/999
f 7336/2797/999 7376/2798/999 7335/2799/999
f 7335/2799/999 7376/2798/999 7334/2800/999
f 7377/2801/999 7334/2800/999 7376/2798/999
f 7334/2800/999 7377/2801/999 7333/2786/999
f 7333/2786/999 7377/2801/999 7378/2788/999
f 7382/2792/999 7383/2436/999 7329/2793/999
f 7329/2793/999 7383/2436/999 7328/2409/999
f 7384/2802/999 7328/2409/999 7383/2436/999
f 7328/2409/999 7384/2802/999 7327/2803/999
f 7385/2804/999 7327/2803/999 7384/2802/999
f 7327/2803/999 7385/2804/999 7326/2805/999
f 7326/2805/999 7385/2804/999 7325/2806/999
f 7386/2807/999 7325/2806/999 7385/2804/999
f 7325/2806/999 7386/2807/999 7324/2366/999
f 7387/2295/999 7324/2366/999 7386/2807/999
f 7323/2785/999 7324/2366/999 7387/2295/999
f 7370/2770/999 7341/2780/999 7342/2769/999
f 7341/2780/999 7370/2770/999 7371/2779/999
f 7321/2772/999 7389/2784/999 7390/2771/999
f 7389/2784/999 7321/2772/999 7322/2783/999
s 1
f 7396/2986/1001 7398/2987/1002 7397/2988/1002 7395/2298/1001
f 7398/2987/1002 7400/2989/1003 7399/2990/1003 7397/2988/1002
f 7400/2989/1003 7402/2991/1004 7401/2992/1004 7399/2990/1003
f 7402/2991/1004 7404/2993/1005 7403/2994/1005 7401/2992/1004
f 7404/2993/1005 7406/2995/1006 7405/2996/1006 7403/2994/1005
f 7406/2995/1006 7408/2997/1007 7407/2998/1007 7405/2996/1006
f 7408/2997/1007 7410/2999/1008 7409/3000/1008 7407/2998/1007
f 7410/2999/1008 7412/3001/1009 7411/3002/1009 7409/3000/1008
f 7412/3001/1009 7414/3003/1010 7413/3004/1010 7411/3002/1009
f 7414/3003/1010 7416/3005/1011 7415/3006/1011 7413/3004/1010
f 7416/3005/1011 7418/3007/1012 7417/3008/1012 7415/3006/1011
f 7418/3007/1012 7420/3009/1013 7419/3010/1013 7417/3008/1012
f 7420/3009/1013 7422/3011/1014 7421/3012/1014 7419/3010/1013
f 7422/3011/1014 7424/3013/1015 7423/3014/1015 7421/3012/1014
f 7424/3013/1015 7426/3015/1016 7425/3016/1016 7423/3014/1015
f 7426/3015/1016 7428/3017/1017 7427/3018/1017 7425/3016/1016
f 7428/3017/1017 7430/3019/1018 7429/3020/1018 7427/3018/1017
f 7430/3019/1018 7432/3021/1019 7431/3022/1019 7429/3020/1018
f 7432/3021/1019 7434/3023/1020 7433/3024/1020 7431/3022/1019
f 7434/3023/1020 7436/3025/1021 7435/2386/1021 7433/3024/1020
f 7436/3025/1021 7438/3026/1022 7437/3027/1022 7435/2386/1021
f 7438/3026/1022 7440/3028/1023 7439/3029/1023 7437/3027/1022
f 7440/3028/1023 7442/3030/1024 7441/3031/1024 7439/3029/1023
f 7442/3030/1024 7444/3032/1025 7443/3033/1025 7441/3031/1024
f 7444/3032/1025 7446/3034/1026 7445/3035/1026 7443/3033/1025
f 7446/3034/1026 7448/3036/1027 7447/3037/1027 7445/3035/1026
f 7448/3036/1027 7450/3038/1028 7449/3039/1028 7447/3037/1027
f 7450/3038/1028 7452/3040/1029 7451/3041/1029 7449/3039/1028
f 7452/3040/1029 7454/3042/1030 7453/3043/1030 7451/3041/1029
f 7454/3042/1030 7456/3044/1031 7455/3045/1031 7453/3043/1030
f 7456/3044/1031 7458/3046/1032 7457/3047/1032 7455/3045/1031
f 7458/3046/1032 7460/3048/1033 7459/3049/1033 7457/3047/1032
f 7460/3048/1033 7462/3050/1034 7461/3051/1034 7459/3049/1033
f 7462/3050/1034 7464/3052/1035 7463/3053/1035 7461/3051/1034
f 7464/3052/1035 7466/3054/1036 7465/3055/1036 7463/3053/1035
f 7466/3054/1036 7468/3056/1037 7467/3057/1037 7465/3055/1036
f 7468/3056/1037 7470/3058/1038 7469/3059/1038 7467/3057/1037
f 7470/3058/1038 7472/3060/1039 7471/3061/1039 7469/3059/1038
f 7472/3060/1039 7474/3062/1040 7473/3063/1040 7471/3061/1039
f 7474/3062/1040 7396/3064/1001 7395/2309/1001 7473/3063/1040
f 7476/2986/1041 7478/3065/1042 7477/3066/1042 7475/2298/1041
f 7478/3065/1042 7480/3067/1043 7479/2886/1043 7477/3066/1042
f 7480/3067/1043 7482/3068/1044 7481/3069/1044 7479/2886/1043
f 7482/3068/1044 7484/3070/1045 7483/2844/1045 7481/3069/1044
f 7484/3070/1045 7486/3071/1046 7485/3072/1046 7483/2844/1045
f 7486/3071/1046 7488/3073/1047 7487/2860/1047 7485/3072/1046
f 7488/3073/1047 7490/3074/1048 7489/3075/1048 7487/2860/1047
f 7490/3074/1048 7492/3076/1049 7491/2852/1049 7489/3075/1048
f 7492/3076/1049 7494/3077/1050 7493/3078/1050 7491/2852/1049
f 7494/3077/1050 7496/3079/1051 7495/2885/1051 7493/3078/1050
f 7496/3079/1051 7498/3080/1052 7497/3081/1052 7495/2885/1051
f 7498/3080/1052 7500/3082/1053 7499/2919/1053 7497/3081/1052
f 7500/3082/1053 7502/3083/1054 7501/3084/1054 7499/2919/1053
f 7502/3083/1054 7504/3085/1055 7503/2910/1055 7501/3084/1054
f 7504/3085/1055 7506/3086/1056 7505/3087/1056 7503/2910/1055
f 7506/3086/1056 7508/3088/1057 7507/2897/1057 7505/3087/1056
f 7508/3088/1057 7510/3089/1058 7509/3090/1058 7507/2897/1057
f 7510/3089/1058 7512/3091/1059 7511/2838/1059 7509/3090/1058
f 7512/3091/1059 7514/3025/1060 7513/2386/1060 7511/2838/1059
f 7514/3025/1060 7516/3092/1061 7515/2820/1061 7513/2386/1060
f 7516/3092/1061 7518/3093/1062 7517/3094/1062 7515/2820/1061
f 7518/3093/1062 7520/3095/1063 7519/2818/1063 7517/3094/1062
f 7520/3095/1063 7522/3096/1064 7521/3097/1064 7519/2818/1063
f 7522/3096/1064 7524/3098/1065 7523/2832/1065 7521/3097/1064
f 7524/3098/1065 7526/3099/1066 7525/3100/1066 7523/2832/1065
f 7526/3099/1066 7528/3101/1067 7527/2902/1067 7525/3100/1066
f 7528/3101/1067 7530/3102/1068 7529/3103/1068 7527/2902/1067
f 7530/3102/1068 7532/3104/1069 7531/2923/1069 7529/3103/1068
f 7532/3104/1069 7534/3105/1070 7533/3106/1070 7531/2923/1069
f 7534/3105/1070 7536/3107/1071 7535/2853/1071 7533/3106/1070
f 7536/3107/1071 7538/3108/1072 7537/3109/1072 7535/2853/1071
f 7538/3108/1072 7540/3110/1073 7539/2863/1073 7537/3109/1072
f 7540/3110/1073 7542/3111/1074 7541/3112/1074 7539/2863/1073
f 7542/3111/1074 7544/3113/1075 7543/2836/1075 7541/3112/1074
f 7544/3113/1075 7546/3114/1076 7545/3115/1076 7543/2836/1075
f 7546/3114/1076 7548/3116/1040 7547/2931/1040 7545/3115/1076
f 7548/3116/1040 7550/3117/1077 7549/3118/1077 7547/2931/1040
f 7550/3117/1077 7476/3064/1041 7475/2309/1041 7549/3118/1077
f 7552/2986/1078 7554/3119/1079 7553/3120/1079 7551/2298/1078
f 7554/3119/1079 7556/3121/1080 7555/3122/1080 7553/3120/1079
f 7556/3121/1080 7558/3123/1081 7557/3124/1081 7555/3122/1080
f 7558/3123/1081 7560/3125/1082 7559/3126/1082 7557/3124/1081
f 7560/3125/1082 7562/3127/1083 7561/2366/1083 7559/3126/1082
f 7562/3127/1083 7564/3128/1084 7563/3129/1084 7561/2366/1083
f 7564/3128/1084 7566/3130/1085 7565/3131/1085 7563/3129/1084
f 7566/3130/1085 7568/3132/1086 7567/3133/1086 7565/3131/1085
f 7568/3132/1086 7570/3134/1087 7569/3135/1087 7567/3133/1086
f 7570/3134/1087 7572/3136/1088 7571/2343/1088 7569/3135/1087
f 7572/3136/1088 7574/3001/1089 7573/3002/1089 7571/2343/1088
f 7574/3001/1089 7576/3137/1090 7575/3138/1090 7573/3002/1089
f 7576/3137/1090 7578/3139/1091 7577/3140/1091 7575/3138/1090
f 7578/3139/1091 7580/3141/1092 7579/3142/1092 7577/3140/1091
f 7580/3141/1092 7582/3143/1093 7581/2322/1093 7579/3142/1092
f 7582/3143/1093 7584/3144/1094 7583/3145/1094 7581/2322/1093
f 7584/3144/1094 7586/3146/1095 7585/3147/1095 7583/3145/1094
f 7586/3146/1095 7588/3148/1096 7587/3149/1096 7585/3147/1095
f 7588/3148/1096 7590/3150/1097 7589/3151/1097 7587/3149/1096
f 7590/3150/1097 7592/3152/1098 7591/2331/1098 7589/3151/1097
f 7592/3152/1098 7594/3153/1099 7593/3154/1099 7591/2331/1098
f 7594/3153/1099 7596/3017/1100 7595/3018/1100 7593/3154/1099
f 7596/3017/1100 7598/3155/1101 7597/3156/1101 7595/3018/1100
f 7598/3155/1101 7600/3157/1102 7599/3158/1102 7597/3156/1101
f 7600/3157/1102 7602/3159/1103 7601/2353/1103 7599/3158/1102
f 7602/3159/1103 7604/3160/1104 7603/3161/1104 7601/2353/1103
f 7604/3160/1104 7606/3162/1105 7605/3163/1105 7603/3161/1104
f 7606/3162/1105 7608/3164/1106 7607/3165/1106 7605/3163/1105
f 7608/3164/1106 7610/3166/1107 7609/3167/1107 7607/3165/1106
f 7610/3166/1107 7612/3168/1108 7611/2376/1108 7609/3167/1107
f 7612/3168/1108 7614/3169/1109 7613/3170/1109 7611/2376/1108
f 7614/3169/1109 7616/3171/1110 7615/3172/1110 7613/3170/1109
f 7616/3171/1110 7618/3032/1111 7617/3033/1111 7615/3172/1110
f 7618/3032/1111 7620/3173/1112 7619/3174/1112 7617/3033/1111
f 7620/3173/1112 7622/3175/1113 7621/2304/1113 7619/3174/1112
f 7622/3175/1113 7624/3176/1114 7623/3177/1114 7621/2304/1113
f 7624/3176/1114 7626/3178/1115 7625/3179/1115 7623/3177/1114
f 7626/3178/1115 7628/3180/1116 7627/3181/1116 7625/3179/1115
f 7628/3180/1116 7630/3182/1117 7629/3183/1117 7627/3181/1116
f 7630/3182/1117 7632/3184/1118 7631/2277/1118 7629/3183/1117
f 7632/3184/1118 7634/3185/1119 7633/3186/1119 7631/2277/1118
f 7634/3185/1119 7636/3187/1120 7635/3188/1120 7633/3186/1119
f 7636/3187/1120 7638/3189/1121 7637/3190/1121 7635/3188/1120
f 7638/3189/1121 7640/3048/1122 7639/3049/1122 7637/3190/1121
f 7640/3048/1122 7642/3191/1123 7641/2271/1123 7639/3049/1122
f 7642/3191/1123 7644/3192/1124 7643/3193/1124 7641/2271/1123
f 7644/3192/1124 7646/3194/1125 7645/3195/1125 7643/3193/1124
f 7646/3194/1125 7648/3196/1126 7647/3197/1126 7645/3195/1125
f 7648/3196/1126 7650/3198/1127 7649/3199/1127 7647/3197/1126
f 7650/3198/1127 7652/3200/1128 7651/2295/1128 7649/3199/1127
f 7652/3200/1128 7654/3201/1040 7653/3202/1040 7651/2295/1128
f 7654/3201/1040 7656/3203/1001 7655/3204/1001 7653/3202/1040
f 7656/3203/1001 7658/3205/1002 7657/3206/1002 7655/3204/1001
f 7658/3205/1002 7660/3207/1078 7659/3208/1078 7657/3206/1002
f 7660/3207/1078 7552/3064/1078 7551/2309/1078 7659/3208/1078
f 7662/2986/1129 7664/3209/1130 7663/3210/1130 7661/2298/1129
f 7664/3209/1130 7666/3211/1131 7665/3212/1131 7663/3210/1130
f 7666/3211/1131 7668/3213/1132 7667/3214/1132 7665/3212/1131
f 7668/3213/1132 7670/3215/1133 7669/3216/1133 7667/3214/1132
f 7670/3215/1133 7672/3217/1134 7671/3218/1134 7669/3216/1133
f 7672/3217/1134 7674/3219/1135 7673/3220/1135 7671/3218/1134
f 7674/3219/1135 7676/3221/1136 7675/3222/1136 7673/3220/1135
f 7676/3221/1136 7678/3223/1137 7677/3224/1137 7675/3222/1136
f 7678/3223/1137 7680/3225/1138 7679/3226/1138 7677/3224/1137
f 7680/3225/1138 7682/3227/1139 7681/3228/1139 7679/3226/1138
f 7682/3227/1139 7684/3229/1140 7683/3230/1140 7681/3228/1139
f 7684/3229/1140 7686/3231/1141 7685/3232/1141 7683/3230/1140
f 7686/3231/1141 7688/3233/1142 7687/3234/1142 7685/3232/1141
f 7688/3233/1142 7690/3235/1143 7689/3236/1143 7687/3234/1142
f 7690/3235/1143 7692/3237/1144 7691/3238/1144 7689/3236/1143
f 7692/3237/1144 7694/3239/1145 7693/3240/1145 7691/3238/1144
f 7694/3239/1145 7696/3241/1146 7695/3242/1146 7693/3240/1145
f 7696/3241/1146 7698/3243/1147 7697/3244/1147 7695/3242/1146
f 7698/3243/1147 7700/3245/1148 7699/3246/1148 7697/3244/1147
f 7700/3245/1148 7702/3247/1149 7701/3248/1149 7699/3246/1148
f 7702/3247/1149 7704/3249/1150 7703/3250/1150 7701/3248/1149
f 7704/3249/1150 7706/3251/1151 7705/3252/1151 7703/3250/1150
f 7706/3251/1151 7708/3253/1152 7707/3254/1152 7705/3252/1151
f 7708/3253/1152 7710/3255/1153 7709/3256/1153 7707/3254/1152
f 7710/3255/1153 7712/3257/1154 7711/3258/1154 7709/3256/1153
f 7712/3257/1154 7714/3259/1155 7713/3260/1155 7711/3258/1154
f 7714/3259/1155 7716/3261/1156 7715/3262/1156 7713/3260/1155
f 7716/3261/1156 7718/3263/1157 7717/3264/1157 7715/3262/1156
f 7718/3263/1157 7720/3265/1158 7719/3266/1158 7717/3264/1157
f 7720/3265/1158 7722/3267/1159 7721/3268/1159 7719/3266/1158
f 7722/3267/1159 7724/3269/1160 7723/3270/1160 7721/3268/1159
f 7724/3269/1160 7726/3271/1161 7725/3272/1161 7723/3270/1160
f 7726/3271/1161 7728/3273/1162 7727/3274/1162 7725/3272/1161
f 7728/3273/1162 7730/3275/1163 7729/3276/1163 7727/3274/1162
f 7730/3275/1163 7732/3277/1164 7731/3278/1164 7729/3276/1163
f 7732/3277/1164 7734/3279/1165 7733/3280/1165 7731/3278/1164
f 7734/3279/1165 7736/3025/1166 7735/2386/1166 7733/3280/1165
f 7736/3025/1166 7738/3281/1167 7737/3282/1167 7735/2386/1166
f 7738/3281/1167 7740/3283/1168 7739/3284/1168 7737/3282/1167
f 7740/3283/1168 7742/3285/1169 7741/3286/1169 7739/3284/1168
f 7742/3285/1169 7744/3287/1170 7743/3288/1170 7741/3286/1169
f 7744/3287/1170 7746/3289/1171 7745/3290/1171 7743/3288/1170
f 7746/3289/1171 7748/3291/1172 7747/3292/1172 7745/3290/1171
f 7748/3291/1172 7750/3293/1173 7749/3294/1173 7747/3292/1172
f 7750/3293/1173 7752/3295/1174 7751/3296/1174 7749/3294/1173
f 7752/3295/1174 7754/3297/1175 7753/3298/1175 7751/3296/1174
f 7754/3297/1175 7756/3299/1176 7755/3300/1176 7753/3298/1175
f 7756/3299/1176 7758/3301/1177 7757/3302/1177 7755/3300/1176
f 7758/3301/1177 7760/3303/1178 7759/3304/1178 7757/3302/1177
f 7760/3303/1178 7762/3305/1179 7761/3306/1179 7759/3304/1178
f 7762/3305/1179 7764/3307/1180 7763/3308/1180 7761/3306/1179
f 7764/3307/1180 7766/3309/1181 7765/3310/1181 7763/3308/1180
f 7766/3309/1181 7768/3311/1182 7767/3312/1182 7765/3310/1181
f 7768/3311/1182 7770/3313/1183 7769/3314/1183 7767/3312/1182
f 7770/3313/1183 7772/3315/1184 7771/3316/1184 7769/3314/1183
f 7772/3315/1184 7774/3317/1185 7773/3318/1185 7771/3316/1184
f 7774/3317/1185 7776/3319/1186 7775/3320/1186 7773/3318/1185
f 7776/3319/1186 7778/3321/1187 7777/3322/1187 7775/3320/1186
f 7778/3321/1187 7780/3323/1188 7779/3324/1188 7777/3322/1187
f 7780/3323/1188 7782/3325/1189 7781/3326/1189 7779/3324/1188
f 7782/3325/1189 7784/3327/1190 7783/3328/1190 7781/3326/1189
f 7784/3327/1190 7786/3329/1191 7785/3330/1191 7783/3328/1190
f 7786/3329/1191 7788/3331/1192 7787/3332/1192 7785/3330/1191
f 7788/3331/1192 7790/3333/1193 7789/3334/1193 7787/3332/1192
f 7790/3333/1193 7792/3335/1194 7791/3336/1194 7789/3334/1193
f 7792/3335/1194 7794/3337/1195 7793/3338/1195 7791/3336/1194
f 7794/3337/1195 7796/3339/1196 7795/3340/1196 7793/3338/1195
f 7796/3339/1196 7798/3341/1197 7797/3342/1197 7795/3340/1196
f 7798/3341/1197 7800/3343/1198 7799/3344/1198 7797/3342/1197
f 7800/3343/1198 7802/3345/1199 7801/3346/1199 7799/3344/1198
f 7802/3345/1199 7804/3347/1200 7803/3348/1200 7801/3346/1199
f 7804/3347/1200 7806/3349/1201 7805/3350/1201 7803/3348/1200
f 7806/3349/1201 7808/3351/1202 7807/3352/1202 7805/3350/1201
f 7808/3351/1202 7662/3064/1129 7661/2309/1129 7807/3352/1202
f 7810/2986/1203 7812/3353/1204 7811/3354/1204 7809/2298/1203
f 7812/3353/1204 7814/3355/1205 7813/3356/1205 7811/3354/1204
f 7814/3355/1205 7816/3357/1206 7815/3358/1206 7813/3356/1205
f 7816/3357/1206 7818/3359/1207 7817/3360/1207 7815/3358/1206
f 7818/3359/1207 7820/3001/1208 7819/3002/1208 7817/3360/1207
f 7820/3001/1208 7822/3361/1209 7821/3362/1209 7819/3002/1208
f 7822/3361/1209 7824/3363/1210 7823/3364/1210 7821/3362/1209
f 7824/3363/1210 7826/3365/1211 7825/3366/1211 7823/3364/1210
f 7826/3365/1211 7828/3367/1212 7827/3368/1212 7825/3366/1211
f 7828/3367/1212 7830/3017/1213 7829/3018/1213 7827/3368/1212
f 7830/3017/1213 7832/3369/1214 7831/3370/1214 7829/3018/1213
f 7832/3369/1214 7834/3371/1215 7833/3372/1215 7831/3370/1214
f 7834/3371/1215 7836/3373/1216 7835/3374/1216 7833/3372/1215
f 7836/3373/1216 7838/3375/1217 7837/3376/1217 7835/3374/1216
f 7838/3375/1217 7840/3032/1218 7839/3033/1218 7837/3376/1217
f 7840/3032/1218 7842/3377/1219 7841/3378/1219 7839/3033/1218
f 7842/3377/1219 7844/3379/1220 7843/3380/1220 7841/3378/1219
f 7844/3379/1220 7846/3381/1221 7845/3382/1221 7843/3380/1220
f 7846/3381/1221 7848/3383/1222 7847/3384/1222 7845/3382/1221
f 7848/3383/1222 7850/3048/1223 7849/3049/1223 7847/3384/1222
f 7850/3048/1223 7852/3385/1224 7851/3386/1224 7849/3049/1223
f 7852/3385/1224 7854/3387/1225 7853/3388/1225 7851/3386/1224
f 7854/3387/1225 7856/3389/1226 7855/3390/1226 7853/3388/1225
f 7856/3389/1226 7858/3391/1227 7857/3392/1227 7855/3390/1226
f 7858/3391/1227 7810/3064/1203 7809/2309/1203 7857/3392/1227
f 7860/2986/1228 7862/3393/1229 7861/3394/1229 7859/2298/1228
f 7862/3393/1229 7864/3395/1230 7863/3396/1230 7861/3394/1229
f 7864/3395/1230 7866/3397/1231 7865/3398/1231 7863/3396/1230
f 7866/3397/1231 7868/3399/1232 7867/3400/1232 7865/3398/1231
f 7868/3399/1232 7870/3401/1233 7869/3402/1233 7867/3400/1232
f 7870/3401/1233 7872/3403/1234 7871/3404/1234 7869/3402/1233
f 7872/3403/1234 7874/3405/1235 7873/3406/1235 7871/3404/1234
f 7874/3405/1235 7876/3407/1236 7875/3408/1236 7873/3406/1235
f 7876/3407/1236 7878/3409/1237 7877/3410/1237 7875/3408/1236
f 7878/3409/1237 7880/3411/1238 7879/3412/1238 7877/3410/1237
f 7880/3411/1238 7882/3413/1239 7881/3414/1239 7879/3412/1238
f 7882/3413/1239 7884/3415/1240 7883/3416/1240 7881/3414/1239
f 7884/3415/1240 7886/3417/1241 7885/3418/1241 7883/3416/1240
f 7886/3417/1241 7888/3419/1242 7887/3420/1242 7885/3418/1241
f 7888/3419/1242 7890/3421/1243 7889/3422/1243 7887/3420/1242
f 7890/3421/1243 7892/3423/1244 7891/3424/1244 7889/3422/1243
f 7892/3423/1244 7894/3425/1245 7893/3426/1245 7891/3424/1244
f 7894/3425/1245 7896/3427/1246 7895/3428/1246 7893/3426/1245
f 7896/3427/1246 7898/3429/1247 7897/3430/1247 7895/3428/1246
f 7898/3429/1247 7900/3431/1248 7899/3432/1248 7897/3430/1247
f 7900/3431/1248 7902/3433/1249 7901/3434/1249 7899/3432/1248
f 7902/3433/1249 7904/3435/1250 7903/3436/1250 7901/3434/1249
f 7904/3435/1250 7906/3437/1251 7905/3438/1251 7903/3436/1250
f 7906/3437/1251 7908/3439/1252 7907/3440/1252 7905/3438/1251
f 7908/3439/1252 7910/3441/1253 7909/3442/1253 7907/3440/1252
f 7910/3441/1253 7912/3443/1254 7911/3444/1254 7909/3442/1253
f 7912/3443/1254 7914/3445/1255 7913/3446/1255 7911/3444/1254
f 7914/3445/1255 7916/3447/1256 7915/3448/1256 7913/3446/1255
f 7916/3447/1256 7918/3449/1257 7917/3450/1257 7915/3448/1256
f 7918/3449/1257 7920/3451/1258 7919/3452/1258 7917/3450/1257
f 7920/3451/1258 7922/3453/1259 7921/3454/1259 7919/3452/1258
f 7922/3453/1259 7924/3455/1260 7923/3456/1260 7921/3454/1259
f 7924/3455/1260 7926/3457/1261 7925/3458/1261 7923/3456/1260
f 7926/3457/1261 7928/3459/1262 7927/3460/1262 7925/3458/1261
f 7928/3459/1262 7930/3461/1263 7929/3462/1263 7927/3460/1262
f 7930/3461/1263 7932/3463/1264 7931/3464/1264 7929/3462/1263
f 7932/3463/1264 7934/3465/1265 7933/3466/1265 7931/3464/1264
f 7934/3465/1265 7936/3467/1266 7935/3468/1266 7933/3466/1265
f 7936/3467/1266 7938/3469/1267 7937/3470/1267 7935/3468/1266
f 7938/3469/1267 7940/3471/1268 7939/3472/1268 7937/3470/1267
f 7940/3471/1268 7942/3473/1269 7941/3474/1269 7939/3472/1268
f 7942/3473/1269 7944/3475/1270 7943/3476/1270 7941/3474/1269
f 7944/3475/1270 7946/3477/1271 7945/3478/1271 7943/3476/1270
f 7946/3477/1271 7948/3479/1272 7947/3480/1272 7945/3478/1271
f 7948/3479/1272 7950/3481/1273 7949/3482/1273 7947/3480/1272
f 7950/3481/1273 7952/3483/1274 7951/3484/1274 7949/3482/1273
f 7952/3483/1274 7954/3485/1275 7953/3486/1275 7951/3484/1274
f 7954/3485/1275 7956/3487/1276 7955/3488/1276 7953/3486/1275
f 7956/3487/1276 7958/3489/1277 7957/3490/1277 7955/3488/1276
f 7958/3489/1277 7960/3491/1278 7959/3492/1278 7957/3490/1277
f 7960/3491/1278 7962/3493/1279 7961/3494/1279 7959/3492/1278
f 7962/3493/1279 7964/3495/1280 7963/3496/1280 7961/3494/1279
f 7964/3495/1280 7966/3497/1281 7965/3498/1281 7963/3496/1280
f 7966/3497/1281 7968/3499/1282 7967/3500/1282 7965/3498/1281
f 7968/3499/1282 7970/3501/1283 7969/3502/1283 7967/3500/1282
f 7970/3501/1283 7972/3503/1284 7971/3504/1284 7969/3502/1283
f 7972/3503/1284 7974/3505/1285 7973/3506/1285 7971/3504/1284
f 7974/3505/1285 7976/3507/1286 7975/3508/1286 7973/3506/1285
f 7976/3507/1286 7978/3509/1287 7977/3510/1287 7975/3508/1286
f 7978/3509/1287 7980/3511/1288 7979/3512/1288 7977/3510/1287
f 7980/3511/1288 7982/3513/1289 7981/3514/1289 7979/3512/1288
f 7982/3513/1289 7984/3515/1290 7983/3516/1290 7981/3514/1289
f 7984/3515/1290 7986/3517/1291 7985/3518/1291 7983/3516/1290
f 7986/3517/1291 7988/3519/1292 7987/3520/1292 7985/3518/1291
f 7988/3519/1292 7990/3521/1293 7989/3522/1293 7987/3520/1292
f 7990/3521/1293 7992/3523/1294 7991/3524/1294 7989/3522/1293
f 7992/3523/1294 7994/3025/1295 7993/2386/1295 7991/3524/1294
f 7994/3025/1295 7996/3525/1296 7995/3526/1296 7993/2386/1295
f 7996/3525/1296 7998/3527/1297 7997/3528/1297 7995/3526/1296
f 7998/3527/1297 8000/3529/1298 7999/3530/1298 7997/3528/1297
f 8000/3529/1298 8002/3531/1299 8001/3532/1299 7999/3530/1298
f 8002/3531/1299 8004/3533/1300 8003/3534/1300 8001/3532/1299
f 8004/3533/1300 8006/3535/1301 8005/3536/1301 8003/3534/1300
f 8006/3535/1301 8008/3537/1302 8007/3538/1302 8005/3536/1301
f 8008/3537/1302 8010/3539/1303 8009/3540/1303 8007/3538/1302
f 8010/3539/1303 8012/3541/1304 8011/3542/1304 8009/3540/1303
f 8012/3541/1304 8014/3543/1305 8013/3544/1305 8011/3542/1304
f 8014/3543/1305 8016/3545/1306 8015/3546/1306 8013/3544/1305
f 8016/3545/1306 8018/3547/1307 8017/3548/1307 8015/3546/1306
f 8018/3547/1307 8020/3549/1308 8019/3550/1308 8017/3548/1307
f 8020/3549/1308 8022/3551/1309 8021/3552/1309 8019/3550/1308
f 8022/3551/1309 8024/3553/1310 8023/3554/1310 8021/3552/1309
f 8024/3553/1310 8026/3555/1311 8025/3556/1311 8023/3554/1310
f 8026/3555/1311 8028/3557/1312 8027/3558/1312 8025/3556/1311
f 8028/3557/1312 8030/3559/1313 8029/3560/1313 8027/3558/1312
f 8030/3559/1313 8032/3561/1314 8031/3562/1314 8029/3560/1313
f 8032/3561/1314 8034/3563/1315 8033/3564/1315 8031/3562/1314
f 8034/3563/1315 8036/3565/1316 8035/3566/1316 8033/3564/1315
f 8036/3565/1316 8038/3567/1317 8037/3568/1317 8035/3566/1316
f 8038/3567/1317 8040/3569/1318 8039/3570/1318 8037/3568/1317
f 8040/3569/1318 8042/3571/1319 8041/3572/1319 8039/3570/1318
f 8042/3571/1319 8044/3573/1320 8043/3574/1320 8041/3572/1319
f 8044/3573/1320 8046/3575/1321 8045/3576/1321 8043/3574/1320
f 8046/3575/1321 8048/3577/1322 8047/3578/1322 8045/3576/1321
f 8048/3577/1322 8050/3579/1323 8049/3580/1323 8047/3578/1322
f 8050/3579/1323 8052/3581/1324 8051/3582/1324 8049/3580/1323
f 8052/3581/1324 8054/3583/1325 8053/3584/1325 8051/3582/1324
f 8054/3583/1325 8056/3585/1326 8055/3586/1326 8053/3584/1325
f 8056/3585/1326 8058/3587/1327 8057/3588/1327 8055/3586/1326
f 8058/3587/1327 8060/3589/1328 8059/3590/1328 8057/3588/1327
f 8060/3589/1328 8062/3591/1329 8061/3592/1329 8059/3590/1328
f 8062/3591/1329 8064/3593/1330 8063/3594/1330 8061/3592/1329
f 8064/3593/1330 8066/3595/1331 8065/3596/1331 8063/3594/1330
f 8066/3595/1331 8068/3597/1332 8067/3598/1332 8065/3596/1331
f 8068/3597/1332 8070/3599/1333 8069/3600/1333 8067/3598/1332
f 8070/3599/1333 8072/3601/1334 8071/3602/1334 8069/3600/1333
f 8072/3601/1334 8074/3603/1335 8073/3604/1335 8071/3602/1334
f 8074/3603/1335 8076/3605/1336 8075/3606/1336 8073/3604/1335
f 8076/3605/1336 8078/3607/1337 8077/3608/1337 8075/3606/1336
f 8078/3607/1337 8080/3609/1338 8079/3610/1338 8077/3608/1337
f 8080/3609/1338 8082/3611/1339 8081/3612/1339 8079/3610/1338
f 8082/3611/1339 8084/3613/1340 8083/3614/1340 8081/3612/1339
f 8084/3613/1340 8086/3615/1341 8085/3616/1341 8083/3614/1340
f 8086/3615/1341 8088/3617/1342 8087/3618/1342 8085/3616/1341
f 8088/3617/1342 8090/3619/1343 8089/3620/1343 8087/3618/1342
f 8090/3619/1343 8092/3621/1344 8091/3622/1344 8089/3620/1343
f 8092/3621/1344 8094/3623/1345 8093/3624/1345 8091/3622/1344
f 8094/3623/1345 8096/3625/1346 8095/3626/1346 8093/3624/1345
f 8096/3625/1346 8098/3627/1347 8097/3628/1347 8095/3626/1346
f 8098/3627/1347 8100/3629/1348 8099/3630/1348 8097/3628/1347
f 8100/3629/1348 8102/3631/1349 8101/3632/1349 8099/3630/1348
f 8102/3631/1349 8104/3633/1350 8103/3634/1350 8101/3632/1349
f 8104/3633/1350 8106/3635/1351 8105/3636/1351 8103/3634/1350
f 8106/3635/1351 8108/3637/1352 8107/3638/1352 8105/3636/1351
f 8108/3637/1352 8110/3639/1353 8109/3640/1353 8107/3638/1352
f 8110/3639/1353 8112/3641/1354 8111/3642/1354 8109/3640/1353
f 8112/3641/1354 8114/3643/1355 8113/3644/1355 8111/3642/1354
f 8114/3643/1355 8116/3645/1356 8115/3646/1356 8113/3644/1355
f 8116/3645/1356 8118/3647/1357 8117/3648/1357 8115/3646/1356
f 8118/3647/1357 8120/3649/1358 8119/3650/1358 8117/3648/1357
f 8120/3649/1358 8122/3651/1359 8121/3652/1359 8119/3650/1358
f 8122/3651/1359 8124/3653/1360 8123/3654/1360 8121/3652/1359
f 8124/3653/1360 8126/3655/1361 8125/3656/1361 8123/3654/1360
f 8126/3655/1361 7860/3064/1228 7859/2309/1228 8125/3656/1361
f 8128/2986/1228 8130/3393/1229 8129/3394/1229 8127/2298/1228
f 8130/3393/1229 8132/3395/1230 8131/3396/1230 8129/3394/1229
f 8132/3395/1230 8134/3397/1231 8133/3398/1231 8131/3396/1230
f 8134/3397/1231 8136/3399/1232 8135/3400/1232 8133/3398/1231
f 8136/3399/1232 8138/3401/1233 8137/3402/1233 8135/3400/1232
f 8138/3401/1233 8140/3403/1234 8139/3404/1234 8137/3402/1233
f 8140/3403/1234 8142/3405/1235 8141/3406/1235 8139/3404/1234
f 8142/3405/1235 8144/3407/1236 8143/3408/1236 8141/3406/1235
f 8144/3407/1236 8146/3409/1237 8145/3410/1237 8143/3408/1236
f 8146/3409/1237 8148/3411/1238 8147/3412/1238 8145/3410/1237
f 8148/3411/1238 8150/3413/1239 8149/3414/1239 8147/3412/1238
f 8150/3413/1239 8152/3415/1240 8151/3416/1240 8149/3414/1239
f 8152/3415/1240 8154/3417/1241 8153/3418/1241 8151/3416/1240
f 8154/3417/1241 8156/3419/1242 8155/3420/1242 8153/3418/1241
f 8156/3419/1242 8158/3421/1243 8157/3422/1243 8155/3420/1242
f 8158/3421/1243 8160/3423/1244 8159/3424/1244 8157/3422/1243
f 8160/3423/1244 8162/3425/1245 8161/3426/1245 8159/3424/1244
f 8162/3425/1245 8164/3427/1246 8163/3428/1246 8161/3426/1245
f 8164/3427/1246 8166/3429/1362 8165/3430/1362 8163/3428/1246
f 8166/3429/1362 8168/3431/1248 8167/3432/1248 8165/3430/1362
f 8168/3431/1248 8170/3433/1249 8169/3434/1249 8167/3432/1248
f 8170/3433/1249 8172/3435/1250 8171/3436/1250 8169/3434/1249
f 8172/3435/1250 8174/3437/1251 8173/3438/1251 8171/3436/1250
f 8174/3437/1251 8176/3439/1252 8175/3440/1252 8173/3438/1251
f 8176/3439/1252 8178/3441/1363 8177/3442/1363 8175/3440/1252
f 8178/3441/1363 8180/3443/1254 8179/3444/1254 8177/3442/1363
f 8180/3443/1254 8182/3445/1364 8181/3446/1364 8179/3444/1254
f 8182/3445/1364 8184/3447/1256 8183/3448/1256 8181/3446/1364
f 8184/3447/1256 8186/3449/1257 8185/3450/1257 8183/3448/1256
f 8186/3449/1257 8188/3451/1258 8187/3452/1258 8185/3450/1257
f 8188/3451/1258 8190/3453/1259 8189/3454/1259 8187/3452/1258
f 8190/3453/1259 8192/3455/1260 8191/3456/1260 8189/3454/1259
f 8192/3455/1260 8194/3457/1261 8193/3458/1261 8191/3456/1260
f 8194/3457/1261 8196/3459/1262 8195/3460/1262 8193/3458/1261
f 8196/3459/1262 8198/3461/1263 8197/3462/1263 8195/3460/1262
f 8198/3461/1263 8200/3463/1264 8199/3464/1264 8197/3462/1263
f 8200/3463/1264 8202/3465/1265 8201/3466/1265 8199/3464/1264
f 8202/3465/1265 8204/3467/1266 8203/3468/1266 8201/3466/1265
f 8204/3467/1266 8206/3469/1267 8205/3470/1267 8203/3468/1266
f 8206/3469/1267 8208/3471/1268 8207/3472/1268 8205/3470/1267
f 8208/3471/1268 8210/3473/1269 8209/3474/1269 8207/3472/1268
f 8210/3473/1269 8212/3475/1270 8211/3476/1270 8209/3474/1269
f 8212/3475/1270 8214/3477/1271 8213/3478/1271 8211/3476/1270
f 8214/3477/1271 8216/3479/1272 8215/3480/1272 8213/3478/1271
f 8216/3479/1272 8218/3481/1273 8217/3482/1273 8215/3480/1272
f 8218/3481/1273 8220/3483/1274 8219/3484/1274 8217/3482/1273
f 8220/3483/1274 8222/3485/1275 8221/3486/1275 8219/3484/1274
f 8222/3485/1275 8224/3487/1276 8223/3488/1276 8221/3486/1275
f 8224/3487/1276 8226/3489/1277 8225/3490/1277 8223/3488/1276
f 8226/3489/1277 8228/3491/1278 8227/3492/1278 8225/3490/1277
f 8228/3491/1278 8230/3493/1279 8229/3494/1279 8227/3492/1278
f 8230/3493/1279 8232/3495/1280 8231/3496/1280 8229/3494/1279
f 8232/3495/1280 8234/3497/1281 8233/3498/1281 8231/3496/1280
f 8234/3497/1281 8236/3499/1282 8235/3500/1282 8233/3498/1281
f 8236/3499/1282 8238/3501/1283 8237/3502/1283 8235/3500/1282
f 8238/3501/1283 8240/3503/1284 8239/3504/1284 8237/3502/1283
f 8240/3503/1284 8242/3505/1285 8241/3506/1285 8239/3504/1284
f 8242/3505/1285 8244/3507/1286 8243/3508/1286 8241/3506/1285
f 8244/3507/1286 8246/3509/1287 8245/3510/1287 8243/3508/1286
f 8246/3509/1287 8248/3511/1288 8247/3512/1288 8245/3510/1287
f 8248/3511/1288 8250/3513/1289 8249/3514/1289 8247/3512/1288
f 8250/3513/1289 8252/3515/1290 8251/3516/1290 8249/3514/1289
f 8252/3515/1290 8254/3517/1291 8253/3518/1291 8251/3516/1290
f 8254/3517/1291 8256/3519/1292 8255/3520/1292 8253/3518/1291
f 8256/3519/1292 8258/3521/1293 8257/3522/1293 8255/3520/1292
f 8258/3521/1293 8260/3523/1294 8259/3524/1294 8257/3522/1293
f 8260/3523/1294 8262/3025/1295 8261/2386/1295 8259/3524/1294
f 8262/3025/1295 8264/3525/1296 8263/3526/1296 8261/2386/1295
f 8264/3525/1296 8266/3527/1297 8265/3528/1297 8263/3526/1296
f 8266/3527/1297 8268/3529/1298 8267/3530/1298 8265/3528/1297
f 8268/3529/1298 8270/3531/1299 8269/3532/1299 8267/3530/1298
f 8270/3531/1299 8272/3533/1300 8271/3534/1300 8269/3532/1299
f 8272/3533/1300 8274/3535/1301 8273/3536/1301 8271/3534/1300
f 8274/3535/1301 8276/3537/1302 8275/3538/1302 8273/3536/1301
f 8276/3537/1302 8278/3539/1303 8277/3540/1303 8275/3538/1302
f 8278/3539/1303 8280/3541/1304 8279/3542/1304 8277/3540/1303
f 8280/3541/1304 8282/3543/1305 8281/3544/1305 8279/3542/1304
f 8282/3543/1305 8284/3545/1306 8283/3546/1306 8281/3544/1305
f 8284/3545/1306 8286/3547/1307 8285/3548/1307 8283/3546/1306
f 8286/3547/1307 8288/3549/1308 8287/3550/1308 8285/3548/1307
f 8288/3549/1308 8290/3551/1309 8289/3552/1309 8287/3550/1308
f 8290/3551/1309 8292/3553/1310 8291/3554/1310 8289/3552/1309
f 8292/3553/1310 8294/3555/1311 8293/3556/1311 8291/3554/1310
f 8294/3555/1311 8296/3557/1312 8295/3558/1312 8293/3556/1311
f 8296/3557/1312 8298/3559/1313 8297/3560/1313 8295/3558/1312
f 8298/3559/1313 8300/3561/1314 8299/3562/1314 8297/3560/1313
f 8300/3561/1314 8302/3563/1315 8301/3564/1315 8299/3562/1314
f 8302/3563/1315 8304/3565/1316 8303/3566/1316 8301/3564/1315
f 8304/3565/1316 8306/3567/1317 8305/3568/1317 8303/3566/1316
f 8306/3567/1317 8308/3569/1318 8307/3570/1318 8305/3568/1317
f 8308/3569/1318 8310/3571/1319 8309/3572/1319 8307/3570/1318
f 8310/3571/1319 8312/3573/1320 8311/3574/1320 8309/3572/1319
f 8312/3573/1320 8314/3575/1321 8313/3576/1321 8311/3574/1320
f 8314/3575/1321 8316/3577/1322 8315/3578/1322 8313/3576/1321
f 8316/3577/1322 8318/3579/1323 8317/3580/1323 8315/3578/1322
f 8318/3579/1323 8320/3581/1324 8319/3582/1324 8317/3580/1323
f 8320/3581/1324 8322/3583/1325 8321/3584/1325 8319/3582/1324
f 8322/3583/1325 8324/3585/1326 8323/3586/1326 8321/3584/1325
f 8324/3585/1326 8326/3587/1327 8325/3588/1327 8323/3586/1326
f 8326/3587/1327 8328/3589/1328 8327/3590/1328 8325/3588/1327
f 8328/3589/1328 8330/3591/1329 8329/3592/1329 8327/3590/1328
f 8330/3591/1329 8332/3593/1330 8331/3594/1330 8329/3592/1329
f 8332/3593/1330 8334/3595/1331 8333/3596/1331 8331/3594/1330
f 8334/3595/1331 8336/3597/1332 8335/3598/1332 8333/3596/1331
f 8336/3597/1332 8338/3599/1365 8337/3600/1365 8335/3598/1332
f 8338/3599/1365 8340/3601/1334 8339/3602/1334 8337/3600/1365
f 8340/3601/1334 8342/3603/1335 8341/3604/1335 8339/3602/1334
f 8342/3603/1335 8344/3605/1336 8343/3606/1336 8341/3604/1335
f 8344/3605/1336 8346/3607/1337 8345/3608/1337 8343/3606/1336
f 8346/3607/1337 8348/3609/1338 8347/3610/1338 8345/3608/1337
f 8348/3609/1338 8350/3611/1339 8349/3612/1339 8347/3610/1338
f 8350/3611/1339 8352/3613/1340 8351/3614/1340 8349/3612/1339
f 8352/3613/1340 8354/3615/1341 8353/3616/1341 8351/3614/1340
f 8354/3615/1341 8356/3617/1366 8355/3618/1366 8353/3616/1341
f 8356/3617/1366 8358/3619/1343 8357/3620/1343 8355/3618/1366
f 8358/3619/1343 8360/3621/1344 8359/3622/1344 8357/3620/1343
f 8360/3621/1344 8362/3623/1345 8361/3624/1345 8359/3622/1344
f 8362/3623/1345 8364/3625/1346 8363/3626/1346 8361/3624/1345
f 8364/3625/1346 8366/3627/1347 8365/3628/1347 8363/3626/1346
f 8366/3627/1347 8368/3629/1348 8367/3630/1348 8365/3628/1347
f 8368/3629/1348 8370/3631/1349 8369/3632/1349 8367/3630/1348
f 8370/3631/1349 8372/3633/1350 8371/3634/1350 8369/3632/1349
f 8372/3633/1350 8374/3635/1351 8373/3636/1351 8371/3634/1350
f 8374/3635/1351 8376/3637/1352 8375/3638/1352 8373/3636/1351
f 8376/3637/1352 8378/3639/1353 8377/3640/1353 8375/3638/1352
f 8378/3639/1353 8380/3641/1354 8379/3642/1354 8377/3640/1353
f 8380/3641/1354 8382/3643/1355 8381/3644/1355 8379/3642/1354
f 8382/3643/1355 8384/3645/1356 8383/3646/1356 8381/3644/1355
f 8384/3645/1356 8386/3647/1357 8385/3648/1357 8383/3646/1356
f 8386/3647/1357 8388/3649/1358 8387/3650/1358 8385/3648/1357
f 8388/3649/1358 8390/3651/1359 8389/3652/1359 8387/3650/1358
f 8390/3651/1359 8392/3653/1360 8391/3654/1360 8389/3652/1359
f 8392/3653/1360 8394/3655/1361 8393/3656/1361 8391/3654/1360
f 8394/3655/1361 8128/3064/1228 8127/2309/1228 8393/3656/1361
f 8396/2986/1367 8398/3657/1368 8397/3658/1368 8395/2298/1367
f 8398/3657/1368 8400/3659/1369 8399/3660/1369 8397/3658/1368
f 8400/3659/1369 8402/3661/1370 8401/3662/1370 8399/3660/1369
f 8402/3661/1370 8404/3663/1371 8403/3664/1371 8401/3662/1370
f 8404/3663/1371 8406/3665/1372 8405/3666/1372 8403/3664/1371
f 8406/3665/1372 8408/3667/1373 8407/3668/1373 8405/3666/1372
f 8408/3667/1373 8410/3669/1374 8409/3670/1374 8407/3668/1373
f 8410/3669/1374 8412/3671/1375 8411/3672/1375 8409/3670/1374
f 8412/3671/1375 8414/3673/1376 8413/3674/1376 8411/3672/1375
f 8414/3673/1376 8416/3675/1377 8415/3676/1377 8413/3674/1376
f 8416/3675/1377 8418/3677/1378 8417/3678/1378 8415/3676/1377
f 8418/3677/1378 8420/3679/1379 8419/3680/1379 8417/3678/1378
f 8420/3679/1379 8422/3681/1380 8421/3682/1380 8419/3680/1379
f 8422/3681/1380 8424/3683/1381 8423/3684/1381 8421/3682/1380
f 8424/3683/1381 8426/3685/1382 8425/3686/1382 8423/3684/1381
f 8426/3685/1382 8428/3687/1383 8427/3688/1383 8425/3686/1382
f 8428/3687/1383 8430/3689/1384 8429/3690/1384 8427/3688/1383
f 8430/3689/1384 8432/3691/1385 8431/3692/1385 8429/3690/1384
f 8432/3691/1385 8434/3693/1386 8433/3694/1386 8431/3692/1385
f 8434/3693/1386 8436/3695/1387 8435/3696/1387 8433/3694/1386
f 8436/3695/1387 8438/3697/1388 8437/3698/1388 8435/3696/1387
f 8438/3697/1388 8440/3699/1389 8439/3700/1389 8437/3698/1388
f 8440/3699/1389 8442/3701/1390 8441/3702/1390 8439/3700/1389
f 8442/3701/1390 8444/3703/1391 8443/3704/1391 8441/3702/1390
f 8444/3703/1391 8446/3705/1392 8445/3706/1392 8443/3704/1391
f 8446/3705/1392 8448/3707/1393 8447/3708/1393 8445/3706/1392
f 8448/3707/1393 8450/3709/1394 8449/3710/1394 8447/3708/1393
f 8450/3709/1394 8452/3711/1395 8451/3712/1395 8449/3710/1394
f 8452/3711/1395 8454/3713/1396 8453/3714/1396 8451/3712/1395
f 8454/3713/1396 8456/3715/1397 8455/3716/1397 8453/3714/1396
f 8456/3715/1397 8458/3717/1398 8457/3718/1398 8455/3716/1397
f 8458/3717/1398 8460/3719/1399 8459/3720/1399 8457/3718/1398
f 8460/3719/1399 8462/3721/1400 8461/3722/1400 8459/3720/1399
f 8462/3721/1400 8464/3723/1401 8463/3724/1401 8461/3722/1400
f 8464/3723/1401 8466/3725/1402 8465/3726/1402 8463/3724/1401
f 8466/3725/1402 8468/3727/1403 8467/3728/1403 8465/3726/1402
f 8468/3727/1403 8470/3729/1404 8469/3730/1404 8467/3728/1403
f 8470/3729/1404 8472/3731/1405 8471/3732/1405 8469/3730/1404
f 8472/3731/1405 8474/3733/1406 8473/3734/1406 8471/3732/1405
f 8474/3733/1406 8476/3735/1407 8475/3736/1407 8473/3734/1406
f 8476/3735/1407 8478/3737/1408 8477/3738/1408 8475/3736/1407
f 8478/3737/1408 8480/3739/1409 8479/3740/1409 8477/3738/1408
f 8480/3739/1409 8482/3741/1410 8481/3742/1410 8479/3740/1409
f 8482/3741/1410 8484/3743/1411 8483/3744/1411 8481/3742/1410
f 8484/3743/1411 8486/3745/1412 8485/3746/1412 8483/3744/1411
f 8486/3745/1412 8488/3747/1413 8487/3748/1413 8485/3746/1412
f 8488/3747/1413 8490/3749/1414 8489/3750/1414 8487/3748/1413
f 8490/3749/1414 8492/3751/1415 8491/3752/1415 8489/3750/1414
f 8492/3751/1415 8494/3753/1416 8493/3754/1416 8491/3752/1415
f 8494/3753/1416 8496/3755/1417 8495/3756/1417 8493/3754/1416
f 8496/3755/1417 8498/3757/1418 8497/3758/1418 8495/3756/1417
f 8498/3757/1418 8500/3759/1419 8499/3760/1419 8497/3758/1418
f 8500/3759/1419 8502/3761/1420 8501/3762/1420 8499/3760/1419
f 8502/3761/1420 8504/3763/1421 8503/3764/1421 8501/3762/1420
f 8504/3763/1421 8506/3765/1422 8505/3766/1422 8503/3764/1421
f 8506/3765/1422 8508/3767/1423 8507/3768/1423 8505/3766/1422
f 8508/3767/1423 8510/3769/1424 8509/3770/1424 8507/3768/1423
f 8510/3769/1424 8512/3771/1425 8511/3772/1425 8509/3770/1424
f 8512/3771/1425 8514/3773/1426 8513/3774/1426 8511/3772/1425
f 8514/3773/1426 8516/3775/1427 8515/3776/1427 8513/3774/1426
f 8516/3775/1427 8518/3025/1428 8517/2386/1428 8515/3776/1427
f 8518/3025/1428 8520/3777/1429 8519/3778/1429 8517/2386/1428
f 8520/3777/1429 8522/3779/1430 8521/3780/1430 8519/3778/1429
f 8522/3779/1430 8524/3781/1431 8523/3782/1431 8521/3780/1430
f 8524/3781/1431 8526/3783/1008 8525/3784/1008 8523/3782/1431
f 8526/3783/1008 8528/3785/1432 8527/3786/1432 8525/3784/1008
f 8528/3785/1432 8530/3787/1433 8529/3788/1433 8527/3786/1432
f 8530/3787/1433 8532/3789/1434 8531/3790/1434 8529/3788/1433
f 8532/3789/1434 8534/3791/1435 8533/3792/1435 8531/3790/1434
f 8534/3791/1435 8536/3793/1436 8535/3794/1436 8533/3792/1435
f 8536/3793/1436 8538/3795/1437 8537/3796/1437 8535/3794/1436
f 8538/3795/1437 8540/3797/1438 8539/3798/1438 8537/3796/1437
f 8540/3797/1438 8542/3799/1439 8541/3800/1439 8539/3798/1438
f 8542/3799/1439 8544/3801/1440 8543/3802/1440 8541/3800/1439
f 8544/3801/1440 8546/3803/1441 8545/3804/1441 8543/3802/1440
f 8546/3803/1441 8548/3805/1442 8547/3806/1442 8545/3804/1441
f 8548/3805/1442 8550/3807/1443 8549/3808/1443 8547/3806/1442
f 8550/3807/1443 8552/3809/1444 8551/3810/1444 8549/3808/1443
f 8552/3809/1444 8554/3811/1445 8553/3812/1445 8551/3810/1444
f 8554/3811/1445 8556/3813/1446 8555/3814/1446 8553/3812/1445
f 8556/3813/1446 8558/3815/1447 8557/3816/1447 8555/3814/1446
f 8558/3815/1447 8560/3817/1448 8559/3818/1448 8557/3816/1447
f 8560/3817/1448 8562/3819/1449 8561/3820/1449 8559/3818/1448
f 8562/3819/1449 8564/3821/1450 8563/3822/1450 8561/3820/1449
f 8564/3821/1450 8566/3823/1451 8565/3824/1451 8563/3822/1450
f 8566/3823/1451 8568/3825/1452 8567/3826/1452 8565/3824/1451
f 8568/3825/1452 8570/3827/1453 8569/3828/1453 8567/3826/1452
f 8570/3827/1453 8572/3829/1454 8571/3830/1454 8569/3828/1453
f 8572/3829/1454 8574/3831/1455 8573/3832/1455 8571/3830/1454
f 8574/3831/1455 8576/3833/1456 8575/3834/1456 8573/3832/1455
f 8576/3833/1456 8578/3835/1457 8577/3836/1457 8575/3834/1456
f 8578/3835/1457 8580/3837/1458 8579/3838/1458 8577/3836/1457
f 8580/3837/1458 8582/3839/1459 8581/3840/1459 8579/3838/1458
f 8582/3839/1459 8584/3841/1460 8583/3842/1460 8581/3840/1459
f 8584/3841/1460 8586/3843/1461 8585/3844/1461 8583/3842/1460
f 8586/3843/1461 8588/3845/1462 8587/3846/1462 8585/3844/1461
f 8588/3845/1462 8590/3847/1463 8589/3848/1463 8587/3846/1462
f 8590/3847/1463 8592/3849/1464 8591/3850/1464 8589/3848/1463
f 8592/3849/1464 8594/3851/1465 8593/3852/1465 8591/3850/1464
f 8594/3851/1465 8596/3853/1466 8595/3854/1466 8593/3852/1465
f 8596/3853/1466 8598/3855/1467 8597/3856/1467 8595/3854/1466
f 8598/3855/1467 8600/3857/1468 8599/3858/1468 8597/3856/1467
f 8600/3857/1468 8602/3859/1469 8601/3860/1469 8599/3858/1468
f 8602/3859/1469 8604/3861/1470 8603/3862/1470 8601/3860/1469
f 8604/3861/1470 8606/3863/1471 8605/3864/1471 8603/3862/1470
f 8606/3863/1471 8608/3865/1472 8607/3866/1472 8605/3864/1471
f 8608/3865/1472 8610/3867/1473 8609/3868/1473 8607/3866/1472
f 8610/3867/1473 8612/3869/1474 8611/3870/1474 8609/3868/1473
f 8612/3869/1474 8614/3871/1475 8613/3872/1475 8611/3870/1474
f 8614/3871/1475 8616/3873/1476 8615/3874/1476 8613/3872/1475
f 8616/3873/1476 8618/3875/1477 8617/3876/1477 8615/3874/1476
f 8618/3875/1477 8620/3877/1187 8619/3878/1187 8617/3876/1477
f 8620/3877/1187 8622/3879/1478 8621/3880/1478 8619/3878/1187
f 8622/3879/1478 8624/3881/1479 8623/3882/1479 8621/3880/1478
f 8624/3881/1479 8626/3883/1480 8625/3884/1480 8623/3882/1479
f 8626/3883/1480 8628/3885/1481 8627/3886/1481 8625/3884/1480
f 8628/3885/1481 8630/3887/1482 8629/3888/1482 8627/3886/1481
f 8630/3887/1482 8632/3889/1483 8631/3890/1483 8629/3888/1482
f 8632/3889/1483 8634/3891/1484 8633/3892/1484 8631/3890/1483
f 8634/3891/1484 8636/3893/1485 8635/3894/1485 8633/3892/1484
f 8636/3893/1485 8638/3895/1486 8637/3896/1486 8635/3894/1485
f 8638/3895/1486 8396/3064/1367 8395/2309/1367 8637/3896/1486
f 8640/2986/1001 8642/2987/1002 8641/2988/1002 8639/2298/1001
f 8642/2987/1002 8644/2989/1003 8643/2990/1003 8641/2988/1002
f 8644/2989/1003 8646/2991/1004 8645/2992/1004 8643/2990/1003
f 8646/2991/1004 8648/2993/1005 8647/2994/1005 8645/2992/1004
f 8648/2993/1005 8650/2995/1006 8649/2996/1006 8647/2994/1005
f 8650/2995/1006 8652/2997/1007 8651/2998/1007 8649/2996/1006
f 8652/2997/1007 8654/2999/1008 8653/3000/1008 8651/2998/1007
f 8654/2999/1008 8656/3001/1009 8655/3002/1009 8653/3000/1008
f 8656/3001/1009 8658/3003/1010 8657/3004/1010 8655/3002/1009
f 8658/3003/1010 8660/3005/1011 8659/3006/1011 8657/3004/1010
f 8660/3005/1011 8662/3007/1012 8661/3008/1012 8659/3006/1011
f 8662/3007/1012 8664/3009/1013 8663/3010/1013 8661/3008/1012
f 8664/3009/1013 8666/3011/1014 8665/3012/1014 8663/3010/1013
f 8666/3011/1014 8668/3013/1015 8667/3014/1015 8665/3012/1014
f 8668/3013/1015 8670/3015/1016 8669/3016/1016 8667/3014/1015
f 8670/3015/1016 8672/3017/1017 8671/3018/1017 8669/3016/1016
f 8672/3017/1017 8674/3019/1018 8673/3020/1018 8671/3018/1017
f 8674/3019/1018 8676/3021/1019 8675/3022/1019 8673/3020/1018
f 8676/3021/1019 8678/3023/1020 8677/3024/1020 8675/3022/1019
f 8678/3023/1020 8680/3025/1021 8679/2386/1021 8677/3024/1020
f 8680/3025/1021 8682/3026/1022 8681/3027/1022 8679/2386/1021
f 8682/3026/1022 8684/3028/1023 8683/3029/1023 8681/3027/1022
f 8684/3028/1023 8686/3030/1024 8685/3031/1024 8683/3029/1023
f 8686/3030/1024 8688/3032/1025 8687/3033/1025 8685/3031/1024
f 8688/3032/1025 8690/3034/1026 8689/3035/1026 8687/3033/1025
f 8690/3034/1026 8692/3036/1027 8691/3037/1027 8689/3035/1026
f 8692/3036/1027 8694/3038/1028 8693/3039/1028 8691/3037/1027
f 8694/3038/1028 8696/3040/1029 8695/3041/1029 8693/3039/1028
f 8696/3040/1029 8698/3042/1030 8697/3043/1030 8695/3041/1029
f 8698/3042/1030 8700/3044/1031 8699/3045/1031 8697/3043/1030
f 8700/3044/1031 8702/3046/1032 8701/3047/1032 8699/3045/1031
f 8702/3046/1032 8704/3048/1033 8703/3049/1033 8701/3047/1032
f 8704/3048/1033 8706/3050/1034 8705/3051/1034 8703/3049/1033
f 8706/3050/1034 8708/3052/1035 8707/3053/1035 8705/3051/1034
f 8708/3052/1035 8710/3054/1036 8709/3055/1036 8707/3053/1035
f 8710/3054/1036 8712/3056/1037 8711/3057/1037 8709/3055/1036
f 8712/3056/1037 8714/3058/1038 8713/3059/1038 8711/3057/1037
f 8714/3058/1038 8716/3060/1039 8715/3061/1039 8713/3059/1038
f 8716/3060/1039 8718/3062/1040 8717/3063/1040 8715/3061/1039
f 8718/3062/1040 8640/3064/1001 8639/2309/1001 8717/3063/1040
f 8720/2986/1041 8722/3065/1042 8721/3066/1042 8719/2298/1041
f 8722/3065/1042 8724/3067/1043 8723/2886/1043 8721/3066/1042
f 8724/3067/1043 8726/3068/1044 8725/3069/1044 8723/2886/1043
f 8726/3068/1044 8728/3070/1045 8727/2844/1045 8725/3069/1044
f 8728/3070/1045 8730/3071/1046 8729/3072/1046 8727/2844/1045
f 8730/3071/1046 8732/3073/1047 8731/2860/1047 8729/3072/1046
f 8732/3073/1047 8734/3074/1487 8733/3075/1487 8731/2860/1047
f 8734/3074/1487 8736/3076/1049 8735/2852/1049 8733/3075/1487
f 8736/3076/1049 8738/3077/1050 8737/3078/1050 8735/2852/1049
f 8738/3077/1050 8740/3079/1051 8739/2885/1051 8737/3078/1050
f 8740/3079/1051 8742/3080/1052 8741/3081/1052 8739/2885/1051
f 8742/3080/1052 8744/3082/1488 8743/2919/1488 8741/3081/1052
f 8744/3082/1488 8746/3083/1054 8745/3084/1054 8743/2919/1488
f 8746/3083/1054 8748/3085/1055 8747/2910/1055 8745/3084/1054
f 8748/3085/1055 8750/3086/1056 8749/3087/1056 8747/2910/1055
f 8750/3086/1056 8752/3088/1057 8751/2897/1057 8749/3087/1056
f 8752/3088/1057 8754/3089/1058 8753/3090/1058 8751/2897/1057
f 8754/3089/1058 8756/3091/1059 8755/2838/1059 8753/3090/1058
f 8756/3091/1059 8758/3025/1060 8757/2386/1060 8755/2838/1059
f 8758/3025/1060 8760/3092/1061 8759/2820/1061 8757/2386/1060
f 8760/3092/1061 8762/3093/1062 8761/3094/1062 8759/2820/1061
f 8762/3093/1062 8764/3095/1063 8763/2818/1063 8761/3094/1062
f 8764/3095/1063 8766/3096/1064 8765/3097/1064 8763/2818/1063
f 8766/3096/1064 8768/3098/1065 8767/2832/1065 8765/3097/1064
f 8768/3098/1065 8770/3099/1066 8769/3100/1066 8767/2832/1065
f 8770/3099/1066 8772/3101/1067 8771/2902/1067 8769/3100/1066
f 8772/3101/1067 8774/3102/1068 8773/3103/1068 8771/2902/1067
f 8774/3102/1068 8776/3104/1069 8775/2923/1069 8773/3103/1068
f 8776/3104/1069 8778/3105/1070 8777/3106/1070 8775/2923/1069
f 8778/3105/1070 8780/3107/1071 8779/2853/1071 8777/3106/1070
f 8780/3107/1071 8782/3108/1072 8781/3109/1072 8779/2853/1071
f 8782/3108/1072 8784/3110/1073 8783/2863/1073 8781/3109/1072
f 8784/3110/1073 8786/3111/1074 8785/3112/1074 8783/2863/1073
f 8786/3111/1074 8788/3113/1075 8787/2836/1075 8785/3112/1074
f 8788/3113/1075 8790/3114/1076 8789/3115/1076 8787/2836/1075
f 8790/3114/1076 8792/3116/1040 8791/2931/1040 8789/3115/1076
f 8792/3116/1040 8794/3117/1077 8793/3118/1077 8791/2931/1040
f 8794/3117/1077 8720/3064/1041 8719/2309/1041 8793/3118/1077
f 8796/2986/1489 8798/3897/1490 8797/2458/1490 8795/2298/1489
f 8798/3897/1490 8800/3898/1491 8799/2450/1491 8797/2458/1490
f 8800/3898/1491 8802/3899/1492 8801/2449/1492 8799/2450/1491
f 8802/3899/1492 8804/3900/1493 8803/2466/1493 8801/2449/1492
f 8804/3900/1493 8806/3901/1494 8805/2465/1494 8803/2466/1493
f 8806/3901/1494 8808/3902/1495 8807/2443/1495 8805/2465/1494
f 8808/3902/1495 8810/3903/1496 8809/2442/1496 8807/2443/1495
f 8810/3903/1496 8812/3904/1497 8811/2445/1497 8809/2442/1496
f 8812/3904/1497 8814/3905/1498 8813/2437/1498 8811/2445/1497
f 8814/3905/1498 8816/3906/1499 8815/2432/1499 8813/2437/1498
f 8816/3906/1499 8818/3907/1500 8817/2479/1500 8815/2432/1499
f 8818/3907/1500 8820/3908/1501 8819/2400/1501 8817/2479/1500
f 8820/3908/1501 8822/3909/1502 8821/2405/1502 8819/2400/1501
f 8822/3909/1502 8824/3910/1503 8823/2409/1503 8821/2405/1502
f 8824/3910/1503 8826/3911/1504 8825/2415/1504 8823/2409/1503
f 8826/3911/1504 8828/3912/1505 8827/2417/1505 8825/2415/1504
f 8828/3912/1505 8830/3913/1506 8829/2419/1506 8827/2417/1505
f 8830/3913/1506 8832/3914/1507 8831/2420/1507 8829/2419/1506
f 8832/3914/1507 8834/3915/1508 8833/2422/1508 8831/2420/1507
f 8834/3915/1508 8836/3916/1509 8835/2384/1509 8833/2422/1508
f 8836/3916/1509 8838/3917/1510 8837/2383/1510 8835/2384/1509
f 8838/3917/1510 8840/3918/1511 8839/2387/1511 8837/2383/1510
f 8840/3918/1511 8842/3919/1512 8841/2389/1512 8839/2387/1511
f 8842/3919/1512 8844/3920/1513 8843/2391/1513 8841/2389/1512
f 8844/3920/1513 8846/3921/1514 8845/2392/1514 8843/2391/1513
f 8846/3921/1514 8848/3922/1515 8847/2394/1515 8845/2392/1514
f 8848/3922/1515 8850/3923/1516 8849/2396/1516 8847/2394/1515
f 8850/3923/1516 8852/3924/1517 8851/2398/1517 8849/2396/1516
f 8852/3924/1517 8854/3925/1518 8853/2425/1518 8851/2398/1517
f 8854/3925/1518 8856/3926/1519 8855/2427/1519 8853/2425/1518
f 8856/3926/1519 8858/3927/1520 8857/2430/1520 8855/2427/1519
f 8858/3927/1520 8860/3928/1521 8859/2413/1521 8857/2430/1520
f 8860/3928/1521 8862/3929/1522 8861/2414/1522 8859/2413/1521
f 8862/3929/1522 8864/3930/1523 8863/2407/1523 8861/2414/1522
f 8864/3930/1523 8866/3931/1524 8865/2403/1524 8863/2407/1523
f 8866/3931/1524 8868/3932/1525 8867/2435/1525 8865/2403/1524
f 8868/3932/1525 8870/3933/1526 8869/2440/1526 8867/2435/1525
f 8870/3933/1526 8872/3934/1527 8871/2448/1527 8869/2440/1526
f 8872/3934/1527 8874/3935/1528 8873/2478/1528 8871/2448/1527
f 8874/3935/1528 8876/3936/1529 8875/2476/1529 8873/2478/1528
f 8876/3936/1529 8878/3937/1530 8877/2474/1530 8875/2476/1529
f 8878/3937/1530 8880/3938/1531 8879/2472/1531 8877/2474/1530
f 8880/3938/1531 8882/3939/1532 8881/2470/1532 8879/2472/1531
f 8882/3939/1532 8884/3940/1533 8883/2464/1533 8881/2470/1532
f 8884/3940/1533 8886/3941/1534 8885/2462/1534 8883/2464/1533
f 8886/3941/1534 8888/3942/1535 8887/2461/1535 8885/2462/1534
f 8888/3942/1535 8890/3943/1536 8889/2460/1536 8887/2461/1535
f 8890/3943/1536 8892/3944/1537 8891/2388/1537 8889/2460/1536
f 8892/3944/1537 8894/3025/1538 8893/2386/1538 8891/2388/1537
f 8894/3025/1538 8896/3945/1539 8895/2385/1539 8893/2386/1538
f 8896/3945/1539 8898/3946/1540 8897/2423/1540 8895/2385/1539
f 8898/3946/1540 8900/3947/1541 8899/2421/1541 8897/2423/1540
f 8900/3947/1541 8902/3948/1542 8901/2418/1542 8899/2421/1541
f 8902/3948/1542 8904/3949/1543 8903/2416/1543 8901/2418/1542
f 8904/3949/1543 8906/3950/1544 8905/2410/1544 8903/2416/1543
f 8906/3950/1544 8908/3951/1545 8907/2406/1545 8905/2410/1544
f 8908/3951/1545 8910/3952/1546 8909/2399/1546 8907/2406/1545
f 8910/3952/1546 8912/3953/1547 8911/2401/1547 8909/2399/1546
f 8912/3953/1547 8914/3954/1548 8913/2431/1548 8911/2401/1547
f 8914/3954/1548 8916/3955/1549 8915/2433/1549 8913/2431/1548
f 8916/3955/1549 8918/3956/1550 8917/2438/1550 8915/2433/1549
f 8918/3956/1550 8920/3957/1551 8919/2446/1551 8917/2438/1550
f 8920/3957/1551 8922/3958/1552 8921/2441/1552 8919/2446/1551
f 8922/3958/1552 8924/3959/1553 8923/2444/1553 8921/2441/1552
f 8924/3959/1553 8926/3960/1554 8925/2467/1554 8923/2444/1553
f 8926/3960/1554 8928/3961/1555 8927/2451/1555 8925/2467/1554
f 8928/3961/1555 8930/3962/1556 8929/2452/1556 8927/2451/1555
f 8930/3962/1556 8932/3963/1557 8931/2459/1557 8929/2452/1556
f 8932/3963/1557 8934/3964/1558 8933/2456/1558 8931/2459/1557
f 8934/3964/1558 8936/3965/1559 8935/2457/1559 8933/2456/1558
f 8936/3965/1559 8938/3966/1560 8937/2453/1560 8935/2457/1559
f 8938/3966/1560 8940/3967/1561 8939/2455/1561 8937/2453/1560
f 8940/3967/1561 8942/3968/1562 8941/2454/1562 8939/2455/1561
f 8942/3968/1562 8944/3969/1563 8943/2463/1563 8941/2454/1562
f 8944/3969/1563 8946/3970/1564 8945/2468/1564 8943/2463/1563
f 8946/3970/1564 8948/3971/1565 8947/2469/1565 8945/2468/1564
f 8948/3971/1565 8950/3972/1566 8949/2471/1566 8947/2469/1565
f 8950/3972/1566 8952/3973/1567 8951/2473/1567 8949/2471/1566
f 8952/3973/1567 8954/3974/1568 8953/2475/1568 8951/2473/1567
f 8954/3974/1568 8956/3975/1569 8955/2477/1569 8953/2475/1568
f 8956/3975/1569 8958/3976/1196 8957/2447/1196 8955/2477/1569
f 8958/3976/1196 8960/3977/1570 8959/2439/1570 8957/2447/1196
f 8960/3977/1570 8962/3978/1571 8961/2434/1571 8959/2439/1570
f 8962/3978/1571 8964/3979/1572 8963/2436/1572 8961/2434/1571
f 8964/3979/1572 8966/3980/1573 8965/2402/1573 8963/2436/1572
f 8966/3980/1573 8968/3981/1574 8967/2404/1574 8965/2402/1573
f 8968/3981/1574 8970/3982/1575 8969/2408/1575 8967/2404/1574
f 8970/3982/1575 8972/3983/1576 8971/2412/1576 8969/2408/1575
f 8972/3983/1576 8974/3984/1577 8973/2411/1577 8971/2412/1576
f 8974/3984/1577 8976/3985/1578 8975/2429/1578 8973/2411/1577
f 8976/3985/1578 8978/3986/1579 8977/2428/1579 8975/2429/1578
f 8978/3986/1579 8980/3987/1580 8979/2426/1580 8977/2428/1579
f 8980/3987/1580 8982/3988/1581 8981/2424/1581 8979/2426/1580
f 8982/3988/1581 8984/3989/1582 8983/2397/1582 8981/2424/1581
f 8984/3989/1582 8986/3990/1583 8985/2395/1583 8983/2397/1582
f 8986/3990/1583 8988/3991/1584 8987/2393/1584 8985/2395/1583
f 8988/3991/1584 8990/3992/1585 8989/2390/1585 8987/2393/1584
f 8990/3992/1585 8796/3064/1489 8795/2309/1489 8989/2390/1585
f 8992/2986/1586 8994/3993/1587 8993/3994/1587 8991/2298/1586
f 8994/3993/1587 8996/3995/1588 8995/3996/1588 8993/3994/1587
f 8996/3995/1588 8998/3997/1589 8997/3998/1589 8995/3996/1588
f 8998/3997/1589 9000/3999/1590 8999/4000/1590 8997/3998/1589
f 9000/3999/1590 9002/4001/1591 9001/4002/1591 8999/4000/1590
f 9002/4001/1591 9004/4003/1592 9003/4004/1592 9001/4002/1591
f 9004/4003/1592 9006/4005/1593 9005/4006/1593 9003/4004/1592
f 9006/4005/1593 9008/4007/1594 9007/4008/1594 9005/4006/1593
f 9008/4007/1594 9010/4009/1595 9009/4010/1595 9007/4008/1594
f 9010/4009/1595 9012/4011/1596 9011/4012/1596 9009/4010/1595
f 9012/4011/1596 9014/4013/1597 9013/4014/1597 9011/4012/1596
f 9014/4013/1597 9016/4015/1598 9015/4016/1598 9013/4014/1597
f 9016/4015/1598 9018/4017/1599 9017/4018/1599 9015/4016/1598
f 9018/4017/1599 9020/4019/1600 9019/4020/1600 9017/4018/1599
f 9020/4019/1600 9022/4021/1295 9021/4022/1295 9019/4020/1600
f 9022/4021/1295 9024/4023/1601 9023/4024/1601 9021/4022/1295
f 9024/4023/1601 9026/4025/1602 9025/4026/1602 9023/4024/1601
f 9026/4025/1602 9028/4027/1603 9027/4028/1603 9025/4026/1602
f 9028/4027/1603 9030/4029/1604 9029/4030/1604 9027/4028/1603
f 9030/4029/1604 9032/4031/1605 9031/4032/1605 9029/4030/1604
f 9032/4031/1605 9034/4033/1606 9033/4034/1606 9031/4032/1605
f 9034/4033/1606 9036/4035/1607 9035/4036/1607 9033/4034/1606
f 9036/4035/1607 9038/4037/1608 9037/4038/1608 9035/4036/1607
f 9038/4037/1608 9040/4039/1609 9039/4040/1609 9037/4038/1608
f 9040/4039/1609 9042/4041/1610 9041/4042/1610 9039/4040/1609
f 9042/4041/1610 9044/4043/1611 9043/4044/1611 9041/4042/1610
f 9044/4043/1611 9046/4045/1612 9045/4046/1612 9043/4044/1611
f 9046/4045/1612 9048/4047/1613 9047/4048/1613 9045/4046/1612
f 9048/4047/1613 9050/4049/1614 9049/4050/1614 9047/4048/1613
f 9050/4049/1614 9052/4051/1615 9051/4052/1615 9049/4050/1614
f 9052/4051/1615 9054/4053/1616 9053/4054/1616 9051/4052/1615
f 9054/4053/1616 9056/4055/1617 9055/4056/1617 9053/4054/1616
f 9056/4055/1617 9058/4057/1026 9057/4058/1026 9055/4056/1617
f 9058/4057/1026 9060/4059/1618 9059/4060/1618 9057/4058/1026
f 9060/4059/1618 9062/4061/1619 9061/4062/1619 9059/4060/1618
f 9062/4061/1619 9064/4063/1620 9063/4064/1620 9061/4062/1619
f 9064/4063/1620 9066/4065/1621 9065/4066/1621 9063/4064/1620
f 9066/4065/1621 9068/4067/1622 9067/4068/1622 9065/4066/1621
f 9068/4067/1622 9070/4069/1623 9069/4070/1623 9067/4068/1622
f 9070/4069/1623 9072/4071/1624 9071/4072/1624 9069/4070/1623
f 9072/4071/1624 9074/4073/1625 9073/4074/1625 9071/4072/1624
f 9074/4073/1625 9076/4075/1626 9075/4076/1626 9073/4074/1625
f 9076/4075/1626 9078/4077/1627 9077/4078/1627 9075/4076/1626
f 9078/4077/1627 9080/4079/1628 9079/4080/1628 9077/4078/1627
f 9080/4079/1628 9082/4081/1629 9081/4082/1629 9079/4080/1628
f 9082/4081/1629 9084/4083/1630 9083/4084/1630 9081/4082/1629
f 9084/4083/1630 9086/4085/1631 9085/4086/1631 9083/4084/1630
f 9086/4085/1631 9088/4087/1632 9087/4088/1632 9085/4086/1631
f 9088/4087/1632 9090/4089/1633 9089/4090/1633 9087/4088/1632
f 9090/4089/1633 9092/4091/1634 9091/4092/1634 9089/4090/1633
f 9092/4091/1634 9094/4093/1635 9093/4094/1635 9091/4092/1634
f 9094/4093/1635 9096/4095/1636 9095/4096/1636 9093/4094/1635
f 9096/4095/1636 9098/4097/1637 9097/4098/1637 9095/4096/1636
f 9098/4097/1637 9100/4099/1638 9099/4100/1638 9097/4098/1637
f 9100/4099/1638 9102/4101/1639 9101/4102/1639 9099/4100/1638
f 9102/4101/1639 9104/4103/1640 9103/4104/1640 9101/4102/1639
f 9104/4103/1640 9106/4105/1641 9105/4106/1641 9103/4104/1640
f 9106/4105/1641 9108/4107/1642 9107/4108/1642 9105/4106/1641
f 9108/4107/1642 9110/4109/1643 9109/4110/1643 9107/4108/1642
f 9110/4109/1643 9112/4111/1644 9111/4112/1644 9109/4110/1643
f 9112/4111/1644 9114/4113/1645 9113/4114/1645 9111/4112/1644
f 9114/4113/1645 9116/4115/1646 9115/4116/1646 9113/4114/1645
f 9116/4115/1646 9118/4117/1647 9117/4118/1647 9115/4116/1646
f 9118/4117/1647 9120/4119/1648 9119/4120/1648 9117/4118/1647
f 9120/4119/1648 9122/4121/1649 9121/4122/1649 9119/4120/1648
f 9122/4121/1649 9124/4123/1650 9123/4124/1650 9121/4122/1649
f 9124/4123/1650 9126/4125/1651 9125/4126/1651 9123/4124/1650
f 9126/4125/1651 9128/4127/1652 9127/4128/1652 9125/4126/1651
f 9128/4127/1652 9130/4129/1653 9129/4130/1653 9127/4128/1652
f 9130/4129/1653 9132/4131/1654 9131/4132/1654 9129/4130/1653
f 9132/4131/1654 9134/4133/1655 9133/4134/1655 9131/4132/1654
f 9134/4133/1655 9136/4135/1656 9135/4136/1656 9133/4134/1655
f 9136/4135/1656 9138/4137/1657 9137/4138/1657 9135/4136/1656
f 9138/4137/1657 9140/4139/1658 9139/4140/1658 9137/4138/1657
f 9140/4139/1658 9142/4141/1659 9141/4142/1659 9139/4140/1658
f 9142/4141/1659 9144/4143/1660 9143/4144/1660 9141/4142/1659
f 9144/4143/1660 9146/4145/1661 9145/4146/1661 9143/4144/1660
f 9146/4145/1661 9148/4147/1662 9147/4148/1662 9145/4146/1661
f 9148/4147/1662 9150/4149/1663 9149/4150/1663 9147/4148/1662
f 9150/4149/1663 9152/4151/1664 9151/4152/1664 9149/4150/1663
f 9152/4151/1664 9154/4153/1665 9153/4154/1665 9151/4152/1664
f 9154/4153/1665 9156/4155/1666 9155/4156/1666 9153/4154/1665
f 9156/4155/1666 9158/4157/1667 9157/4158/1667 9155/4156/1666
f 9158/4157/1667 9160/4159/1668 9159/4160/1668 9157/4158/1667
f 9160/4159/1668 9162/4161/1669 9161/4162/1669 9159/4160/1668
f 9162/4161/1669 9164/4163/1670 9163/4164/1670 9161/4162/1669
f 9164/4163/1670 9166/4165/1671 9165/4166/1671 9163/4164/1670
f 9166/4165/1671 9168/4167/1672 9167/4168/1672 9165/4166/1671
f 9168/4167/1672 9170/4169/1673 9169/4170/1673 9167/4168/1672
f 9170/4169/1673 9172/4171/1674 9171/4172/1674 9169/4170/1673
f 9172/4171/1674 9174/4173/1675 9173/4174/1675 9171/4172/1674
f 9174/4173/1675 9176/4175/1676 9175/4176/1676 9173/4174/1675
f 9176/4175/1676 9178/4177/1677 9177/4178/1677 9175/4176/1676
f 9178/4177/1677 9180/4179/1678 9179/4180/1678 9177/4178/1677
f 9180/4179/1678 9182/4181/1679 9181/4182/1679 9179/4180/1678
f 9182/4181/1679 9184/4183/1680 9183/4184/1680 9181/4182/1679
f 9184/4183/1680 9186/4185/1681 9185/4186/1681 9183/4184/1680
f 9186/4185/1681 9188/4187/1682 9187/4188/1682 9185/4186/1681
f 9188/4187/1682 9190/4189/1683 9189/4190/1683 9187/4188/1682
f 9190/4189/1683 9192/4191/1684 9191/4192/1684 9189/4190/1683
f 9192/4191/1684 9194/4193/1685 9193/4194/1685 9191/4192/1684
f 9194/4193/1685 9196/4195/1686 9195/4196/1686 9193/4194/1685
f 9196/4195/1686 9198/4197/1687 9197/4198/1687 9195/4196/1686
f 9198/4197/1687 9200/4199/1688 9199/4200/1688 9197/4198/1687
f 9200/4199/1688 9202/4201/1689 9201/4202/1689 9199/4200/1688
f 9202/4201/1689 9204/4203/1690 9203/4204/1690 9201/4202/1689
f 9204/4203/1690 9206/4205/1691 9205/4206/1691 9203/4204/1690
f 9206/4205/1691 9208/4207/1692 9207/4208/1692 9205/4206/1691
f 9208/4207/1692 9210/4209/1693 9209/4210/1693 9207/4208/1692
f 9210/4209/1693 9212/4211/1694 9211/4212/1694 9209/4210/1693
f 9212/4211/1694 9214/4213/1695 9213/4214/1695 9211/4212/1694
f 9214/4213/1695 9216/4215/1696 9215/4216/1696 9213/4214/1695
f 9216/4215/1696 9218/4217/1697 9217/4218/1697 9215/4216/1696
f 9218/4217/1697 9220/4219/1698 9219/4220/1698 9217/4218/1697
f 9220/4219/1698 9222/4221/1699 9221/4222/1699 9219/4220/1698
f 9222/4221/1699 9224/4223/1700 9223/4224/1700 9221/4222/1699
f 9224/4223/1700 9226/4225/1701 9225/4226/1701 9223/4224/1700
f 9226/4225/1701 9228/4227/1702 9227/4228/1702 9225/4226/1701
f 9228/4227/1702 9230/4229/1703 9229/4230/1703 9227/4228/1702
f 9230/4229/1703 9232/4231/1704 9231/4232/1704 9229/4230/1703
f 9232/4231/1704 9234/4233/1705 9233/4234/1705 9231/4232/1704
f 9234/4233/1705 9236/4235/1706 9235/4236/1706 9233/4234/1705
f 9236/4235/1706 9238/4237/1707 9237/4238/1707 9235/4236/1706
f 9238/4237/1707 9240/4239/1708 9239/4240/1708 9237/4238/1707
f 9240/4239/1708 9242/4241/1709 9241/4242/1709 9239/4240/1708
f 9242/4241/1709 9244/4243/1710 9243/4244/1710 9241/4242/1709
f 9244/4243/1710 9246/4245/1711 9245/4246/1711 9243/4244/1710
f 9246/4245/1711 9248/4247/1712 9247/4248/1712 9245/4246/1711
f 9248/4247/1712 9250/4249/1713 9249/4250/1713 9247/4248/1712
f 9250/4249/1713 9252/4251/1714 9251/4252/1714 9249/4250/1713
f 9252/4251/1714 9254/4253/1715 9253/4254/1715 9251/4252/1714
f 9254/4253/1715 9256/4255/1716 9255/4256/1716 9253/4254/1715
f 9256/4255/1716 9258/4257/1717 9257/4258/1717 9255/4256/1716
f 9258/4257/1717 9260/4259/1718 9259/4260/1718 9257/4258/1717
f 9260/4259/1718 9262/4261/1719 9261/4262/1719 9259/4260/1718
f 9262/4261/1719 9264/4263/1720 9263/4264/1720 9261/4262/1719
f 9264/4263/1720 8992/3064/1586 8991/2309/1586 9263/4264/1720
f 9266/2986/1721 9268/3211/1722 9267/3212/1722 9265/2298/1721
f 9268/3211/1722 9270/3215/1723 9269/3216/1723 9267/3212/1722
f 9270/3215/1723 9272/3219/1724 9271/3220/1724 9269/3216/1723
f 9272/3219/1724 9274/3223/1725 9273/3224/1725 9271/3220/1724
f 9274/3223/1725 9276/3227/1726 9275/3228/1726 9273/3224/1725
f 9276/3227/1726 9278/3231/1727 9277/3232/1727 9275/3228/1726
f 9278/3231/1727 9280/3235/1728 9279/3236/1728 9277/3232/1727
f 9280/3235/1728 9282/3239/1729 9281/3240/1729 9279/3236/1728
f 9282/3239/1729 9284/3243/1730 9283/3244/1730 9281/3240/1729
f 9284/3243/1730 9286/3247/1731 9285/3248/1731 9283/3244/1730
f 9286/3247/1731 9288/3251/1732 9287/3252/1732 9285/3248/1731
f 9288/3251/1732 9290/3255/1733 9289/3256/1733 9287/3252/1732
f 9290/3255/1733 9292/3259/1734 9291/3260/1734 9289/3256/1733
f 9292/3259/1734 9294/3263/1735 9293/3264/1735 9291/3260/1734
f 9294/3263/1735 9296/3267/1736 9295/3268/1736 9293/3264/1735
f 9296/3267/1736 9298/3271/1737 9297/3272/1737 9295/3268/1736
f 9298/3271/1737 9300/3275/1738 9299/3276/1738 9297/3272/1737
f 9300/3275/1738 9302/3279/1739 9301/3280/1739 9299/3276/1738
f 9302/3279/1739 9304/3281/1740 9303/3282/1740 9301/3280/1739
f 9304/3281/1740 9306/3285/1741 9305/3286/1741 9303/3282/1740
f 9306/3285/1741 9308/3289/1742 9307/3290/1742 9305/3286/1741
f 9308/3289/1742 9310/3293/1743 9309/3294/1743 9307/3290/1742
f 9310/3293/1743 9312/3297/1744 9311/3298/1744 9309/3294/1743
f 9312/3297/1744 9314/3301/1745 9313/3302/1745 9311/3298/1744
f 9314/3301/1745 9316/3305/1746 9315/3306/1746 9313/3302/1745
f 9316/3305/1746 9318/3309/1747 9317/3310/1747 9315/3306/1746
f 9318/3309/1747 9320/3313/1748 9319/3314/1748 9317/3310/1747
f 9320/3313/1748 9322/3317/1749 9321/3318/1749 9319/3314/1748
f 9322/3317/1749 9324/3321/1750 9323/3322/1750 9321/3318/1749
f 9324/3321/1750 9326/3325/1751 9325/3326/1751 9323/3322/1750
f 9326/3325/1751 9328/3329/1752 9327/3330/1752 9325/3326/1751
f 9328/3329/1752 9330/3333/1753 9329/3334/1753 9327/3330/1752
f 9330/3333/1753 9332/3337/1754 9331/3338/1754 9329/3334/1753
f 9332/3337/1754 9334/3341/1755 9333/3342/1755 9331/3338/1754
f 9334/3341/1755 9336/3345/1756 9335/3346/1756 9333/3342/1755
f 9336/3345/1756 9338/3349/1757 9337/3350/1757 9335/3346/1756
f 9338/3349/1757 9266/3064/1721 9265/2309/1721 9337/3350/1757
f 9340/2986/1129 9342/3209/1130 9341/3210/1130 9339/2298/1129
f 9342/3209/1130 9344/3211/1131 9343/3212/1131 9341/3210/1130
f 9344/3211/1131 9346/3213/1132 9345/3214/1132 9343/3212/1131
f 9346/3213/1132 9348/3215/1133 9347/3216/1133 9345/3214/1132
f 9348/3215/1133 9350/3217/1134 9349/3218/1134 9347/3216/1133
f 9350/3217/1134 9352/3219/1135 9351/3220/1135 9349/3218/1134
f 9352/3219/1135 9354/3221/1136 9353/3222/1136 9351/3220/1135
f 9354/3221/1136 9356/3223/1137 9355/3224/1137 9353/3222/1136
f 9356/3223/1137 9358/3225/1138 9357/3226/1138 9355/3224/1137
f 9358/3225/1138 9360/3227/1139 9359/3228/1139 9357/3226/1138
f 9360/3227/1139 9362/3229/1140 9361/3230/1140 9359/3228/1139
f 9362/3229/1140 9364/3231/1141 9363/3232/1141 9361/3230/1140
f 9364/3231/1141 9366/3233/1142 9365/3234/1142 9363/3232/1141
f 9366/3233/1142 9368/3235/1143 9367/3236/1143 9365/3234/1142
f 9368/3235/1143 9370/3237/1144 9369/3238/1144 9367/3236/1143
f 9370/3237/1144 9372/3239/1145 9371/3240/1145 9369/3238/1144
f 9372/3239/1145 9374/3241/1146 9373/3242/1146 9371/3240/1145
f 9374/3241/1146 9376/3243/1147 9375/3244/1147 9373/3242/1146
f 9376/3243/1147 9378/3245/1148 9377/3246/1148 9375/3244/1147
f 9378/3245/1148 9380/3247/1149 9379/3248/1149 9377/3246/1148
f 9380/3247/1149 9382/3249/1150 9381/3250/1150 9379/3248/1149
f 9382/3249/1150 9384/3251/1151 9383/3252/1151 9381/3250/1150
f 9384/3251/1151 9386/3253/1152 9385/3254/1152 9383/3252/1151
f 9386/3253/1152 9388/3255/1153 9387/3256/1153 9385/3254/1152
f 9388/3255/1153 9390/3257/1154 9389/3258/1154 9387/3256/1153
f 9390/3257/1154 9392/3259/1155 9391/3260/1155 9389/3258/1154
f 9392/3259/1155 9394/3261/1156 9393/3262/1156 9391/3260/1155
f 9394/3261/1156 9396/3263/1157 9395/3264/1157 9393/3262/1156
f 9396/3263/1157 9398/3265/1158 9397/3266/1158 9395/3264/1157
f 9398/3265/1158 9400/3267/1159 9399/3268/1159 9397/3266/1158
f 9400/3267/1159 9402/3269/1160 9401/3270/1160 9399/3268/1159
f 9402/3269/1160 9404/3271/1161 9403/3272/1161 9401/3270/1160
f 9404/3271/1161 9406/3273/1162 9405/3274/1162 9403/3272/1161
f 9406/3273/1162 9408/3275/1163 9407/3276/1163 9405/3274/1162
f 9408/3275/1163 9410/3277/1164 9409/3278/1164 9407/3276/1163
f 9410/3277/1164 9412/3279/1165 9411/3280/1165 9409/3278/1164
f 9412/3279/1165 9414/3025/1166 9413/2386/1166 9411/3280/1165
f 9414/3025/1166 9416/3281/1167 9415/3282/1167 9413/2386/1166
f 9416/3281/1167 9418/3283/1168 9417/3284/1168 9415/3282/1167
f 9418/3283/1168 9420/3285/1169 9419/3286/1169 9417/3284/1168
f 9420/3285/1169 9422/3287/1170 9421/3288/1170 9419/3286/1169
f 9422/3287/1170 9424/3289/1171 9423/3290/1171 9421/3288/1170
f 9424/3289/1171 9426/3291/1172 9425/3292/1172 9423/3290/1171
f 9426/3291/1172 9428/3293/1173 9427/3294/1173 9425/3292/1172
f 9428/3293/1173 9430/3295/1174 9429/3296/1174 9427/3294/1173
f 9430/3295/1174 9432/3297/1175 9431/3298/1175 9429/3296/1174
f 9432/3297/1175 9434/3299/1176 9433/3300/1176 9431/3298/1175
f 9434/3299/1176 9436/3301/1177 9435/3302/1177 9433/3300/1176
f 9436/3301/1177 9438/3303/1178 9437/3304/1178 9435/3302/1177
f 9438/3303/1178 9440/3305/1179 9439/3306/1179 9437/3304/1178
f 9440/3305/1179 9442/3307/1180 9441/3308/1180 9439/3306/1179
f 9442/3307/1180 9444/3309/1181 9443/3310/1181 9441/3308/1180
f 9444/3309/1181 9446/3311/1182 9445/3312/1182 9443/3310/1181
f 9446/3311/1182 9448/3313/1183 9447/3314/1183 9445/3312/1182
f 9448/3313/1183 9450/3315/1184 9449/3316/1184 9447/3314/1183
f 9450/3315/1184 9452/3317/1185 9451/3318/1185 9449/3316/1184
f 9452/3317/1185 9454/3319/1186 9453/3320/1186 9451/3318/1185
f 9454/3319/1186 9456/3321/1187 9455/3322/1187 9453/3320/1186
f 9456/3321/1187 9458/3323/1188 9457/3324/1188 9455/3322/1187
f 9458/3323/1188 9460/3325/1189 9459/3326/1189 9457/3324/1188
f 9460/3325/1189 9462/3327/1190 9461/3328/1190 9459/3326/1189
f 9462/3327/1190 9464/3329/1191 9463/3330/1191 9461/3328/1190
f 9464/3329/1191 9466/3331/1192 9465/3332/1192 9463/3330/1191
f 9466/3331/1192 9468/3333/1193 9467/3334/1193 9465/3332/1192
f 9468/3333/1193 9470/3335/1194 9469/3336/1194 9467/3334/1193
f 9470/3335/1194 9472/3337/1195 9471/3338/1195 9469/3336/1194
f 9472/3337/1195 9474/3339/1196 9473/3340/1196 9471/3338/1195
f 9474/3339/1196 9476/3341/1197 9475/3342/1197 9473/3340/1196
f 9476/3341/1197 9478/3343/1198 9477/3344/1198 9475/3342/1197
f 9478/3343/1198 9480/3345/1199 9479/3346/1199 9477/3344/1198
f 9480/3345/1199 9482/3347/1200 9481/3348/1200 9479/3346/1199
f 9482/3347/1200 9484/3349/1201 9483/3350/1201 9481/3348/1200
f 9484/3349/1201 9486/3351/1202 9485/3352/1202 9483/3350/1201
f 9486/3351/1202 9340/3064/1129 9339/2309/1129 9485/3352/1202
f 9488/2986/1203 9490/3353/1204 9489/3354/1204 9487/2298/1203
f 9490/3353/1204 9492/3355/1205 9491/3356/1205 9489/3354/1204
f 9492/3355/1205 9494/3357/1206 9493/3358/1206 9491/3356/1205
f 9494/3357/1206 9496/3359/1207 9495/3360/1207 9493/3358/1206
f 9496/3359/1207 9498/3001/1208 9497/3002/1208 9495/3360/1207
f 9498/3001/1208 9500/3361/1209 9499/3362/1209 9497/3002/1208
f 9500/3361/1209 9502/3363/1758 9501/3364/1758 9499/3362/1209
f 9502/3363/1758 9504/3365/1211 9503/3366/1211 9501/3364/1758
f 9504/3365/1211 9506/3367/1212 9505/3368/1212 9503/3366/1211
f 9506/3367/1212 9508/3017/1213 9507/3018/1213 9505/3368/1212
f 9508/3017/1213 9510/3369/1214 9509/3370/1214 9507/3018/1213
f 9510/3369/1214 9512/3371/1215 9511/3372/1215 9509/3370/1214
f 9512/3371/1215 9514/3373/1216 9513/3374/1216 9511/3372/1215
f 9514/3373/1216 9516/3375/1217 9515/3376/1217 9513/3374/1216
f 9516/3375/1217 9518/3032/1218 9517/3033/1218 9515/3376/1217
f 9518/3032/1218 9520/3377/1219 9519/3378/1219 9517/3033/1218
f 9520/3377/1219 9522/3379/1220 9521/3380/1220 9519/3378/1219
f 9522/3379/1220 9524/3381/1759 9523/3382/1759 9521/3380/1220
f 9524/3381/1759 9526/3383/1222 9525/3384/1222 9523/3382/1759
f 9526/3383/1222 9528/3048/1223 9527/3049/1223 9525/3384/1222
f 9528/3048/1223 9530/3385/1224 9529/3386/1224 9527/3049/1223
f 9530/3385/1224 9532/3387/1225 9531/3388/1225 9529/3386/1224
f 9532/3387/1225 9534/3389/1226 9533/3390/1226 9531/3388/1225
f 9534/3389/1226 9536/3391/1227 9535/3392/1227 9533/3390/1226
f 9536/3391/1227 9488/3064/1203 9487/2309/1203 9535/3392/1227
f 9538/2986/1760 9540/3209/1761 9539/3210/1761 9537/2298/1760
f 9540/3209/1761 9542/3211/1762 9541/3212/1762 9539/3210/1761
f 9542/3211/1762 9544/3213/1763 9543/3214/1763 9541/3212/1762
f 9544/3213/1763 9546/3215/1764 9545/3216/1764 9543/3214/1763
f 9546/3215/1764 9548/3217/1765 9547/3218/1765 9545/3216/1764
f 9548/3217/1765 9550/3219/1766 9549/3220/1766 9547/3218/1765
f 9550/3219/1766 9552/3221/1767 9551/3222/1767 9549/3220/1766
f 9552/3221/1767 9554/3223/1768 9553/3224/1768 9551/3222/1767
f 9554/3223/1768 9556/3225/1769 9555/3226/1769 9553/3224/1768
f 9556/3225/1769 9558/3227/1770 9557/3228/1770 9555/3226/1769
f 9558/3227/1770 9560/3229/1771 9559/3230/1771 9557/3228/1770
f 9560/3229/1771 9562/3231/1275 9561/3232/1275 9559/3230/1771
f 9562/3231/1275 9564/3233/1772 9563/3234/1772 9561/3232/1275
f 9564/3233/1772 9566/3235/1773 9565/3236/1773 9563/3234/1772
f 9566/3235/1773 9568/3237/1774 9567/3238/1774 9565/3236/1773
f 9568/3237/1774 9570/3239/1775 9569/3240/1775 9567/3238/1774
f 9570/3239/1775 9572/3241/1776 9571/3242/1776 9569/3240/1775
f 9572/3241/1776 9574/3243/1777 9573/3244/1777 9571/3242/1776
f 9574/3243/1777 9576/3245/1778 9575/3246/1778 9573/3244/1777
f 9576/3245/1778 9578/3247/1779 9577/3248/1779 9575/3246/1778
f 9578/3247/1779 9580/3249/1780 9579/3250/1780 9577/3248/1779
f 9580/3249/1780 9582/3251/1781 9581/3252/1781 9579/3250/1780
f 9582/3251/1781 9584/3253/1782 9583/3254/1782 9581/3252/1781
f 9584/3253/1782 9586/3255/1783 9585/3256/1783 9583/3254/1782
f 9586/3255/1783 9588/3257/1784 9587/3258/1784 9585/3256/1783
f 9588/3257/1784 9590/3259/1785 9589/3260/1785 9587/3258/1784
f 9590/3259/1785 9592/3261/1786 9591/3262/1786 9589/3260/1785
f 9592/3261/1786 9594/3263/1787 9593/3264/1787 9591/3262/1786
f 9594/3263/1787 9596/3265/1788 9595/3266/1788 9593/3264/1787
f 9596/3265/1788 9598/3267/1789 9597/3268/1789 9595/3266/1788
f 9598/3267/1789 9600/3269/1790 9599/3270/1790 9597/3268/1789
f 9600/3269/1790 9602/3271/1791 9601/3272/1791 9599/3270/1790
f 9602/3271/1791 9604/3273/1792 9603/3274/1792 9601/3272/1791
f 9604/3273/1792 9606/3275/1793 9605/3276/1793 9603/3274/1792
f 9606/3275/1793 9608/3277/1794 9607/3278/1794 9605/3276/1793
f 9608/3277/1794 9610/3279/1795 9609/3280/1795 9607/3278/1794
f 9610/3279/1795 9612/3025/1796 9611/2386/1796 9609/3280/1795
f 9612/3025/1796 9614/3281/1797 9613/3282/1797 9611/2386/1796
f 9614/3281/1797 9616/3283/1798 9615/3284/1798 9613/3282/1797
f 9616/3283/1798 9618/3285/1799 9617/3286/1799 9615/3284/1798
f 9618/3285/1799 9620/3287/1800 9619/3288/1800 9617/3286/1799
f 9620/3287/1800 9622/3289/1801 9621/3290/1801 9619/3288/1800
f 9622/3289/1801 9624/3291/1802 9623/3292/1802 9621/3290/1801
f 9624/3291/1802 9626/3293/1803 9625/3294/1803 9623/3292/1802
f 9626/3293/1803 9628/3295/1804 9627/3296/1804 9625/3294/1803
f 9628/3295/1804 9630/3297/1805 9629/3298/1805 9627/3296/1804
f 9630/3297/1805 9632/3299/1806 9631/3300/1806 9629/3298/1805
f 9632/3299/1806 9634/3301/1807 9633/3302/1807 9631/3300/1806
f 9634/3301/1807 9636/3303/1808 9635/3304/1808 9633/3302/1807
f 9636/3303/1808 9638/3305/1809 9637/3306/1809 9635/3304/1808
f 9638/3305/1809 9640/3307/1810 9639/3308/1810 9637/3306/1809
f 9640/3307/1810 9642/3309/1811 9641/3310/1811 9639/3308/1810
f 9642/3309/1811 9644/3311/1812 9643/3312/1812 9641/3310/1811
f 9644/3311/1812 9646/3313/1813 9645/3314/1813 9643/3312/1812
f 9646/3313/1813 9648/3315/1814 9647/3316/1814 9645/3314/1813
f 9648/3315/1814 9650/3317/1815 9649/3318/1815 9647/3316/1814
f 9650/3317/1815 9652/3319/1816 9651/3320/1816 9649/3318/1815
f 9652/3319/1816 9654/3321/1817 9653/3322/1817 9651/3320/1816
f 9654/3321/1817 9656/3323/1818 9655/3324/1818 9653/3322/1817
f 9656/3323/1818 9658/3325/1819 9657/3326/1819 9655/3324/1818
f 9658/3325/1819 9660/3327/1820 9659/3328/1820 9657/3326/1819
f 9660/3327/1820 9662/3329/1821 9661/3330/1821 9659/3328/1820
f 9662/3329/1821 9664/3331/1822 9663/3332/1822 9661/3330/1821
f 9664/3331/1822 9666/3333/1823 9665/3334/1823 9663/3332/1822
f 9666/3333/1823 9668/3335/1824 9667/3336/1824 9665/3334/1823
f 9668/3335/1824 9670/3337/1825 9669/3338/1825 9667/3336/1824
f 9670/3337/1825 9672/3339/1826 9671/3340/1826 9669/3338/1825
f 9672/3339/1826 9674/3341/1827 9673/3342/1827 9671/3340/1826
f 9674/3341/1827 9676/3343/1828 9675/3344/1828 9673/3342/1827
f 9676/3343/1828 9678/3345/1829 9677/3346/1829 9675/3344/1828
f 9678/3345/1829 9680/3347/1830 9679/3348/1830 9677/3346/1829
f 9680/3347/1830 9682/3349/1831 9681/3350/1831 9679/3348/1830
f 9682/3349/1831 9684/3351/1832 9683/3352/1832 9681/3350/1831
f 9684/3351/1832 9538/3064/1760 9537/2309/1760 9683/3352/1832
f 9686/2986/1833 9688/4265/1834 9687/4266/1834 9685/2298/1833
f 9688/4265/1834 9690/4267/1835 9689/4268/1835 9687/4266/1834
f 9690/4267/1835 9692/4269/1836 9691/4270/1836 9689/4268/1835
f 9692/4269/1836 9694/4271/1837 9693/4272/1837 9691/4270/1836
f 9694/4271/1837 9696/4273/1040 9695/4274/1040 9693/4272/1837
f 9696/4273/1040 9698/2995/1838 9697/2996/1838 9695/4274/1040
f 9698/2995/1838 9700/4275/1839 9699/4276/1839 9697/2996/1838
f 9700/4275/1839 9702/4277/1840 9701/2984/1840 9699/4276/1839
f 9702/4277/1840 9704/4278/1841 9703/4279/1841 9701/2984/1840
f 9704/4278/1841 9706/4280/1842 9705/4281/1842 9703/4279/1841
f 9706/4280/1842 9708/4282/1795 9707/4283/1795 9705/4281/1842
f 9708/4282/1795 9710/3005/1843 9709/3006/1843 9707/4283/1795
f 9710/3005/1843 9712/4284/1844 9711/4285/1844 9709/3006/1843
f 9712/4284/1844 9714/4286/1845 9713/4287/1845 9711/4285/1844
f 9714/4286/1845 9716/4288/1846 9715/4289/1846 9713/4287/1845
f 9716/4288/1846 9718/4290/1847 9717/2981/1847 9715/4289/1846
f 9718/4290/1847 9720/4291/1001 9719/4292/1001 9717/2981/1847
f 9720/4291/1001 9722/3015/1848 9721/3016/1848 9719/4292/1001
f 9722/3015/1848 9724/4293/1849 9723/4294/1849 9721/3016/1848
f 9724/4293/1849 9726/4295/1850 9725/4296/1850 9723/4294/1849
f 9726/4295/1850 9728/4297/1851 9727/4298/1851 9725/4296/1850
f 9728/4297/1851 9730/4299/1852 9729/4300/1852 9727/4298/1851
f 9730/4299/1852 9732/4301/1853 9731/4302/1853 9729/4300/1852
f 9732/4301/1853 9734/3025/1854 9733/2386/1854 9731/4302/1853
f 9734/3025/1854 9736/4303/1855 9735/4304/1855 9733/2386/1854
f 9736/4303/1855 9738/4305/1856 9737/4306/1856 9735/4304/1855
f 9738/4305/1856 9740/4307/1857 9739/4308/1857 9737/4306/1856
f 9740/4307/1857 9742/4309/1858 9741/4310/1858 9739/4308/1857
f 9742/4309/1858 9744/4311/1002 9743/4312/1002 9741/4310/1858
f 9744/4311/1002 9746/3034/1859 9745/3035/1859 9743/4312/1002
f 9746/3034/1859 9748/4313/1860 9747/4314/1860 9745/3035/1859
f 9748/4313/1860 9750/4315/1861 9749/2958/1861 9747/4314/1860
f 9750/4315/1861 9752/4316/1862 9751/4317/1862 9749/2958/1861
f 9752/4316/1862 9754/4318/1863 9753/4319/1863 9751/4317/1862
f 9754/4318/1863 9756/4320/1832 9755/4321/1832 9753/4319/1863
f 9756/4320/1832 9758/3044/1864 9757/3045/1864 9755/4321/1832
f 9758/3044/1864 9760/4322/1865 9759/4323/1865 9757/3045/1864
f 9760/4322/1865 9762/4324/1866 9761/4325/1866 9759/4323/1865
f 9762/4324/1866 9764/4326/1867 9763/4327/1867 9761/4325/1866
f 9764/4326/1867 9766/4328/1868 9765/2942/1868 9763/4327/1867
f 9766/4328/1868 9768/4329/1078 9767/4330/1078 9765/2942/1868
f 9768/4329/1078 9770/3054/1869 9769/3055/1869 9767/4330/1078
f 9770/3054/1869 9772/4331/1870 9771/4332/1870 9769/3055/1869
f 9772/4331/1870 9774/4333/1871 9773/4334/1871 9771/4332/1870
f 9774/4333/1871 9776/4335/1872 9775/4336/1872 9773/4334/1871
f 9776/4335/1872 9778/4337/1873 9777/4338/1873 9775/4336/1872
f 9778/4337/1873 9780/4339/1874 9779/4340/1874 9777/4338/1873
f 9780/4339/1874 9686/3064/1833 9685/2309/1833 9779/4340/1874
